// Generated by tools/v100/embed_tilelang_cubin.py. Do not edit.
// Native SM70 cubins compiled from the manifest-pinned TileLang CUDA export.

// partial.cubin bytes=80096 sha256=8b465a2b903f72fd1181abc2fbb95a5e3b2245a42e21bff901166893cf9f85eb
alignas(8) static constexpr char kDFlashTileLangPartialCubin[] =
"\x7f\x45\x4c\x46\x02\x01\x01\x33\x07\x00\x00\x00\x00\x00\x00\x00\x02\x00\xbe\x00\x80\x00\x00\x00\x00\x00\x00\x00\x00\x00\x00\x00"
"\x00\x38\x01\x00\x00\x00\x00\x00\x00\x34\x01\x00\x00\x00\x00\x00\x46\x05\x46\x00\x40\x00\x38\x00\x04\x00\x40\x00\x10\x00\x01\x00"
"\x00\x2e\x73\x68\x73\x74\x72\x74\x61\x62\x00\x2e\x73\x74\x72\x74\x61\x62\x00\x2e\x73\x79\x6d\x74\x61\x62\x00\x2e\x73\x79\x6d\x74"
"\x61\x62\x5f\x73\x68\x6e\x64\x78\x00\x2e\x6e\x76\x2e\x69\x6e\x66\x6f\x00\x2e\x74\x65\x78\x74\x2e\x6d\x61\x69\x6e\x5f\x6b\x65\x72"
"\x6e\x65\x6c\x00\x2e\x6e\x76\x2e\x69\x6e\x66\x6f\x2e\x6d\x61\x69\x6e\x5f\x6b\x65\x72\x6e\x65\x6c\x00\x2e\x6e\x76\x2e\x73\x68\x61"
"\x72\x65\x64\x2e\x6d\x61\x69\x6e\x5f\x6b\x65\x72\x6e\x65\x6c\x00\x2e\x6e\x76\x2e\x67\x6c\x6f\x62\x61\x6c\x00\x2e\x6e\x76\x2e\x63"
"\x6f\x6e\x73\x74\x61\x6e\x74\x34\x00\x2e\x6e\x76\x2e\x63\x6f\x6e\x73\x74\x61\x6e\x74\x30\x2e\x6d\x61\x69\x6e\x5f\x6b\x65\x72\x6e"
"\x65\x6c\x00\x2e\x72\x65\x6c\x2e\x6e\x76\x2e\x63\x6f\x6e\x73\x74\x61\x6e\x74\x30\x2e\x6d\x61\x69\x6e\x5f\x6b\x65\x72\x6e\x65\x6c"
"\x00\x2e\x64\x65\x62\x75\x67\x5f\x66\x72\x61\x6d\x65\x00\x2e\x72\x65\x6c\x2e\x6e\x76\x2e\x63\x6f\x6e\x73\x74\x61\x6e\x74\x34\x00"
"\x2e\x72\x65\x6c\x2e\x64\x65\x62\x75\x67\x5f\x66\x72\x61\x6d\x65\x00\x2e\x72\x65\x6c\x61\x2e\x64\x65\x62\x75\x67\x5f\x66\x72\x61"
"\x6d\x65\x00\x2e\x6e\x76\x2e\x63\x61\x6c\x6c\x67\x72\x61\x70\x68\x00\x2e\x6e\x76\x2e\x70\x72\x6f\x74\x6f\x74\x79\x70\x65\x00\x2e"
"\x6e\x76\x2e\x72\x65\x6c\x2e\x61\x63\x74\x69\x6f\x6e\x00\x00\x2e\x73\x68\x73\x74\x72\x74\x61\x62\x00\x2e\x73\x74\x72\x74\x61\x62"
"\x00\x2e\x73\x79\x6d\x74\x61\x62\x00\x2e\x73\x79\x6d\x74\x61\x62\x5f\x73\x68\x6e\x64\x78\x00\x2e\x6e\x76\x2e\x69\x6e\x66\x6f\x00"
"\x2e\x74\x65\x78\x74\x2e\x6d\x61\x69\x6e\x5f\x6b\x65\x72\x6e\x65\x6c\x00\x2e\x6e\x76\x2e\x69\x6e\x66\x6f\x2e\x6d\x61\x69\x6e\x5f"
"\x6b\x65\x72\x6e\x65\x6c\x00\x2e\x6e\x76\x2e\x73\x68\x61\x72\x65\x64\x2e\x6d\x61\x69\x6e\x5f\x6b\x65\x72\x6e\x65\x6c\x00\x2e\x6e"
"\x76\x2e\x67\x6c\x6f\x62\x61\x6c\x00\x5f\x5a\x4e\x34\x31\x5f\x49\x4e\x54\x45\x52\x4e\x41\x4c\x5f\x63\x66\x37\x30\x30\x66\x38\x31"
"\x5f\x31\x30\x5f\x70\x61\x72\x74\x69\x61\x6c\x5f\x63\x75\x5f\x31\x62\x36\x33\x65\x30\x38\x35\x34\x63\x75\x64\x61\x33\x73\x74\x64"
"\x33\x5f\x5f\x34\x35\x5f\x5f\x63\x70\x6f\x35\x62\x65\x67\x69\x6e\x45\x00\x2e\x6e\x76\x2e\x63\x6f\x6e\x73\x74\x61\x6e\x74\x34\x00"
"\x5f\x5a\x4e\x34\x31\x5f\x49\x4e\x54\x45\x52\x4e\x41\x4c\x5f\x63\x66\x37\x30\x30\x66\x38\x31\x5f\x31\x30\x5f\x70\x61\x72\x74\x69"
"\x61\x6c\x5f\x63\x75\x5f\x31\x62\x36\x33\x65\x30\x38\x35\x34\x63\x75\x64\x61\x33\x73\x74\x64\x33\x5f\x5f\x34\x35\x5f\x5f\x63\x70"
"\x6f\x33\x65\x6e\x64\x45\x00\x5f\x5a\x4e\x34\x31\x5f\x49\x4e\x54\x45\x52\x4e\x41\x4c\x5f\x63\x66\x37\x30\x30\x66\x38\x31\x5f\x31"
"\x30\x5f\x70\x61\x72\x74\x69\x61\x6c\x5f\x63\x75\x5f\x31\x62\x36\x33\x65\x30\x38\x35\x34\x63\x75\x64\x61\x33\x73\x74\x64\x33\x5f"
"\x5f\x34\x35\x5f\x5f\x63\x70\x6f\x36\x63\x62\x65\x67\x69\x6e\x45\x00\x5f\x5a\x4e\x34\x31\x5f\x49\x4e\x54\x45\x52\x4e\x41\x4c\x5f"
"\x63\x66\x37\x30\x30\x66\x38\x31\x5f\x31\x30\x5f\x70\x61\x72\x74\x69\x61\x6c\x5f\x63\x75\x5f\x31\x62\x36\x33\x65\x30\x38\x35\x34"
"\x63\x75\x64\x61\x33\x73\x74\x64\x33\x5f\x5f\x34\x35\x5f\x5f\x63\x70\x6f\x34\x63\x65\x6e\x64\x45\x00\x5f\x5a\x4e\x34\x31\x5f\x49"
"\x4e\x54\x45\x52\x4e\x41\x4c\x5f\x63\x66\x37\x30\x30\x66\x38\x31\x5f\x31\x30\x5f\x70\x61\x72\x74\x69\x61\x6c\x5f\x63\x75\x5f\x31"
"\x62\x36\x33\x65\x30\x38\x35\x34\x63\x75\x64\x61\x33\x73\x74\x64\x33\x5f\x5f\x34\x31\x39\x70\x69\x65\x63\x65\x77\x69\x73\x65\x5f"
"\x63\x6f\x6e\x73\x74\x72\x75\x63\x74\x45\x00\x5f\x5a\x4e\x34\x31\x5f\x49\x4e\x54\x45\x52\x4e\x41\x4c\x5f\x63\x66\x37\x30\x30\x66"
"\x38\x31\x5f\x31\x30\x5f\x70\x61\x72\x74\x69\x61\x6c\x5f\x63\x75\x5f\x31\x62\x36\x33\x65\x30\x38\x35\x34\x63\x75\x64\x61\x33\x73"
"\x74\x64\x33\x5f\x5f\x34\x38\x69\x6e\x5f\x70\x6c\x61\x63\x65\x45\x00\x5f\x5a\x4e\x34\x31\x5f\x49\x4e\x54\x45\x52\x4e\x41\x4c\x5f"
"\x63\x66\x37\x30\x30\x66\x38\x31\x5f\x31\x30\x5f\x70\x61\x72\x74\x69\x61\x6c\x5f\x63\x75\x5f\x31\x62\x36\x33\x65\x30\x38\x35\x34"
"\x63\x75\x64\x61\x33\x73\x74\x64\x36\x72\x61\x6e\x67\x65\x73\x33\x5f\x5f\x34\x35\x5f\x5f\x63\x70\x6f\x34\x73\x77\x61\x70\x45\x00"
"\x5f\x5a\x4e\x34\x31\x5f\x49\x4e\x54\x45\x52\x4e\x41\x4c\x5f\x63\x66\x37\x30\x30\x66\x38\x31\x5f\x31\x30\x5f\x70\x61\x72\x74\x69"
"\x61\x6c\x5f\x63\x75\x5f\x31\x62\x36\x33\x65\x30\x38\x35\x34\x63\x75\x64\x61\x33\x73\x74\x64\x36\x72\x61\x6e\x67\x65\x73\x33\x5f"
"\x5f\x34\x35\x5f\x5f\x63\x70\x6f\x39\x69\x74\x65\x72\x5f\x6d\x6f\x76\x65\x45\x00\x5f\x5a\x4e\x34\x31\x5f\x49\x4e\x54\x45\x52\x4e"
"\x41\x4c\x5f\x63\x66\x37\x30\x30\x66\x38\x31\x5f\x31\x30\x5f\x70\x61\x72\x74\x69\x61\x6c\x5f\x63\x75\x5f\x31\x62\x36\x33\x65\x30"
"\x38\x35\x34\x63\x75\x74\x65\x37\x70\x72\x6f\x64\x75\x63\x74\x45\x00\x5f\x5a\x4e\x34\x31\x5f\x49\x4e\x54\x45\x52\x4e\x41\x4c\x5f"
"\x63\x66\x37\x30\x30\x66\x38\x31\x5f\x31\x30\x5f\x70\x61\x72\x74\x69\x61\x6c\x5f\x63\x75\x5f\x31\x62\x36\x33\x65\x30\x38\x35\x34"
"\x63\x75\x74\x65\x31\x5f\x45\x00\x24\x5f\x5f\x69\x6e\x74\x65\x72\x6e\x61\x6c\x5f\x30\x5f\x24\x5f\x5f\x63\x75\x64\x61\x5f\x73\x6d"
"\x32\x30\x5f\x64\x69\x76\x5f\x73\x36\x34\x00\x24\x5f\x5f\x69\x6e\x74\x65\x72\x6e\x61\x6c\x5f\x31\x5f\x24\x5f\x5f\x63\x75\x64\x61"
"\x5f\x73\x6d\x33\x78\x5f\x64\x69\x76\x5f\x72\x6e\x5f\x6e\x6f\x66\x74\x7a\x5f\x66\x33\x32\x5f\x73\x6c\x6f\x77\x70\x61\x74\x68\x00"
"\x2e\x72\x65\x6c\x2e\x6e\x76\x2e\x63\x6f\x6e\x73\x74\x61\x6e\x74\x30\x2e\x6d\x61\x69\x6e\x5f\x6b\x65\x72\x6e\x65\x6c\x00\x2e\x6e"
"\x76\x2e\x63\x6f\x6e\x73\x74\x61\x6e\x74\x30\x2e\x6d\x61\x69\x6e\x5f\x6b\x65\x72\x6e\x65\x6c\x00\x2e\x64\x65\x62\x75\x67\x5f\x66"
"\x72\x61\x6d\x65\x00\x2e\x72\x65\x6c\x2e\x6e\x76\x2e\x63\x6f\x6e\x73\x74\x61\x6e\x74\x34\x00\x2e\x72\x65\x6c\x2e\x64\x65\x62\x75"
"\x67\x5f\x66\x72\x61\x6d\x65\x00\x2e\x72\x65\x6c\x61\x2e\x64\x65\x62\x75\x67\x5f\x66\x72\x61\x6d\x65\x00\x2e\x6e\x76\x2e\x63\x61"
"\x6c\x6c\x67\x72\x61\x70\x68\x00\x2e\x6e\x76\x2e\x70\x72\x6f\x74\x6f\x74\x79\x70\x65\x00\x2e\x6e\x76\x2e\x72\x65\x6c\x2e\x61\x63"
"\x74\x69\x6f\x6e\x00\x6d\x61\x69\x6e\x5f\x6b\x65\x72\x6e\x65\x6c\x00\x00\x00\x00\x00\x00\x00\x00\x00\x00\x00\x00\x00\x00\x00\x00"
"\x00\x00\x00\x00\x00\x00\x00\x00\x00\x00\x00\x00\x00\x00\x00\x00\x32\x00\x00\x00\x03\x00\x0d\x00\x00\x00\x00\x00\x00\x00\x00\x00"
"\x00\x00\x00\x00\x00\x00\x00\x00\x70\x00\x00\x00\x03\x00\x0f\x00\x00\x00\x00\x00\x00\x00\x00\x00\x00\x00\x00\x00\x00\x00\x00\x00"
"\x7b\x00\x00\x00\x01\x00\x0f\x00\x01\x00\x00\x00\x00\x00\x00\x00\x01\x00\x00\x00\x00\x00\x00\x00\xc4\x00\x00\x00\x03\x00\x0b\x00"
"\x00\x00\x00\x00\x00\x00\x00\x00\x00\x00\x00\x00\x00\x00\x00\x00\xd2\x00\x00\x00\x01\x00\x0f\x00\x06\x00\x00\x00\x00\x00\x00\x00"
"\x01\x00\x00\x00\x00\x00\x00\x00\x19\x01\x00\x00\x01\x00\x0f\x00\x03\x00\x00\x00\x00\x00\x00\x00\x01\x00\x00\x00\x00\x00\x00\x00"
"\x63\x01\x00\x00\x01\x00\x0f\x00\x08\x00\x00\x00\x00\x00\x00\x00\x01\x00\x00\x00\x00\x00\x00\x00\xab\x01\x00\x00\x01\x00\x0f\x00"
"\x02\x00\x00\x00\x00\x00\x00\x00\x01\x00\x00\x00\x00\x00\x00\x00\xfd\x01\x00\x00\x01\x00\x0f\x00\x07\x00\x00\x00\x00\x00\x00\x00"
"\x01\x00\x00\x00\x00\x00\x00\x00\x43\x02\x00\x00\x01\x00\x0f\x00\x04\x00\x00\x00\x00\x00\x00\x00\x01\x00\x00\x00\x00\x00\x00\x00"
"\x92\x02\x00\x00\x01\x00\x0f\x00\x09\x00\x00\x00\x00\x00\x00\x00\x01\x00\x00\x00\x00\x00\x00\x00\xe6\x02\x00\x00\x01\x00\x0f\x00"
"\x00\x00\x00\x00\x00\x00\x00\x00\x01\x00\x00\x00\x00\x00\x00\x00\x23\x03\x00\x00\x01\x00\x0f\x00\x05\x00\x00\x00\x00\x00\x00\x00"
"\x01\x00\x00\x00\x00\x00\x00\x00\x5a\x03\x00\x00\x22\x00\x0d\x00\x70\x19\x01\x00\x00\x00\x00\x00\x70\x05\x00\x00\x00\x00\x00\x00"
"\x7d\x03\x00\x00\x22\x00\x0d\x00\xe0\x1e\x01\x00\x00\x00\x00\x00\x20\x07\x00\x00\x00\x00\x00\x00\xd0\x03\x00\x00\x03\x00\x0c\x00"
"\x00\x00\x00\x00\x00\x00\x00\x00\x00\x00\x00\x00\x00\x00\x00\x00\xea\x03\x00\x00\x03\x00\x04\x00\x00\x00\x00\x00\x00\x00\x00\x00"
"\x00\x00\x00\x00\x00\x00\x00\x00\x2c\x04\x00\x00\x03\x00\x07\x00\x00\x00\x00\x00\x00\x00\x00\x00\x00\x00\x00\x00\x00\x00\x00\x00"
"\x48\x04\x00\x00\x03\x00\x08\x00\x00\x00\x00\x00\x00\x00\x00\x00\x00\x00\x00\x00\x00\x00\x00\x00\x57\x04\x00\x00\x12\x10\x0d\x00"
"\x00\x00\x00\x00\x00\x00\x00\x00\x00\x26\x01\x00\x00\x00\x00\x00\xff\xff\xff\xff\x24\x00\x00\x00\x00\x00\x00\x00\xff\xff\xff\xff"
"\xff\xff\xff\xff\x03\x00\x04\x7c\xff\xff\xff\xff\x0f\x0c\x81\x80\x80\x28\x00\x08\xff\x81\x80\x28\x08\x81\x80\x80\x28\x00\x00\x00"
"\xff\xff\xff\xff\x34\x00\x00\x00\x00\x00\x00\x00\x00\x00\x00\x00\x00\x00\x00\x00\x00\x00\x00\x00\x00\x00\x00\x00\x70\x19\x01\x00"
"\x00\x00\x00\x00\x04\x04\x00\x00\x00\x04\x38\x00\x00\x00\x0c\x81\x80\x80\x28\x00\x04\x1c\x46\x00\x00\x00\x00\x00\x00\x00\x00\x00"
"\xff\xff\xff\xff\x3c\x00\x00\x00\x00\x00\x00\x00\xff\xff\xff\xff\xff\xff\xff\xff\x03\x00\x04\x7c\x80\x82\x80\x28\x0c\x81\x80\x80"
"\x28\x00\x08\xff\x81\x80\x28\x08\x81\x80\x80\x28\x08\xde\x80\x80\x28\x16\x80\x82\x80\x28\x10\x03\x00\x00\x00\x00\x00\x00\x00\x00"
"\x92\xde\x80\x80\x28\x00\x22\x00\xff\xff\xff\xff\x1c\x00\x00\x00\x00\x00\x00\x00\x70\x00\x00\x00\x00\x00\x00\x00\x70\x19\x01\x00"
"\x00\x00\x00\x00\x70\x05\x00\x00\x00\x00\x00\x00\x00\x00\x00\x00\xff\xff\xff\xff\x3c\x00\x00\x00\x00\x00\x00\x00\xff\xff\xff\xff"
"\xff\xff\xff\xff\x03\x00\x04\x7c\x80\x82\x80\x28\x0c\x81\x80\x80\x28\x00\x08\xff\x81\x80\x28\x08\x81\x80\x80\x28\x08\x92\x80\x80"
"\x28\x16\x80\x82\x80\x28\x10\x03\x00\x00\x00\x00\x00\x00\x00\x00\x92\x92\x80\x80\x28\x00\x22\x00\xff\xff\xff\xff\x2c\x00\x00\x00"
"\x00\x00\x00\x00\xe0\x00\x00\x00\x00\x00\x00\x00\xe0\x1e\x01\x00\x00\x00\x00\x00\x20\x07\x00\x00\x00\x00\x00\x00\x04\xa8\x01\x00"
"\x00\x09\x92\x80\x80\x28\x8a\x80\x80\x28\x00\x00\x00\x00\x00\x00\x04\x2f\x08\x00\x14\x00\x00\x00\x8c\x00\x00\x00\x04\x11\x08\x00"
"\x0f\x00\x00\x00\x00\x00\x00\x00\x04\x11\x08\x00\x0e\x00\x00\x00\x00\x00\x00\x00\x04\x11\x08\x00\x14\x00\x00\x00\x00\x00\x00\x00"
"\x04\x12\x08\x00\x14\x00\x00\x00\x00\x00\x00\x00\x04\x36\x04\x00\x01\x00\x00\x00\x04\x37\x04\x00\x80\x00\x00\x00\x04\x0a\x08\x00"
"\x10\x00\x00\x00\x60\x01\x48\x00\x03\x19\x48\x00\x04\x17\x0c\x00\x00\x00\x00\x00\x09\x00\x44\x00\x00\xf0\x11\x00\x04\x17\x0c\x00"
"\x00\x00\x00\x00\x08\x00\x40\x00\x00\xf0\x11\x00\x04\x17\x0c\x00\x00\x00\x00\x00\x07\x00\x38\x00\x00\xf0\x21\x00\x04\x17\x0c\x00"
"\x00\x00\x00\x00\x06\x00\x30\x00\x00\xf0\x21\x00\x04\x17\x0c\x00\x00\x00\x00\x00\x05\x00\x28\x00\x00\xf0\x21\x00\x04\x17\x0c\x00"
"\x00\x00\x00\x00\x04\x00\x20\x00\x00\xf0\x21\x00\x04\x17\x0c\x00\x00\x00\x00\x00\x03\x00\x18\x00\x00\xf0\x21\x00\x04\x17\x0c\x00"
"\x00\x00\x00\x00\x02\x00\x10\x00\x00\xf0\x21\x00\x04\x17\x0c\x00\x00\x00\x00\x00\x01\x00\x08\x00\x00\xf0\x21\x00\x04\x17\x0c\x00"
"\x00\x00\x00\x00\x00\x00\x00\x00\x00\xf0\x21\x00\x03\x1b\xff\x00\x04\x31\x0c\x00\x10\x00\x00\x00\x70\x19\x01\x00\xe0\x1e\x01\x00"
"\x04\x29\x20\x00\xff\xff\xff\xff\xff\xff\xff\xff\xff\xff\xff\xff\xff\xff\xff\xff\xff\xff\xff\xff\xff\xff\xff\xff\xff\xff\xff\xff"
"\xff\xff\xff\xff\x04\x28\x20\x00\x20\xa9\x00\x00\x40\xa9\x00\x00\x60\xa9\x00\x00\x00\xaa\x00\x00\x00\xb3\x00\x00\x60\xb3\x00\x00"
"\xa0\xb3\x00\x00\x00\xb4\x00\x00\x04\x1c\x10\x00\xe0\x00\x00\x00\x20\x14\x01\x00\xa0\x14\x01\x00\x60\x19\x01\x00\x04\x05\x0c\x00"
"\x00\x01\x00\x00\x01\x00\x00\x00\x01\x00\x00\x00\x04\x1e\x04\x00\x00\x00\x00\x00\x00\x00\x00\x00\xff\xff\xff\xff\x00\x00\x00\x00"
"\xfe\xff\xff\xff\x00\x00\x00\x00\xfd\xff\xff\xff\x00\x00\x00\x00\xfc\xff\xff\xff\x00\x00\x00\x00\x73\x00\x00\x00\x00\x00\x00\x00"
"\x00\x00\x00\x11\x25\x00\x05\x36\x48\x00\x00\x00\x00\x00\x00\x00\x02\x00\x00\x00\x0d\x00\x00\x00\x40\x00\x00\x00\x00\x00\x00\x00"
"\x02\x00\x00\x00\x0c\x00\x00\x00\x38\x00\x00\x00\x00\x00\x00\x00\x02\x00\x00\x00\x0b\x00\x00\x00\x30\x00\x00\x00\x00\x00\x00\x00"
"\x02\x00\x00\x00\x0a\x00\x00\x00\x28\x00\x00\x00\x00\x00\x00\x00\x02\x00\x00\x00\x09\x00\x00\x00\x20\x00\x00\x00\x00\x00\x00\x00"
"\x02\x00\x00\x00\x08\x00\x00\x00\x18\x00\x00\x00\x00\x00\x00\x00\x02\x00\x00\x00\x07\x00\x00\x00\x10\x00\x00\x00\x00\x00\x00\x00"
"\x02\x00\x00\x00\x06\x00\x00\x00\x08\x00\x00\x00\x00\x00\x00\x00\x02\x00\x00\x00\x05\x00\x00\x00\x00\x00\x00\x00\x00\x00\x00\x00"
"\x02\x00\x00\x00\x03\x00\x00\x00\x3c\x01\x00\x00\x00\x00\x00\x00\x02\x00\x00\x00\x14\x00\x00\x00\xcc\x00\x00\x00\x00\x00\x00\x00"
"\x02\x00\x00\x00\x14\x00\x00\x00\x44\x00\x00\x00\x00\x00\x00\x00\x02\x00\x00\x00\x14\x00\x00\x00\x18\x01\x00\x00\x00\x00\x00\x00"
"\x02\x00\x00\x00\x14\x00\x00\x00\xa8\x00\x00\x00\x00\x00\x00\x00\x02\x00\x00\x00\x14\x00\x00\x00\x00\x00\x00\x00\x00\x00\x00\x00"
"\x00\x00\x00\x00\x00\x00\x00\x00\x00\x00\x00\x00\x00\x00\x00\x00\x00\x00\x00\x00\x00\x00\x00\x00\x00\x00\x00\x00\x00\x00\x00\x00"
"\x00\x00\x00\x00\x00\x00\x00\x00\x00\x00\x00\x00\x00\x00\x00\x00\x00\x00\x00\x00\x00\x00\x00\x00\x00\x00\x00\x00\x00\x00\x00\x00"
"\x00\x00\x00\x00\x00\x00\x00\x00\x00\x00\x00\x00\x00\x00\x00\x00\x00\x00\x00\x00\x00\x00\x00\x00\x00\x00\x00\x00\x00\x00\x00\x00"
"\x00\x00\x00\x00\x00\x00\x00\x00\x00\x00\x00\x00\x00\x00\x00\x00\x00\x00\x00\x00\x00\x00\x00\x00\x00\x00\x00\x00\x00\x00\x00\x00"
"\x00\x00\x00\x00\x00\x00\x00\x00\x00\x00\x00\x00\x00\x00\x00\x00\x00\x00\x00\x00\x00\x00\x00\x00\x00\x00\x00\x00\x00\x00\x00\x00"
"\x00\x00\x00\x00\x00\x00\x00\x00\x00\x00\x00\x00\x00\x00\x00\x00\x00\x00\x00\x00\x00\x00\x00\x00\x00\x00\x00\x00\x00\x00\x00\x00"
"\x00\x00\x00\x00\x00\x00\x00\x00\x00\x00\x00\x00\x00\x00\x00\x00\x00\x00\x00\x00\x00\x00\x00\x00\x00\x00\x00\x00\x00\x00\x00\x00"
"\x00\x00\x00\x00\x00\x00\x00\x00\x00\x00\x00\x00\x00\x00\x00\x00\x00\x00\x00\x00\x00\x00\x00\x00\x00\x00\x00\x00\x00\x00\x00\x00"
"\x00\x00\x00\x00\x00\x00\x00\x00\x00\x00\x00\x00\x00\x00\x00\x00\x00\x00\x00\x00\x00\x00\x00\x00\x00\x00\x00\x00\x00\x00\x00\x00"
"\x00\x00\x00\x00\x00\x00\x00\x00\x00\x00\x00\x00\x00\x00\x00\x00\x00\x00\x00\x00\x00\x00\x00\x00\x00\x00\x00\x00\x00\x00\x00\x00"
"\x00\x00\x00\x00\x00\x00\x00\x00\x00\x00\x00\x00\x00\x00\x00\x00\x00\x00\x00\x00\x00\x00\x00\x00\x00\x00\x00\x00\x00\x00\x00\x00"
"\x00\x00\x00\x00\x00\x00\x00\x00\x00\x00\x00\x00\x00\x00\x00\x00\x00\x00\x00\x00\x00\x00\x00\x00\x00\x00\x00\x00\x00\x00\x00\x00"
"\x00\x00\x00\x00\x00\x00\x00\x00\x00\x00\x00\x00\x00\x00\x00\x00\x00\x00\x00\x00\x00\x00\x00\x00\x00\x00\x00\x00\x00\x00\x00\x00"
"\x00\x00\x00\x00\x00\x00\x00\x00\x00\x00\x00\x00\x00\x00\x00\x00\x00\x00\x00\x00\x00\x00\x00\x00\x00\x00\x00\x00\x00\x00\x00\x00"
"\x00\x00\x00\x00\x00\x00\x00\x00\x00\x00\x00\x00\x00\x00\x00\x00\x00\x00\x00\x00\x00\x00\x00\x00\x00\x00\x00\x00\x00\x00\x00\x00"
"\x00\x00\x00\x00\x00\x00\x00\x00\x00\x00\x00\x00\x00\x00\x00\x00\x00\x00\x00\x00\x00\x00\x00\x00\x00\x00\x00\x00\x00\x00\x00\x00"
"\x00\x00\x00\x00\x00\x00\x00\x00\x00\x00\x00\x00\x00\x00\x00\x00\x00\x00\x00\x00\x00\x00\x00\x00\x00\x00\x00\x00\x00\x00\x00\x00"
"\x24\x76\x01\xff\x00\x0a\x00\x00\xff\x00\x8e\x07\x00\xe4\x0f\x00\x89\xf3\xff\xff\xff\x00\x00\x00\xff\x00\x0e\x00\x00\xe2\x0f\x00"
"\x24\x76\x70\xff\x00\x64\x00\x00\xff\x00\x8e\x07\x00\xe4\x0f\x00\x24\x76\x71\xff\x00\x65\x00\x00\xff\x00\x8e\x07\x00\xd0\x0f\x00"
"\x81\x73\x70\x70\x00\x00\x00\x00\x00\x69\x1e\x00\x00\xa2\x0e\x00\x24\x76\x02\xff\x00\x66\x00\x00\xff\x00\x8e\x07\x00\xe4\x0f\x00"
"\x24\x76\x03\xff\x00\x67\x00\x00\xff\x00\x8e\x07\x00\xd0\x0f\x00\x81\x73\x09\x02\x00\x00\x00\x00\x00\x69\x1e\x00\x00\x28\x01\x00"
"\x81\x73\x04\x02\x00\x04\x00\x00\x00\x69\x1e\x00\x00\x28\x01\x00\x19\x79\x00\x00\x00\x00\x00\x00\x00\x26\x00\x00\x00\x64\x0e\x00"
"\x0c\x72\x00\x00\xff\x00\x00\x00\x70\x42\xf2\x03\x00\xc4\x2f\x00\x10\x78\x05\x70\x7f\x00\x00\x00\xff\xe0\xff\x07\x00\xc8\x4f\x00"
"\x19\x78\x0b\xff\x07\x00\x00\x00\x05\x14\x01\x00\x00\xc8\x0f\x00\x0c\x72\x00\x00\x0b\x00\x00\x00\x70\x62\xf0\x03\x00\xd8\x0f\x00"
"\x4d\x09\x00\x00\x00\x00\x00\x00\x00\x00\x80\x00\x00\xea\x0f\x00\x19\x79\x02\x00\x00\x00\x00\x00\x00\x21\x00\x00\x00\x22\x1e\x00"
"\x24\x78\x71\x04\x01\x00\x00\x00\x09\x0a\x8e\x07\x00\xe2\x0f\x11\x55\x73\xff\x00\x00\x00\x00\x00\x00\x00\x10\x00\x00\xe2\x0f\x00"
"\x45\x79\x00\x00\x60\x03\x00\x00\x00\x00\x80\x03\x00\xe2\x0f\x00\x18\x79\x00\x00\x00\x00\x00\x00\x00\x00\x00\x00\x00\xe2\x0f\x00"
"\x1d\x7b\x00\x00\x00\x00\x00\x00\x00\x00\x00\x00\x00\xea\x0f\x00\x19\x78\x0d\xff\x1f\x00\x00\x00\x09\x14\x01\x00\x00\xe4\x0f\x00"
"\x12\x78\x6d\x02\x02\x00\x00\x00\xff\xc0\x8e\x07\x00\xe2\x1f\x04\x24\x78\x03\x02\x00\x01\x00\x00\xff\x00\x8e\x07\x00\xe2\x0f\x04"
"\x12\x78\x6f\x02\x60\x00\x00\x00\xff\xc0\x8e\x07\x00\xe2\x0f\x04\x24\x78\x69\x02\x02\x00\x00\x00\xff\x00\x8e\x07\x00\xe2\x0f\x00"
"\x19\x78\x0f\xff\x01\x00\x00\x00\x6d\x16\x01\x00\x00\xc4\x0f\x00\x12\x78\x06\x03\x00\x1f\x00\x00\xff\xc0\x8e\x07\x00\xe4\x0f\x00"
"\x11\x72\x05\x02\x0f\x00\x00\x00\xff\xc8\x8f\x07\x00\xe4\x0f\x00\x11\x72\x06\x6f\x06\x00\x00\x00\xff\xf8\x8f\x07\x00\xe4\x0f\x00"
"\x19\x78\x05\x05\x02\x00\x00\x00\xff\x06\x00\x00\x00\xe4\x0f\x00\x19\x78\x62\xff\x07\x00\x00\x00\x02\x14\x01\x00\x00\xe4\x0f\x00"
"\x12\x78\x05\x05\x04\x00\x00\x00\xff\xc0\x8e\x07\x00\xc4\x0f\x00\x0c\x72\x00\x62\x71\x00\x00\x00\x70\x62\xf0\x03\x00\xe4\x0f\x00"
"\x19\x78\x03\xff\x1f\x00\x00\x00\x70\x14\x01\x00\x00\xe2\x0f\x00\x24\x78\x6c\x05\x01\x00\x00\x00\x06\x02\x8e\x07\x00\xe2\x0f\x00"
"\x12\x78\x6e\x02\x1f\x00\x00\x00\xff\xc0\x8e\x07\x00\xc8\x0f\x00\x12\x78\x68\x6c\x08\x00\x00\x00\x69\xf8\x8e\x07\x00\xe4\x0f\x14"
"\x12\x78\x63\x6c\x08\x00\x00\x00\x69\xf4\x8e\x07\x00\xc6\x0f\x00\x24\x78\x68\x68\x02\x00\x00\x00\xff\x00\x8e\x07\x00\xe4\x0f\x00"
"\x24\x78\x63\x63\x02\x00\x00\x00\xff\x00\x8e\x07\x00\xcc\x0f\x00\x88\x73\x00\x68\xff\x00\x00\x00\x00\x0a\x00\x00\x00\xe8\x0f\x00"
"\x88\x73\x00\x63\xff\x00\x00\x00\x00\x0a\x00\x00\x00\xe8\x0f\x00\x88\x73\x00\x63\xff\x80\x00\x00\x00\x0a\x00\x00\x00\xe8\x0f\x00"
"\x88\x73\x00\x68\xff\x80\x00\x00\x00\x0a\x00\x00\x00\xe8\x0f\x00\x88\x73\x00\x68\xff\x00\x01\x00\x00\x0a\x00\x00\x00\xe8\x0f\x00"
"\x88\x73\x00\x63\xff\x00\x01\x00\x00\x0a\x00\x00\x00\xe8\x0f\x00\x88\x73\x00\x63\xff\x80\x01\x00\x00\x0a\x00\x00\x00\xe8\x0f\x00"
"\x88\x73\x00\x68\xff\x80\x01\x00\x00\x0a\x00\x00\x00\xe8\x0f\x00\x18\x79\x00\x00\x00\x00\x00\x00\x00\x00\x00\x00\x00\xe2\x0f\x00"
"\x1d\x7b\x00\x00\x00\x00\x00\x00\x00\x00\x00\x00\x00\xea\x0f\x00\x47\x09\x00\x00\x40\x01\x00\x00\x00\x00\x80\x03\x00\xea\x0f\x00"
"\x24\x78\x04\x09\x01\x00\x00\x00\x62\x02\x8e\x07\x00\xe2\x0f\x00\x55\x73\xff\x01\x00\x00\x00\x00\x00\x00\x10\x00\x00\xe2\x0f\x00"
"\x45\x79\x01\x00\x00\x01\x00\x00\x00\x00\x80\x03\x00\xe6\x0f\x00\x0c\x7a\x00\x04\x00\x68\x00\x00\x70\x62\xf0\x03\x00\xc8\x0f\x00"
"\x0c\x78\x00\x04\xff\xff\xff\xff\x70\x42\x70\x04\x00\xd8\x0f\x00\x05\x88\x04\x00\x00\x00\x00\x00\x00\xff\x01\x00\x00\xe2\x0f\x00"
"\x47\x89\x00\x00\xb0\x00\x00\x00\x00\x00\x80\x03\x00\xee\x0f\x00\x19\x79\x04\x00\x00\x00\x00\x00\x00\x25\x00\x00\x00\x22\x0e\x00"
"\x19\x78\x07\x02\x02\x00\x00\x00\xff\x06\x00\x00\x00\xe4\x0f\x00\x10\x72\x11\x09\x62\x00\x00\x00\xff\xe0\xf1\x07\x00\xe2\x0f\x00"
"\x25\x78\x04\x04\x00\x02\x00\x00\xff\x02\x8e\x07\x00\xca\x1f\x00\x12\x78\x06\x04\xfc\x01\x00\x00\x07\xf8\x8e\x07\x00\xe4\x0f\x00"
"\x11\x72\x04\x62\x0d\x00\x00\x00\xff\x0e\x0f\x00\x00\xe4\x0f\x00\x11\x72\x06\x11\x06\x00\x00\x00\xff\x50\x80\x07\x00\xc8\x0f\x00"
"\x11\x72\x05\x11\x05\x00\x00\x00\x04\x54\x0f\x00\x00\xe4\x0f\x00\x11\x7a\x04\x06\x00\x5e\x00\x00\xff\x08\x80\x07\x00\xc8\x0f\x00"
"\x11\x7a\x05\x06\x00\x5f\x00\x00\x05\x0c\x0f\x00\x00\xd0\x0f\x00\x81\x73\x04\x04\x00\x00\x00\x00\x00\x6b\x1e\x00\x00\x24\x0f\x00"
"\x41\x79\x01\x00\x00\x00\x00\x00\x00\x00\x80\x03\x00\xea\x0f\x00\x88\x73\x00\x68\x04\x00\x00\x00\x00\x0a\x00\x00\x00\xe4\x01\x01"
"\x41\x79\x00\x00\x00\x00\x00\x00\x00\x00\x80\x03\x00\xea\x0f\x00\x10\x78\x04\x62\x02\x00\x00\x00\xff\xe0\xff\x07\x00\xe2\x1f\x00"
"\x55\x73\xff\x00\x00\x00\x00\x00\x00\x00\x10\x00\x00\xe2\x0f\x00\x45\x79\x00\x00\x70\x01\x00\x00\x00\x00\x80\x03\x00\xe4\x0f\x00"
"\x0c\x72\x00\x04\x71\x00\x00\x00\x70\x62\xf0\x03\x00\xd8\x0f\x00\x47\x09\x00\x00\x40\x01\x00\x00\x00\x00\x80\x03\x00\xea\x0f\x00"
"\x24\x78\x04\x09\x01\x00\x00\x00\x04\x02\x8e\x07\x00\xe2\x0f\x00\x55\x73\xff\x01\x00\x00\x00\x00\x00\x00\x10\x00\x00\xe2\x0f\x00"
"\x45\x79\x01\x00\x00\x01\x00\x00\x00\x00\x80\x03\x00\xe6\x0f\x00\x0c\x7a\x00\x04\x00\x68\x00\x00\x70\x62\xf0\x03\x00\xc8\x0f\x00"
"\x0c\x78\x00\x04\xff\xff\xff\xff\x70\x42\x70\x04\x00\xd8\x0f\x00\x05\x88\x06\x00\x00\x00\x00\x00\x00\xff\x01\x00\x00\xe2\x0f\x00"
"\x47\x89\x00\x00\xb0\x00\x00\x00\x00\x00\x80\x03\x00\xee\x0f\x00\x19\x79\x07\x00\x00\x00\x00\x00\x00\x25\x00\x00\x00\x22\x0e\x00"
"\x10\x72\x05\x09\x62\x00\x00\x00\xff\xe0\xf1\x07\x00\xe2\x0f\x00\x24\x78\x11\x02\x04\x00\x00\x00\xff\x00\x8e\x07\x00\xc6\x0f\x00"
"\x11\x72\x06\x62\x0d\x00\x00\x00\xff\x0e\x0f\x00\x00\xe2\x0f\x00\x24\x78\x04\x05\x00\x04\x00\x00\xff\x00\x8e\x07\x00\xc6\x0f\x00"
"\x19\x78\x05\x05\x0a\x00\x00\x00\x06\x02\x01\x00\x00\xe4\x0f\x00\x12\x78\x04\x04\xfc\x01\x00\x00\x11\xf8\x8e\x07\x00\xca\x0f\x00"
"\x25\x78\x04\x07\x00\x02\x00\x00\x04\x02\x8e\x07\x00\xca\x1f\x00\x11\x7a\x06\x04\x00\x5e\x00\x00\xff\x08\x80\x07\x00\xc8\x0f\x00"
"\x11\x7a\x07\x04\x00\x5f\x00\x00\x05\x0c\x0f\x00\x00\xd0\x0f\x00\x81\x73\x06\x06\x00\x00\x10\x00\x00\x6b\x1e\x00\x00\x24\x0f\x00"
"\x41\x79\x01\x00\x00\x00\x00\x00\x00\x00\x80\x03\x00\xea\x0f\x00\x88\x73\x00\x63\x06\x00\x00\x00\x00\x0a\x00\x00\x00\xe4\x01\x01"
"\x41\x79\x00\x00\x00\x00\x00\x00\x00\x00\x80\x03\x00\xea\x0f\x00\x10\x78\x04\x62\x04\x00\x00\x00\xff\xe0\xff\x07\x00\xe2\x0f\x00"
"\x55\x73\xff\x00\x00\x00\x00\x00\x00\x00\x10\x00\x00\xe2\x0f\x00\x45\x79\x00\x00\x70\x01\x00\x00\x00\x00\x80\x03\x00\xe4\x0f\x00"
"\x0c\x72\x00\x04\x71\x00\x00\x00\x70\x62\xf0\x03\x00\xd8\x0f\x00\x47\x09\x00\x00\x40\x01\x00\x00\x00\x00\x80\x03\x00\xea\x0f\x00"
"\x24\x78\x04\x09\x01\x00\x00\x00\x04\x02\x8e\x07\x00\xe2\x0f\x00\x55\x73\xff\x01\x00\x00\x00\x00\x00\x00\x10\x00\x00\xe2\x0f\x00"
"\x45\x79\x01\x00\x00\x01\x00\x00\x00\x00\x80\x03\x00\xe6\x0f\x00\x0c\x7a\x00\x04\x00\x68\x00\x00\x70\x62\xf0\x03\x00\xc8\x0f\x00"
"\x0c\x78\x00\x04\xff\xff\xff\xff\x70\x42\x70\x04\x00\xd8\x0f\x00\x05\x88\x06\x00\x00\x00\x00\x00\x00\xff\x01\x00\x00\xe2\x1f\x00"
"\x47\x89\x00\x00\xb0\x00\x00\x00\x00\x00\x80\x03\x00\xee\x0f\x00\x19\x79\x07\x00\x00\x00\x00\x00\x00\x25\x00\x00\x00\x22\x0e\x00"
"\x10\x72\x05\x09\x62\x00\x00\x00\xff\xe0\xf1\x07\x00\xe2\x0f\x00\x24\x78\x04\x02\x04\x00\x00\x00\xff\x00\x8e\x07\x00\xc6\x0f\x00"
"\x11\x72\x06\x62\x0d\x00\x00\x00\xff\x0e\x0f\x00\x00\xe2\x0f\x00\x24\x78\x11\x05\x00\x04\x00\x00\xff\x00\x8e\x07\x00\xc6\x0f\x00"
"\x19\x78\x05\x05\x0a\x00\x00\x00\x06\x02\x01\x00\x00\xe4\x0f\x00\x12\x78\x04\x11\xfc\x01\x00\x00\x04\xf8\x8e\x07\x00\xca\x0f\x00"
"\x25\x78\x04\x07\x00\x02\x00\x00\x04\x02\x8e\x07\x00\xca\x1f\x00\x11\x7a\x06\x04\x00\x5e\x00\x00\xff\x08\x80\x07\x00\xc8\x0f\x00"
"\x11\x7a\x07\x04\x00\x5f\x00\x00\x05\x0c\x0f\x00\x00\xd0\x0f\x00\x81\x73\x06\x06\x00\x00\x20\x00\x00\x6b\x1e\x00\x00\x24\x0f\x00"
"\x41\x79\x01\x00\x00\x00\x00\x00\x00\x00\x80\x03\x00\xea\x0f\x00\x88\x73\x00\x63\x06\x80\x00\x00\x00\x0a\x00\x00\x00\xe4\x01\x01"
"\x41\x79\x00\x00\x00\x00\x00\x00\x00\x00\x80\x03\x00\xea\x0f\x00\x10\x78\x04\x62\x06\x00\x00\x00\xff\xe0\xff\x07\x00\xe2\x0f\x00"
"\x55\x73\xff\x00\x00\x00\x00\x00\x00\x00\x10\x00\x00\xe2\x0f\x00\x45\x79\x00\x00\x70\x01\x00\x00\x00\x00\x80\x03\x00\xe4\x0f\x00"
"\x0c\x72\x00\x04\x71\x00\x00\x00\x70\x62\xf0\x03\x00\xd8\x0f\x00\x47\x09\x00\x00\x40\x01\x00\x00\x00\x00\x80\x03\x00\xea\x0f\x00"
"\x10\x72\x04\x09\x04\x00\x00\x00\xff\xe0\xff\x07\x00\xe2\x0f\x00\x55\x73\xff\x01\x00\x00\x00\x00\x00\x00\x10\x00\x00\xe2\x0f\x00"
"\x45\x79\x01\x00\x00\x01\x00\x00\x00\x00\x80\x03\x00\xe4\x0f\x00\x0c\x7a\x00\x04\x00\x68\x00\x00\x70\x62\xf0\x03\x00\xc8\x0f\x00"
"\x0c\x78\x00\x04\xff\xff\xff\xff\x70\x42\x70\x04\x00\xd8\x0f\x00\x05\x88\x06\x00\x00\x00\x00\x00\x00\xff\x01\x00\x00\xe2\x1f\x00"
"\x47\x89\x00\x00\xb0\x00\x00\x00\x00\x00\x80\x03\x00\xee\x0f\x00\x19\x79\x07\x00\x00\x00\x00\x00\x00\x25\x00\x00\x00\x22\x0e\x00"
"\x10\x72\x05\x09\x62\x00\x00\x00\xff\xe0\xf1\x07\x00\xe2\x0f\x00\x24\x78\x04\x02\x04\x00\x00\x00\xff\x00\x8e\x07\x00\xc6\x0f\x00"
"\x11\x72\x06\x62\x0d\x00\x00\x00\xff\x0e\x0f\x00\x00\xe2\x0f\x00\x24\x78\x11\x05\x00\x04\x00\x00\xff\x00\x8e\x07\x00\xc6\x0f\x00"
"\x19\x78\x05\x05\x0a\x00\x00\x00\x06\x02\x01\x00\x00\xe4\x0f\x00\x12\x78\x04\x11\xfc\x01\x00\x00\x04\xf8\x8e\x07\x00\xca\x0f\x00"
"\x25\x78\x04\x07\x00\x02\x00\x00\x04\x02\x8e\x07\x00\xca\x1f\x00\x11\x7a\x06\x04\x00\x5e\x00\x00\xff\x08\x80\x07\x00\xc8\x0f\x00"
"\x11\x7a\x07\x04\x00\x5f\x00\x00\x05\x0c\x0f\x00\x00\xd0\x0f\x00\x81\x73\x06\x06\x00\x00\x30\x00\x00\x6b\x1e\x00\x00\x24\x0f\x00"
"\x41\x79\x01\x00\x00\x00\x00\x00\x00\x00\x80\x03\x00\xea\x0f\x00\x88\x73\x00\x68\x06\x80\x00\x00\x00\x0a\x00\x00\x00\xe4\x01\x01"
"\x41\x79\x00\x00\x00\x00\x00\x00\x00\x00\x80\x03\x00\xea\x0f\x00\x10\x78\x04\x62\x08\x00\x00\x00\xff\xe0\xff\x07\x00\xe2\x0f\x00"
"\x55\x73\xff\x00\x00\x00\x00\x00\x00\x00\x10\x00\x00\xe2\x0f\x00\x45\x79\x00\x00\x70\x01\x00\x00\x00\x00\x80\x03\x00\xe4\x0f\x00"
"\x0c\x72\x00\x04\x71\x00\x00\x00\x70\x62\xf0\x03\x00\xd8\x0f\x00\x47\x09\x00\x00\x40\x01\x00\x00\x00\x00\x80\x03\x00\xea\x0f\x00"
"\x24\x78\x04\x09\x01\x00\x00\x00\x04\x02\x8e\x07\x00\xe2\x0f\x00\x55\x73\xff\x01\x00\x00\x00\x00\x00\x00\x10\x00\x00\xe2\x0f\x00"
"\x45\x79\x01\x00\x00\x01\x00\x00\x00\x00\x80\x03\x00\xe6\x0f\x00\x0c\x7a\x00\x04\x00\x68\x00\x00\x70\x62\xf0\x03\x00\xc8\x0f\x00"
"\x0c\x78\x00\x04\xff\xff\xff\xff\x70\x42\x70\x04\x00\xd8\x0f\x00\x05\x88\x06\x00\x00\x00\x00\x00\x00\xff\x01\x00\x00\xe2\x1f\x00"
"\x47\x89\x00\x00\xb0\x00\x00\x00\x00\x00\x80\x03\x00\xee\x0f\x00\x19\x79\x07\x00\x00\x00\x00\x00\x00\x25\x00\x00\x00\x22\x0e\x00"
"\x10\x72\x05\x09\x62\x00\x00\x00\xff\xe0\xf1\x07\x00\xe2\x0f\x00\x24\x78\x04\x02\x04\x00\x00\x00\xff\x00\x8e\x07\x00\xc6\x0f\x00"
"\x11\x72\x06\x62\x0d\x00\x00\x00\xff\x0e\x0f\x00\x00\xe2\x0f\x00\x24\x78\x11\x05\x00\x04\x00\x00\xff\x00\x8e\x07\x00\xc6\x0f\x00"
"\x19\x78\x05\x05\x0a\x00\x00\x00\x06\x02\x01\x00\x00\xe4\x0f\x00\x12\x78\x04\x11\xfc\x01\x00\x00\x04\xf8\x8e\x07\x00\xca\x0f\x00"
"\x25\x78\x04\x07\x00\x02\x00\x00\x04\x02\x8e\x07\x00\xca\x1f\x00\x11\x7a\x06\x04\x00\x5e\x00\x00\xff\x08\x80\x07\x00\xc8\x0f\x00"
"\x11\x7a\x07\x04\x00\x5f\x00\x00\x05\x0c\x0f\x00\x00\xd0\x0f\x00\x81\x73\x06\x06\x00\x00\x40\x00\x00\x6b\x1e\x00\x00\x24\x0f\x00"
"\x41\x79\x01\x00\x00\x00\x00\x00\x00\x00\x80\x03\x00\xea\x0f\x00\x88\x73\x00\x68\x06\x00\x01\x00\x00\x0a\x00\x00\x00\xe4\x01\x01"
"\x41\x79\x00\x00\x00\x00\x00\x00\x00\x00\x80\x03\x00\xea\x0f\x00\x10\x78\x04\x62\x0a\x00\x00\x00\xff\xe0\xff\x07\x00\xe2\x0f\x00"
"\x55\x73\xff\x00\x00\x00\x00\x00\x00\x00\x10\x00\x00\xe2\x0f\x00\x45\x79\x00\x00\x70\x01\x00\x00\x00\x00\x80\x03\x00\xe4\x0f\x00"
"\x0c\x72\x00\x04\x71\x00\x00\x00\x70\x62\xf0\x03\x00\xd8\x0f\x00\x47\x09\x00\x00\x40\x01\x00\x00\x00\x00\x80\x03\x00\xea\x0f\x00"
"\x24\x78\x04\x09\x01\x00\x00\x00\x04\x02\x8e\x07\x00\xe2\x0f\x00\x55\x73\xff\x01\x00\x00\x00\x00\x00\x00\x10\x00\x00\xe2\x0f\x00"
"\x45\x79\x01\x00\x00\x01\x00\x00\x00\x00\x80\x03\x00\xe6\x0f\x00\x0c\x7a\x00\x04\x00\x68\x00\x00\x70\x62\xf0\x03\x00\xc8\x0f\x00"
"\x0c\x78\x00\x04\xff\xff\xff\xff\x70\x42\x70\x04\x00\xd8\x0f\x00\x05\x88\x06\x00\x00\x00\x00\x00\x00\xff\x01\x00\x00\xe2\x1f\x00"
"\x47\x89\x00\x00\xb0\x00\x00\x00\x00\x00\x80\x03\x00\xee\x0f\x00\x19\x79\x07\x00\x00\x00\x00\x00\x00\x25\x00\x00\x00\x22\x0e\x00"
"\x10\x72\x05\x09\x62\x00\x00\x00\xff\xe0\xf1\x07\x00\xe4\x0f\x00\x19\x78\x04\x02\x02\x00\x00\x00\xff\x06\x00\x00\x00\xe4\x0f\x00"
"\x11\x72\x06\x62\x0d\x00\x00\x00\xff\x0e\x0f\x00\x00\xe2\x0f\x00\x24\x78\x11\x05\x00\x04\x00\x00\xff\x00\x8e\x07\x00\xc6\x0f\x00"
"\x19\x78\x05\x05\x0a\x00\x00\x00\x06\x02\x01\x00\x00\xe4\x0f\x00\x12\x78\x04\x11\xfc\x01\x00\x00\x04\xf8\x8e\x07\x00\xca\x0f\x00"
"\x25\x78\x04\x07\x00\x02\x00\x00\x04\x02\x8e\x07\x00\xca\x1f\x00\x11\x7a\x06\x04\x00\x5e\x00\x00\xff\x08\x80\x07\x00\xc8\x0f\x00"
"\x11\x7a\x07\x04\x00\x5f\x00\x00\x05\x0c\x0f\x00\x00\xd0\x0f\x00\x81\x73\x06\x06\x00\x00\x50\x00\x00\x6b\x1e\x00\x00\x24\x0f\x00"
"\x41\x79\x01\x00\x00\x00\x00\x00\x00\x00\x80\x03\x00\xea\x0f\x00\x88\x73\x00\x63\x06\x00\x01\x00\x00\x0a\x00\x00\x00\xe4\x01\x01"
"\x41\x79\x00\x00\x00\x00\x00\x00\x00\x00\x80\x03\x00\xea\x0f\x00\x10\x78\x04\x62\x0c\x00\x00\x00\xff\xe0\xff\x07\x00\xe2\x0f\x00"
"\x55\x73\xff\x00\x00\x00\x00\x00\x00\x00\x10\x00\x00\xe2\x0f\x00\x45\x79\x00\x00\x70\x01\x00\x00\x00\x00\x80\x03\x00\xe4\x0f\x00"
"\x0c\x72\x00\x04\x71\x00\x00\x00\x70\x62\xf0\x03\x00\xd8\x0f\x00\x47\x09\x00\x00\x40\x01\x00\x00\x00\x00\x80\x03\x00\xea\x0f\x00"
"\x24\x78\x04\x09\x01\x00\x00\x00\x04\x02\x8e\x07\x00\xe2\x0f\x00\x55\x73\xff\x01\x00\x00\x00\x00\x00\x00\x10\x00\x00\xe2\x0f\x00"
"\x45\x79\x01\x00\x00\x01\x00\x00\x00\x00\x80\x03\x00\xe6\x0f\x00\x0c\x7a\x00\x04\x00\x68\x00\x00\x70\x62\xf0\x03\x00\xc8\x0f\x00"
"\x0c\x78\x00\x04\xff\xff\xff\xff\x70\x42\x70\x04\x00\xd8\x0f\x00\x05\x88\x06\x00\x00\x00\x00\x00\x00\xff\x01\x00\x00\xe2\x1f\x00"
"\x47\x89\x00\x00\xb0\x00\x00\x00\x00\x00\x80\x03\x00\xee\x0f\x00\x19\x79\x07\x00\x00\x00\x00\x00\x00\x25\x00\x00\x00\x22\x0e\x00"
"\x10\x72\x05\x09\x62\x00\x00\x00\xff\xe0\xf1\x07\x00\xe2\x0f\x00\x24\x78\x04\x02\x04\x00\x00\x00\xff\x00\x8e\x07\x00\xc6\x0f\x00"
"\x11\x72\x06\x62\x0d\x00\x00\x00\xff\x0e\x0f\x00\x00\xe2\x0f\x00\x24\x78\x11\x05\x00\x04\x00\x00\xff\x00\x8e\x07\x00\xc6\x0f\x00"
"\x19\x78\x05\x05\x0a\x00\x00\x00\x06\x02\x01\x00\x00\xe4\x0f\x00\x12\x78\x04\x11\xfc\x01\x00\x00\x04\xf8\x8e\x07\x00\xca\x0f\x00"
"\x25\x78\x04\x07\x00\x02\x00\x00\x04\x02\x8e\x07\x00\xca\x1f\x00\x11\x7a\x06\x04\x00\x5e\x00\x00\xff\x08\x80\x07\x00\xc8\x0f\x00"
"\x11\x7a\x07\x04\x00\x5f\x00\x00\x05\x0c\x0f\x00\x00\xd0\x0f\x00\x81\x73\x06\x06\x00\x00\x60\x00\x00\x6b\x1e\x00\x00\x24\x0f\x00"
"\x41\x79\x01\x00\x00\x00\x00\x00\x00\x00\x80\x03\x00\xea\x0f\x00\x88\x73\x00\x63\x06\x80\x01\x00\x00\x0a\x00\x00\x00\xe4\x01\x01"
"\x41\x79\x00\x00\x00\x00\x00\x00\x00\x00\x80\x03\x00\xea\x0f\x00\x10\x78\x04\x62\x0e\x00\x00\x00\xff\xe0\xff\x07\x00\xe2\x0f\x00"
"\x55\x73\xff\x00\x00\x00\x00\x00\x00\x00\x10\x00\x00\xe2\x0f\x00\x45\x79\x00\x00\x70\x01\x00\x00\x00\x00\x80\x03\x00\xe4\x0f\x00"
"\x0c\x72\x00\x04\x71\x00\x00\x00\x70\x62\xf0\x03\x00\xd8\x0f\x00\x47\x09\x00\x00\x40\x01\x00\x00\x00\x00\x80\x03\x00\xea\x0f\x00"
"\x24\x78\x04\x09\x01\x00\x00\x00\x04\x02\x8e\x07\x00\xe2\x0f\x00\x55\x73\xff\x01\x00\x00\x00\x00\x00\x00\x10\x00\x00\xe2\x0f\x00"
"\x45\x79\x01\x00\x00\x01\x00\x00\x00\x00\x80\x03\x00\xe6\x0f\x00\x0c\x7a\x00\x04\x00\x68\x00\x00\x70\x62\xf0\x03\x00\xc8\x0f\x00"
"\x0c\x78\x00\x04\xff\xff\xff\xff\x70\x42\x70\x04\x00\xd8\x0f\x00\x05\x88\x06\x00\x00\x00\x00\x00\x00\xff\x01\x00\x00\xe2\x1f\x00"
"\x47\x89\x00\x00\xb0\x00\x00\x00\x00\x00\x80\x03\x00\xee\x0f\x00\x19\x79\x07\x00\x00\x00\x00\x00\x00\x25\x00\x00\x00\x22\x0e\x00"
"\x10\x72\x05\x09\x62\x00\x00\x00\xff\xe0\xf1\x07\x00\xe2\x0f\x00\x24\x78\x04\x02\x04\x00\x00\x00\xff\x00\x8e\x07\x00\xc6\x0f\x00"
"\x11\x72\x06\x62\x0d\x00\x00\x00\xff\x0e\x0f\x00\x00\xe4\x0f\x00\x19\x78\x09\x05\x0a\x00\x00\x00\xff\x06\x00\x00\x00\xe4\x0f\x04"
"\x19\x78\x05\x05\x0a\x00\x00\x00\x06\x02\x01\x00\x00\xe4\x0f\x00\x12\x78\x04\x09\xfc\x01\x00\x00\x04\xf8\x8e\x07\x00\xca\x0f\x00"
"\x25\x78\x04\x07\x00\x02\x00\x00\x04\x02\x8e\x07\x00\xca\x1f\x00\x11\x7a\x06\x04\x00\x5e\x00\x00\xff\x08\x80\x07\x00\xc8\x0f\x00"
"\x11\x7a\x07\x04\x00\x5f\x00\x00\x05\x0c\x0f\x00\x00\xd0\x0f\x00\x81\x73\x06\x06\x00\x00\x70\x00\x00\x6b\x1e\x00\x00\x24\x0f\x00"
"\x41\x79\x01\x00\x00\x00\x00\x00\x00\x00\x80\x03\x00\xea\x0f\x00\x88\x73\x00\x68\x06\x80\x01\x00\x00\x0a\x00\x00\x00\xe4\x01\x01"
"\x41\x79\x00\x00\x00\x00\x00\x00\x00\x00\x80\x03\x00\xea\x0f\x00\x0c\x78\x00\x0b\x01\x00\x00\x00\x70\x12\xf0\x03\x00\xe2\x0f\x04"
"\x05\x78\x14\x00\x00\x00\x00\x00\x00\xff\x01\x00\x00\xe2\x0f\x00\x10\x78\x06\x70\xff\xff\xff\xff\xff\xe0\xff\x07\x00\xe2\x1f\x00"
"\x24\x74\x77\xff\x00\x00\x80\xff\xff\x00\x8e\x07\x00\xe2\x0f\x00\x07\x78\x0b\x0b\x01\x00\x00\x00\x00\x00\x00\x04\x00\xe2\x0f\x00"
"\x24\x74\x75\xff\x00\x00\x80\xff\xff\x00\x8e\x07\x00\xe2\x0f\x00\x13\x72\x0a\x00\x06\x00\x00\x00\x00\x00\x00\x00\x00\xe2\x0f\x00"
"\x05\x78\x28\x00\x00\x00\x00\x00\x00\xff\x01\x00\x00\xe2\x0f\x00\x0c\x78\x00\x0b\x28\x00\x00\x00\x70\x12\xf0\x03\x00\xe2\x0f\x04"
"\x05\x78\x2a\x00\x00\x00\x00\x00\x00\xff\x01\x00\x00\xe2\x0f\x00\x05\x78\x34\x00\x00\x00\x00\x00\x00\xff\x01\x00\x00\xe2\x0f\x00"
"\x05\x78\x36\x00\x00\x00\x00\x00\x00\xff\x01\x00\x00\xe2\x0f\x00\x07\x78\x0b\x0b\x28\x00\x00\x00\x00\x00\x00\x00\x00\xe2\x0f\x00"
"\x05\x78\x38\x00\x00\x00\x00\x00\x00\xff\x01\x00\x00\xe2\x0f\x00\x05\x78\x3a\x00\x00\x00\x00\x00\x00\xff\x01\x00\x00\xe2\x0f\x00"
"\x05\x78\x3c\x00\x00\x00\x00\x00\x00\xff\x01\x00\x00\xe2\x0f\x00\x13\x72\x09\x00\x0b\x00\x00\x00\x00\x00\x00\x00\x00\xe2\x0f\x08"
"\x05\x78\x3e\x00\x00\x00\x00\x00\x00\xff\x01\x00\x00\xe2\x0f\x00\x13\x72\x0c\x00\x0b\x00\x00\x00\x00\x00\x00\x00\x00\xe2\x0f\x00"
"\x05\x78\x40\x00\x00\x00\x00\x00\x00\xff\x01\x00\x00\xe2\x0f\x00\x05\x78\x42\x00\x00\x00\x00\x00\x00\xff\x01\x00\x00\xe2\x0f\x00"
"\x05\x78\x44\x00\x00\x00\x00\x00\x00\xff\x01\x00\x00\xe2\x0f\x00\x06\x73\x07\x00\x09\x00\x00\x00\x00\x94\x20\x00\x00\x22\x0e\x00"
"\x05\x78\x46\x00\x00\x00\x00\x00\x00\xff\x01\x00\x00\xe2\x0f\x00\x05\x78\x48\x00\x00\x00\x00\x00\x00\xff\x01\x00\x00\xe2\x0f\x00"
"\x05\x78\x4a\x00\x00\x00\x00\x00\x00\xff\x01\x00\x00\xe2\x0f\x00\x05\x78\x4c\x00\x00\x00\x00\x00\x00\xff\x01\x00\x00\xe2\x0f\x00"
"\x05\x78\x4e\x00\x00\x00\x00\x00\x00\xff\x01\x00\x00\xc6\x0f\x00\x08\x73\x07\x00\x07\x00\x00\x00\x00\x10\x00\x00\x00\x24\x1e\x00"
"\x10\x78\x08\x07\xfe\xff\xff\x0f\xff\xe0\xff\x07\x00\xe2\x1f\x00\x24\x72\x07\xff\xff\x00\x00\x00\x0c\x0a\x8e\x07\x00\xca\x0f\x00"
"\x05\x73\x05\x00\x08\x00\x00\x00\x00\xf0\x21\x00\x00\x64\x00\x00\x10\x78\x08\x00\x01\x00\x00\x00\xff\xe0\xff\x07\x00\xe2\x1f\x00"
"\x24\x72\x04\xff\xff\x00\x00\x00\x05\x0a\x8e\x07\x00\xc8\x2f\x00\x24\x72\x0d\x04\x09\x00\x00\x00\xff\x02\x8e\x07\x00\xe4\x0f\x00"
"\x24\x72\x04\xff\xff\x00\x00\x00\xff\x00\x8e\x07\x00\xc8\x0f\x00\x25\x72\x04\x05\x0d\x00\x00\x00\x04\x00\x8e\x07\x00\xe2\x0f\x00"
"\x02\x7a\x0d\x00\x00\x69\x00\x00\x00\x0f\x00\x00\x00\xca\x0f\x00\x25\x72\x04\x05\x0a\x00\x00\x00\xff\x00\x8e\x07\x00\xc8\x0f\x00"
"\x24\x72\x04\x05\x07\x00\x00\x00\x0a\x02\x8e\x07\x00\xca\x0f\x00\x0c\x72\x00\x09\x04\x00\x00\x00\x70\x40\xf2\x03\x00\xd8\x0f\x00"
"\x24\x98\x04\x04\x01\x00\x00\x00\x09\x0a\x8e\x07\x00\xe2\x0f\x00\x10\x98\x05\x05\x01\x00\x00\x00\xff\xe0\xff\x07\x00\xe4\x0f\x00"
"\x0c\x72\x00\x0b\xff\x00\x00\x00\x70\x52\xf2\x03\x00\xe4\x0f\x00\x0c\x72\x00\x04\x09\x00\x00\x00\x70\x60\xf0\x03\x00\xe4\x0f\x00"
"\x12\x72\x04\x06\x0b\x00\x00\x00\xff\x3c\x8e\x07\x00\xc8\x0f\x00\x0c\x72\x00\x04\xff\x00\x00\x00\x70\x62\xf4\x03\x00\xcc\x0f\x00"
"\x10\x08\x05\x05\x01\x00\x00\x00\xff\xe0\xff\x07\x00\xe4\x0f\x00\x10\x78\x09\x70\x7f\x00\x00\x00\xff\xe0\xf1\x07\x00\xc8\x0f\x00"
"\x24\xa2\x05\xff\xff\x00\x00\x00\x05\x0a\x8e\x07\x00\xe4\x0f\x00\x24\x72\x0a\xff\xff\x00\x00\x00\x03\x06\x0e\x00\x00\xc6\x0f\x00"
"\x12\x92\x05\xff\x0b\x00\x00\x00\xff\x33\x8e\x07\x00\xe4\x0f\x00\x19\x78\x09\x09\x07\x00\x00\x00\x0a\x10\x00\x00\x00\xe4\x0f\x10"
"\x19\x78\x0a\xff\x07\x00\x00\x00\x0a\x14\x01\x00\x00\xe2\x0f\x00\x24\x72\x04\xff\xff\x00\x00\x00\x05\x0a\x8e\x07\x00\xe2\x0f\x00"
"\x0c\x78\x00\x09\x01\x00\x00\x00\x70\x40\xf0\x03\x00\xe4\x0f\x00\x0c\x78\x00\x70\x81\x13\x00\x00\x70\x62\xf2\x03\x00\xe2\x0f\x00"
"\x24\x72\x06\x0b\x04\x00\x00\x00\x06\x02\x8e\x07\x00\xe2\x0f\x00\x0c\x72\x00\x0a\xff\x00\x00\x00\x00\x43\xf0\x03\x00\xe2\x0f\x00"
"\x24\x78\x04\x02\x80\x00\x00\x00\xff\x00\x8e\x07\x00\xc6\x0f\x00\x11\x72\x06\x06\x05\x00\x00\x00\xff\x0a\x8f\x07\x00\xe4\x0f\x00"
"\x07\x78\x0b\x09\x01\x00\x00\x00\x00\x00\x00\x00\x00\xe4\x0f\x00\x10\x78\x07\x06\x01\x00\x00\x00\xff\xe0\xff\x07\x00\xe4\x0f\x00"
"\x07\x72\x0c\x0a\xff\x00\x00\x00\x00\x00\x00\x00\x00\xe4\x0f\x00\x0c\x78\x00\x0b\x28\x00\x00\x00\x70\x10\xf0\x03\x00\xe2\x0f\x00"
"\x24\x72\x05\x07\x08\x00\x00\x00\xff\x02\x8e\x07\x00\xe2\x0f\x00\x07\x78\x09\x09\x28\x00\x00\x00\x00\x00\x80\x04\x00\xe2\x0f\x00"
"\x24\x72\x06\x07\x00\x00\x00\x00\xff\x02\x8e\x07\x00\xe2\x0f\x00\x0c\x72\x00\x0c\xff\x00\x00\x00\x00\x13\xf0\x03\x00\xe2\x0f\x00"
"\x20\x78\x08\x0d\x3b\xaa\xb8\x3f\x00\x00\x40\x00\x00\xe2\x0f\x00\x0c\x72\x00\x70\x05\x00\x00\x00\x70\x12\xf4\x03\x00\xc4\x0f\x00"
"\x07\x72\x0a\x0a\xff\x00\x00\x00\x00\x00\x80\x04\x00\xe4\x0f\x00\x07\x72\x07\x70\x05\x00\x00\x00\x00\x00\x00\x01\x00\xe4\x0f\x00"
"\x07\x78\x0b\x0b\x28\x00\x00\x00\x00\x00\x00\x00\x00\xe4\x0f\x00\x10\x78\x07\x07\x3f\x00\x00\x00\x06\xe8\xff\x07\x00\xe4\x0f\x00"
"\x07\x72\x0c\x0c\xff\x00\x00\x00\x00\x00\x00\x00\x00\xe4\x0f\x00\x19\x78\x07\xff\x06\x00\x00\x00\x07\x14\x01\x00\x00\xc8\x0f\x00"
"\x0c\x72\x00\x07\xff\x00\x00\x00\x70\x42\xf4\x03\x00\xd8\x0f\x00\x47\xa9\x00\x00\x40\xd9\x00\x00\x00\x00\x80\x03\x00\xea\x0f\x00"
"\x19\x78\x0d\xff\x04\x00\x00\x00\x02\x16\x01\x00\x00\xe2\x0f\x10\x19\x79\x7c\x00\x00\x00\x00\x00\x00\x25\x00\x00\x00\x22\x0e\x00"
"\x12\x78\x0e\x02\x20\x00\x00\x00\xff\xc0\x8e\x07\x00\xe2\x0f\x00\x24\x78\x7b\x6e\x04\x00\x00\x00\xff\x00\x8e\x07\x00\xe2\x0f\x00"
"\x10\x78\x78\x70\xff\xff\xff\xff\xff\xe0\xf1\x07\x00\xe2\x0f\x00\x24\x78\x10\x0d\x01\x00\x00\x00\x02\x02\x8e\x07\x00\xe2\x0f\x00"
"\x19\x78\x0e\xff\x05\x00\x00\x00\x0e\x16\x01\x00\x00\xe4\x0f\x00\x10\x78\x79\x03\xff\xff\xff\xff\xff\xe4\x7f\x00\x00\xe2\x0f\x00"
"\x24\x78\x10\x10\x08\x00\x00\x00\xff\x00\x8e\x07\x00\xe2\x0f\x00\x10\x72\x11\x0f\x0e\x00\x00\x00\xff\xe0\xff\x07\x00\xc8\x0f\x00"
"\x12\x78\x0f\x10\x08\x00\x00\x00\xff\xc0\x8e\x07\x00\xe2\x0f\x00\x24\x78\x12\x11\x10\x00\x00\x00\xff\x00\x8e\x07\x00\xe4\x0f\x00"
"\x24\x78\x10\x02\x08\x00\x00\x00\xff\x00\x8e\x07\x00\xc6\x0f\x00\x12\x78\x11\x0f\x10\x00\x00\x00\x12\xf8\x8e\x07\x00\xe2\x0f\x00"
"\x24\x72\x12\xff\xff\x00\x00\x00\xff\x00\x8e\x07\x00\xc6\x0f\x00\x12\x78\x11\x11\x60\x00\x00\x00\x10\xf8\x8e\x07\x00\xe2\x0f\x00"
"\x25\x78\x7c\x7c\x80\x00\x00\x00\xff\x02\x8e\x07\x00\xc6\x1f\x00\x12\x78\x13\x11\x00\xfe\xff\x7f\x10\xf8\x8e\x07\x00\xe4\x0f\x00"
"\x12\x72\x7a\x7c\x7b\x00\x00\x00\xff\xfc\x8e\x07\x00\xe4\x0f\x00\x12\x78\x13\x13\x80\x01\x00\x00\x04\xf8\x8e\x07\x00\xe4\x0f\x00"
"\x19\x78\x11\xff\x1f\x00\x00\x00\x00\x14\x01\x00\x00\xe4\x0f\x00\x02\x72\x7b\x00\x7d\x00\x00\x00\x00\x0f\x00\x00\x00\xe2\x0f\x00"
"\x24\x78\x13\x13\x02\x00\x00\x00\xff\x00\x8e\x07\x00\xe4\x0f\x00\x19\x78\x16\xff\x05\x00\x00\x00\x02\x14\x01\x00\x00\xe2\x0f\x00"
"\x18\x79\x00\x00\x00\x00\x00\x00\x00\x00\x00\x00\x00\xe2\x0f\x00\x1d\x7b\x00\x00\x00\x00\x00\x00\x00\x00\x00\x00\x00\xea\x0f\x00"
"\x0c\x78\x00\x70\x80\x00\x00\x00\x70\x42\xf2\x03\x00\xe2\x0f\x00\x24\x78\x19\x06\x01\x00\x00\x00\x16\x02\x8e\x07\x00\xe2\x0f\x00"
"\x88\x73\x00\x68\xff\x00\x40\x00\x00\x0a\x00\x00\x00\xe2\x0f\x00\x55\x73\xff\x00\x00\x00\x00\x00\x00\x00\x10\x00\x00\xe2\x0f\x00"
"\x45\x79\x00\x00\xe0\x6b\x00\x00\x00\x00\x80\x03\x00\xe2\x0f\x00\x24\x78\x18\x12\x40\x00\x00\x00\x19\x02\x8e\x07\x00\xe2\x0f\x00"
"\x88\x73\x00\x63\xff\x00\x40\x00\x00\x0a\x00\x00\x00\xe8\x0f\x00\x88\x73\x00\x63\xff\x80\x40\x00\x00\x0a\x00\x00\x00\xe2\x0f\x00"
"\x0c\x72\x00\x18\x70\x00\x00\x00\x70\x62\xf0\x03\x00\xc6\x0f\x00\x88\x73\x00\x68\xff\x80\x40\x00\x00\x0a\x00\x00\x00\xe2\x0f\x00"
"\x0c\x72\x00\x18\x05\x00\x00\x00\x70\x12\x70\x04\x00\xc6\x0f\x00\x88\x73\x00\x68\xff\x00\x41\x00\x00\x0a\x00\x00\x00\xe8\x0f\x00"
"\x88\x73\x00\x63\xff\x00\x41\x00\x00\x0a\x00\x00\x00\xe8\x0f\x00\x88\x73\x00\x63\xff\x80\x41\x00\x00\x0a\x00\x00\x00\xe8\x0f\x00"
"\x88\x73\x00\x68\xff\x80\x41\x00\x00\x0a\x00\x00\x00\xe8\x0f\x00\x18\x79\x00\x00\x00\x00\x00\x00\x00\x00\x00\x00\x00\xe2\x0f\x00"
"\x1d\x7b\x00\x00\x00\x00\x00\x00\x00\x00\x00\x00\x00\xea\x0f\x00\x47\x19\x00\x00\xb0\x2a\x00\x00\x00\x00\x80\x03\x00\xea\x0f\x02"
"\x55\x73\xff\x01\x00\x00\x00\x00\x00\x00\x10\x00\x00\xe2\x0f\x00\x45\x79\x01\x00\xa0\x04\x00\x00\x00\x00\x80\x03\x00\xe2\x0f\x00"
"\x47\x89\x00\x00\x80\x04\x00\x00\x00\x00\x80\x03\x00\xea\x0f\x00\x11\x72\x1a\x19\x12\x00\x00\x00\xff\xd2\x8f\x07\x00\xe2\x0f\x00"
"\x55\x73\xff\x02\x00\x00\x00\x00\x00\x00\x10\x00\x00\xe2\x0f\x00\x45\x79\x02\x00\xf0\x00\x00\x00\x00\x00\x80\x03\x00\xe2\x0f\x00"
"\x24\x72\x1b\xff\xff\x00\x00\x00\xff\x00\x8e\x07\x00\xe2\x0f\x00\x0c\x78\x00\x1a\xff\x00\x00\x00\x70\x42\xf0\x03\x00\xd8\x0f\x00"
"\x47\x09\x00\x00\xb0\x00\x00\x00\x00\x00\x80\x03\x00\xea\x0f\x00\x19\x78\x17\xff\x1f\x00\x00\x00\x16\x14\x01\x00\x00\xe2\x0f\x00"
"\x24\x72\x1a\x03\x00\x00\x00\x00\xff\x02\x8e\x07\x00\xc8\x0f\x00\x24\x72\x1d\x70\x11\x00\x00\x00\x1a\x02\x8e\x07\x00\xe4\x0f\x04"
"\x25\x72\x1a\x70\x00\x00\x00\x00\x16\x00\x8e\x07\x00\xc8\x0f\x00\x24\x78\x1b\x1b\x01\x00\x00\x00\x1d\x02\x8e\x07\x00\xca\x0f\x00"
"\x19\x78\x1a\x1a\x04\x00\x00\x00\x1b\x10\x00\x00\x00\xe4\x0f\x10\x19\x78\x1b\xff\x04\x00\x00\x00\x1b\x14\x01\x00\x00\xca\x0f\x00"
"\x25\x78\x1a\x12\x04\x00\x00\x00\x1a\x00\x8e\x07\x00\xca\x0f\x00\x11\x7a\x1c\x1a\x00\x62\x00\x00\xff\x10\x80\x07\x00\xc8\x0f\x00"
"\x11\x7a\x1d\x1a\x00\x63\x00\x00\x1b\x14\x0f\x00\x00\xd0\x0f\x00\x81\x73\x1b\x1c\x00\x00\x00\x00\x00\x69\x1e\x00\x00\x24\x01\x00"
"\x41\x79\x02\x00\x00\x00\x00\x00\x00\x00\x80\x03\x00\xea\x0f\x00\x0c\x78\x00\x1b\x00\x04\x00\x00\x70\x60\xf0\x03\x00\xe2\x0f\x01"
"\x55\x73\xff\x02\x00\x00\x00\x00\x00\x00\x10\x00\x00\xe2\x0f\x00\x45\x79\x02\x00\x20\x03\x00\x00\x00\x00\x80\x03\x00\xf4\x0f\x00"
"\x05\x08\x1c\x00\x00\x00\x00\x00\x00\xff\x01\x00\x00\xe2\x1f\x00\x47\x09\x00\x00\xf0\x02\x00\x00\x00\x00\x80\x03\x00\xea\x0f\x00"
"\x0c\x72\x00\x79\xff\x00\x00\x00\x70\x50\xf0\x03\x00\xd8\x0f\x00\x47\x89\x00\x00\xd0\x00\x00\x00\x00\x00\x80\x03\x00\xea\x0f\x00"
"\x24\x72\x65\xff\xff\x00\x00\x00\x78\x00\x8e\x07\x00\xe2\x0f\x00\x02\x72\x66\x00\x79\x00\x00\x00\x00\x0f\x00\x00\x00\xe2\x0f\x00"
"\x24\x72\x61\xff\xff\x00\x00\x00\x0b\x00\x8e\x07\x00\xe2\x0f\x00\x02\x78\x5e\x00\xc0\x19\x00\x00\x00\x0f\x00\x00\x00\xe2\x0f\x00"
"\x24\x72\x5f\xff\xff\x00\x00\x00\x0c\x00\x8e\x07\x00\xc8\x0f\x00\x44\x79\x00\x00\xb0\xff\x00\x00\x00\x00\xc0\x03\x00\xea\x0f\x00"
"\x10\x72\x1a\xff\x22\x00\x00\x80\xff\xe0\xf1\x07\x00\xca\x0f\x00\x24\x72\x1c\xff\xff\x00\x00\x00\x23\x0e\x0e\x00\x00\xc8\x0f\x00"
"\x24\x72\x1f\x1c\x0b\x00\x00\x00\xff\x02\x8e\x07\x00\xe4\x0f\x00\x25\x72\x1c\x0b\x1a\x00\x00\x00\x78\x00\x8e\x07\x00\xc8\x0f\x00"
"\x24\x72\x1f\x0c\x1a\x00\x00\x00\x1f\x02\x8e\x07\x00\xc8\x0f\x00\x24\x78\x1f\x1d\x01\x00\x00\x00\x1f\x02\x8e\x07\x00\xe2\x0f\x00"
"\x47\x79\x00\x00\x40\x01\x00\x00\x00\x00\x80\x03\x00\xea\x0f\x00\x06\x73\x1a\x00\x0b\x00\x00\x00\x00\x90\x20\x00\x00\x22\x0e\x00"
"\x0c\x72\x00\x0b\xff\x00\x00\x00\x70\x50\xf4\x03\x00\xce\x0f\x00\x08\x73\x1a\x00\x1a\x00\x00\x00\x00\x10\x00\x00\x00\x24\x1e\x00"
"\x10\x78\x1e\x1a\xfe\xff\xff\x0f\xff\xe0\xff\x07\x00\xcc\x1f\x00\x05\x73\x1d\x00\x1e\x00\x00\x00\x00\xf0\x21\x00\x00\x24\x0e\x00"
"\x24\x72\x1c\xff\xff\x00\x00\x00\x1d\x0a\x8e\x07\x00\xc8\x1f\x00\x24\x72\x1f\x1c\x0b\x00\x00\x00\xff\x02\x8e\x07\x00\xe2\x0f\x00"
"\x02\x72\x1c\x00\xff\x00\x00\x00\x00\x0f\x00\x00\x00\xca\x0f\x00\x25\x72\x1c\x1d\x1f\x00\x00\x00\x1c\x00\x8e\x07\x00\xc8\x0f\x00"
"\x24\x72\x1f\xff\xff\x00\x00\x00\xff\x00\x8e\x07\x00\xe4\x0f\x00\x25\x72\x1c\x1d\x78\x00\x00\x00\xff\x00\x8e\x07\x00\xc8\x0f\x00"
"\x24\x72\x1a\xff\xff\x00\x00\x00\x1d\x0a\x8e\x07\x00\xc8\x0f\x00\x24\x72\x1a\x0b\x1a\x00\x00\x00\x78\x02\x8e\x07\x00\xca\x0f\x00"
"\x0c\x72\x00\x1a\x0b\x00\x00\x00\x70\x60\xf0\x03\x00\xd8\x0f\x00\x24\x08\x1a\x1a\x01\x00\x00\x00\x0b\x0a\x8e\x07\x00\xe2\x0f\x00"
"\x10\x08\x1d\x1d\x01\x00\x00\x00\xff\xe0\xff\x07\x00\xc8\x0f\x00\x0c\x72\x00\x1a\x0b\x00\x00\x00\x70\x60\xf2\x03\x00\xd8\x0f\x00"
"\x10\x18\x1d\x1d\x01\x00\x00\x00\xff\xe0\xff\x07\x00\xc8\x0f\x00\x12\xa2\x1d\xff\x0b\x00\x00\x00\xff\x33\x8e\x07\x00\xca\x0f\x00"
"\x24\x72\x22\xff\xff\x00\x00\x00\x1d\x00\x8e\x07\x00\xe4\x0f\x00\x19\x78\x1f\xff\x1f\x00\x00\x00\x1f\x14\x01\x00\x00\xe2\x0f\x00"
"\x25\x78\x1a\x1b\x00\x10\x00\x00\x7a\x02\x8e\x07\x00\xe2\x0f\x00\x19\x78\x1d\xff\x05\x00\x00\x00\x02\x16\x01\x00\x00\xe4\x0f\x00"
"\x10\x78\x22\x22\x01\x00\x00\x00\x1f\xe0\xff\x07\x00\xca\x0f\x00\x24\x72\x1d\x00\x22\x00\x00\x00\x1d\x02\x8e\x07\x00\xc8\x0f\x00"
"\x24\x78\x1d\x1d\x00\x01\x00\x00\xff\x00\x8e\x07\x00\xca\x0f\x00\x12\x78\x1d\x1d\x00\x0f\x00\x00\xff\xc0\x8e\x07\x00\xc8\x0f\x00"
"\x10\x72\x1c\x1a\x1d\x00\x00\x00\xff\xe0\xf1\x07\x00\xc8\x0f\x00\x10\x72\x1b\xff\x1b\x00\x00\x00\xff\xe4\x7f\x00\x00\xe4\x0f\x00"
"\x11\x7a\x1a\x1c\x00\x58\x00\x00\xff\x08\x80\x07\x00\xc8\x0f\x00\x11\x7a\x1b\x1c\x00\x59\x00\x00\x1b\x0c\x0f\x00\x00\xd0\x0f\x00"
"\x81\x73\x1c\x1a\x00\x00\x00\x00\x00\x6b\x1e\x00\x00\x24\x01\x00\x41\x79\x02\x00\x00\x00\x00\x00\x00\x00\x80\x03\x00\xea\x0f\x00"
"\x88\x73\x00\x68\x1c\x00\x40\x00\x00\x0a\x00\x00\x00\xe4\x03\x01\x41\x79\x01\x00\x00\x00\x00\x00\x00\x00\x80\x03\x00\xea\x0f\x00"
"\x10\x78\x1a\x18\x08\x00\x00\x00\xff\xe0\xff\x07\x00\xe2\x1f\x00\x55\x73\xff\x01\x00\x00\x00\x00\x00\x00\x10\x00\x00\xe2\x0f\x00"
"\x45\x79\x01\x00\x50\x05\x00\x00\x00\x00\x80\x03\x00\xe4\x0f\x00\x0c\x72\x00\x1a\x70\x00\x00\x00\x70\x62\xf0\x03\x00\xc8\x0f\x00"
"\x0c\x72\x00\x1a\x05\x00\x00\x00\x70\x66\x70\x00\x00\xd8\x0f\x00\x47\x09\x00\x00\x10\x05\x00\x00\x00\x00\x80\x03\x00\xea\x0f\x00"
"\x11\x78\x1b\x19\x01\x00\x00\x00\xff\xea\x8f\x07\x00\xe2\x0f\x00\x55\x73\xff\x02\x00\x00\x00\x00\x00\x00\x10\x00\x00\xe2\x0f\x00"
"\x45\x79\x02\x00\x40\x01\x00\x00\x00\x00\x80\x03\x00\xe4\x0f\x00\x11\x72\x1b\x1b\x12\x00\x00\x00\xff\xea\x8f\x07\x00\xc8\x0f\x00"
"\x0c\x78\x00\x1b\xff\x00\x00\x00\x70\x42\xf0\x03\x00\xe2\x0f\x00\x24\x72\x1b\xff\xff\x00\x00\x00\xff\x00\x8e\x07\x00\xd6\x0f\x00"
"\x47\x09\x00\x00\xf0\x00\x00\x00\x00\x00\x80\x03\x00\xea\x0f\x00\x24\x72\x1a\x03\x00\x00\x00\x00\xff\x02\x8e\x07\x00\xe2\x0f\x00"
"\x19\x78\x1b\xff\x1f\x00\x00\x00\x16\x14\x01\x00\x00\xc6\x0f\x00\x24\x72\x1d\x70\x11\x00\x00\x00\x1a\x02\x8e\x07\x00\xe4\x2f\x00"
"\x24\x72\x1a\xff\xff\x00\x00\x00\x16\x00\x8e\x07\x00\xc8\x0f\x00\x25\x72\x1a\x70\x00\x00\x00\x00\x1a\x00\x8e\x07\x00\xc8\x0f\x00"
"\x24\x78\x1d\x1b\x01\x00\x00\x00\x1d\x02\x8e\x07\x00\xca\x0f\x00\x19\x78\x1a\x1a\x03\x00\x00\x00\x1d\x10\x00\x00\x00\xc8\x0f\x00"
"\x10\x78\x1a\x1a\x01\x00\x00\x00\xff\xe0\xf1\x07\x00\xc8\x0f\x00\x11\x72\x1b\x1d\xff\x00\x00\x00\xff\xee\x0f\x00\x00\xc8\x0f\x00"
"\x19\x78\x1a\x1a\x01\x00\x00\x00\x1b\x12\x00\x00\x00\xe4\x0f\x10\x19\x78\x1b\xff\x01\x00\x00\x00\x1b\x16\x01\x00\x00\xca\x0f\x00"
"\x25\x78\x1a\x12\x04\x00\x00\x00\x1a\x00\x8e\x07\x00\xca\x0f\x00\x11\x7a\x1c\x1a\x00\x62\x00\x00\xff\x10\x80\x07\x00\xc8\x0f\x00"
"\x11\x7a\x1d\x1a\x00\x63\x00\x00\x1b\x14\x0f\x00\x00\xd0\x0f\x00\x81\x73\x1b\x1c\x00\x00\x00\x00\x00\x69\x1e\x00\x00\x24\x01\x00"
"\x41\x79\x02\x00\x00\x00\x00\x00\x00\x00\x80\x03\x00\xea\x0f\x00\x0c\x78\x00\x1b\x00\x04\x00\x00\x70\x60\xf0\x03\x00\xe2\x0f\x01"
"\x55\x73\xff\x02\x00\x00\x00\x00\x00\x00\x10\x00\x00\xe2\x0f\x00\x45\x79\x02\x00\x40\x03\x00\x00\x00\x00\x80\x03\x00\xf4\x0f\x00"
"\x05\x08\x1c\x00\x00\x00\x00\x00\x00\xff\x01\x00\x00\xe2\x3f\x00\x47\x09\x00\x00\x10\x03\x00\x00\x00\x00\x80\x03\x00\xea\x0f\x00"
"\x0c\x72\x00\x79\xff\x00\x00\x00\x70\x50\xf0\x03\x00\xd8\x0f\x00\x47\x89\x00\x00\xf0\x00\x00\x00\x00\x00\x80\x03\x00\xea\x0f\x00"
"\x24\x72\x65\xff\xff\x00\x00\x00\x78\x00\x8e\x07\x00\xe2\x0f\x00\x02\x72\x61\x00\x0b\x00\x00\x00\x00\x0f\x00\x00\x00\xe2\x0f\x00"
"\x24\x72\x66\xff\xff\x00\x00\x00\x79\x00\x8e\x07\x00\xe2\x0f\x00\x02\x78\x5e\x00\x00\x1f\x00\x00\x00\x0f\x00\x00\x00\xe2\x0f\x00"
"\x24\x72\x5f\xff\xff\x00\x00\x00\x0c\x00\x8e\x07\x00\xc8\x0f\x00\x44\x79\x00\x00\x70\xfa\x00\x00\x00\x00\xc0\x03\x00\xea\x0f\x00"
"\x10\x72\x1f\xff\x22\x00\x00\x80\xff\xe0\xf1\x07\x00\xe2\x0f\x00\x24\x72\x1c\xff\xff\x00\x00\x00\x78\x00\x8e\x07\x00\xe4\x0f\x00"
"\x24\x72\x1d\xff\xff\x00\x00\x00\x79\x00\x8e\x07\x00\xe4\x0f\x00\x24\x72\x1a\xff\xff\x00\x00\x00\x23\x0e\x0e\x00\x00\xe4\x0f\x00"
"\x25\x72\x1c\x0b\x1f\x00\x00\x00\x1c\x00\x8e\x07\x00\xc8\x0f\x00\x24\x72\x1a\x1a\x0b\x00\x00\x00\xff\x02\x8e\x07\x00\xc8\x0f\x00"
"\x24\x72\x1f\x0c\x1f\x00\x00\x00\x1a\x02\x8e\x07\x00\xc8\x0f\x00\x24\x78\x1f\x1d\x01\x00\x00\x00\x1f\x02\x8e\x07\x00\xe2\x0f\x00"
"\x47\x79\x00\x00\x40\x01\x00\x00\x00\x00\x80\x03\x00\xea\x0f\x00\x06\x73\x1a\x00\x0b\x00\x00\x00\x00\x90\x20\x00\x00\x22\x0e\x00"
"\x0c\x72\x00\x0b\xff\x00\x00\x00\x70\x50\xf4\x03\x00\xce\x0f\x00\x08\x73\x1a\x00\x1a\x00\x00\x00\x00\x10\x00\x00\x00\x24\x1e\x00"
"\x10\x78\x1e\x1a\xfe\xff\xff\x0f\xff\xe0\xff\x07\x00\xcc\x1f\x00\x05\x73\x1d\x00\x1e\x00\x00\x00\x00\xf0\x21\x00\x00\x24\x0e\x00"
"\x10\x72\x1c\xff\x1d\x00\x00\x80\xff\xe0\xff\x07\x00\xca\x1f\x00\x24\x72\x1f\x1c\x0b\x00\x00\x00\xff\x02\x8e\x07\x00\xe4\x0f\x00"
"\x24\x72\x1c\xff\xff\x00\x00\x00\xff\x00\x8e\x07\x00\xc8\x0f\x00\x25\x72\x1c\x1d\x1f\x00\x00\x00\x1c\x00\x8e\x07\x00\xc8\x0f\x00"
"\x24\x72\x1f\xff\xff\x00\x00\x00\xff\x00\x8e\x07\x00\xe4\x0f\x00\x25\x72\x1c\x1d\x78\x00\x00\x00\xff\x00\x8e\x07\x00\xc8\x0f\x00"
"\x24\x72\x1a\xff\xff\x00\x00\x00\x1d\x0a\x8e\x07\x00\xc8\x0f\x00\x24\x72\x1a\x0b\x1a\x00\x00\x00\x78\x02\x8e\x07\x00\xca\x0f\x00"
"\x0c\x72\x00\x1a\x0b\x00\x00\x00\x70\x60\xf0\x03\x00\xd8\x0f\x00\x24\x08\x1a\x1a\x01\x00\x00\x00\x0b\x0a\x8e\x07\x00\xe2\x0f\x00"
"\x10\x08\x1d\x1d\x01\x00\x00\x00\xff\xe0\xff\x07\x00\xc8\x0f\x00\x0c\x72\x00\x1a\x0b\x00\x00\x00\x70\x60\xf2\x03\x00\xd8\x0f\x00"
"\x10\x18\x1d\x1d\x01\x00\x00\x00\xff\xe0\xff\x07\x00\xc8\x0f\x00\x12\xa2\x1d\xff\x0b\x00\x00\x00\xff\x33\x8e\x07\x00\xca\x0f\x00"
"\x24\x72\x22\xff\xff\x00\x00\x00\x1d\x00\x8e\x07\x00\xe4\x0f\x00\x19\x78\x1f\xff\x1f\x00\x00\x00\x1f\x14\x01\x00\x00\xe2\x0f\x00"
"\x25\x78\x1a\x1b\x00\x10\x00\x00\x7a\x02\x8e\x07\x00\xe2\x0f\x00\x11\x78\x1d\x02\x08\x00\x00\x00\xff\xd8\x8f\x07\x00\xe4\x0f\x00"
"\x10\x78\x22\x22\x01\x00\x00\x00\x1f\xe0\xff\x07\x00\xca\x0f\x00\x24\x72\x1d\x00\x22\x00\x00\x00\x1d\x02\x8e\x07\x00\xca\x0f\x00"
"\x19\x78\x1d\x1d\x08\x00\x00\x00\xff\x06\x00\x00\x00\xc8\x0f\x00\x12\x78\x1d\x1d\x00\x0f\x00\x00\xff\xc0\x8e\x07\x00\xc8\x0f\x00"
"\x10\x72\x1c\x1a\x1d\x00\x00\x00\xff\xe0\xf1\x07\x00\xca\x0f\x00\x24\x72\x1b\xff\xff\x00\x00\x00\x1b\x06\x0e\x00\x00\xe2\x0f\x00"
"\x11\x7a\x1a\x1c\x00\x58\x00\x00\xff\x08\x80\x07\x00\xc8\x0f\x00\x11\x7a\x1b\x1c\x00\x59\x00\x00\x1b\x0c\x0f\x00\x00\xd0\x0f\x00"
"\x81\x73\x1c\x1a\x00\x00\x00\x00\x00\x6b\x1e\x00\x00\x24\x01\x00\x41\x79\x02\x00\x00\x00\x00\x00\x00\x00\x80\x03\x00\xea\x0f\x00"
"\x12\x78\x1a\x6c\x08\x00\x00\x00\x69\xf4\x8e\x07\x00\xca\x1f\x00\x24\x78\x1a\x1a\x02\x00\x00\x00\xff\x00\x8e\x07\x00\xd0\x0f\x00"
"\x88\x73\x00\x1a\x1c\x00\x40\x00\x00\x0a\x00\x00\x00\xe4\x01\x01\x41\x79\x01\x00\x00\x00\x00\x00\x00\x00\x80\x03\x00\xea\x0f\x00"
"\x10\x78\x1a\x18\x10\x00\x00\x00\xff\xe0\xff\x07\x00\xe2\x1f\x00\x55\x73\xff\x01\x00\x00\x00\x00\x00\x00\x10\x00\x00\xe2\x0f\x00"
"\x45\x79\x01\x00\x50\x05\x00\x00\x00\x00\x80\x03\x00\xe4\x0f\x00\x0c\x72\x00\x1a\x70\x00\x00\x00\x70\x62\xf0\x03\x00\xc8\x0f\x00"
"\x0c\x72\x00\x1a\x05\x00\x00\x00\x70\x66\x70\x00\x00\xd8\x0f\x00\x47\x09\x00\x00\x10\x05\x00\x00\x00\x00\x80\x03\x00\xea\x0f\x00"
"\x11\x78\x1b\x19\x02\x00\x00\x00\xff\xea\x8f\x07\x00\xe2\x0f\x00\x55\x73\xff\x02\x00\x00\x00\x00\x00\x00\x10\x00\x00\xe2\x0f\x00"
"\x45\x79\x02\x00\x40\x01\x00\x00\x00\x00\x80\x03\x00\xe4\x0f\x00\x11\x72\x1b\x1b\x12\x00\x00\x00\xff\xea\x8f\x07\x00\xc8\x0f\x00"
"\x0c\x78\x00\x1b\xff\x00\x00\x00\x70\x42\xf0\x03\x00\xe2\x0f\x00\x24\x72\x1b\xff\xff\x00\x00\x00\xff\x00\x8e\x07\x00\xd6\x0f\x00"
"\x47\x09\x00\x00\xf0\x00\x00\x00\x00\x00\x80\x03\x00\xea\x0f\x00\x24\x72\x1a\x03\x00\x00\x00\x00\xff\x02\x8e\x07\x00\xe2\x0f\x00"
"\x19\x78\x1b\xff\x1f\x00\x00\x00\x16\x14\x01\x00\x00\xc6\x0f\x00\x24\x72\x1d\x70\x11\x00\x00\x00\x1a\x02\x8e\x07\x00\xe4\x2f\x00"
"\x24\x72\x1a\xff\xff\x00\x00\x00\x16\x00\x8e\x07\x00\xc8\x0f\x00\x25\x72\x1a\x70\x00\x00\x00\x00\x1a\x00\x8e\x07\x00\xc8\x0f\x00"
"\x24\x78\x1d\x1b\x01\x00\x00\x00\x1d\x02\x8e\x07\x00\xca\x0f\x00\x19\x78\x1a\x1a\x03\x00\x00\x00\x1d\x10\x00\x00\x00\xc8\x0f\x00"
"\x10\x78\x1a\x1a\x02\x00\x00\x00\xff\xe0\xf1\x07\x00\xc8\x0f\x00\x11\x72\x1b\x1d\xff\x00\x00\x00\xff\xee\x0f\x00\x00\xc8\x0f\x00"
"\x19\x78\x1a\x1a\x01\x00\x00\x00\x1b\x12\x00\x00\x00\xe4\x0f\x10\x19\x78\x1b\xff\x01\x00\x00\x00\x1b\x16\x01\x00\x00\xca\x0f\x00"
"\x25\x78\x1a\x12\x04\x00\x00\x00\x1a\x00\x8e\x07\x00\xca\x0f\x00\x11\x7a\x1c\x1a\x00\x62\x00\x00\xff\x10\x80\x07\x00\xc8\x0f\x00"
"\x11\x7a\x1d\x1a\x00\x63\x00\x00\x1b\x14\x0f\x00\x00\xd0\x0f\x00\x81\x73\x1b\x1c\x00\x00\x00\x00\x00\x69\x1e\x00\x00\x24\x01\x00"
"\x41\x79\x02\x00\x00\x00\x00\x00\x00\x00\x80\x03\x00\xea\x0f\x00\x0c\x78\x00\x1b\x00\x04\x00\x00\x70\x60\xf0\x03\x00\xe2\x0f\x01"
"\x55\x73\xff\x02\x00\x00\x00\x00\x00\x00\x10\x00\x00\xe2\x0f\x00\x45\x79\x02\x00\x40\x03\x00\x00\x00\x00\x80\x03\x00\xf4\x0f\x00"
"\x05\x08\x1c\x00\x00\x00\x00\x00\x00\xff\x01\x00\x00\xe2\x3f\x00\x47\x09\x00\x00\x10\x03\x00\x00\x00\x00\x80\x03\x00\xea\x0f\x00"
"\x0c\x72\x00\x79\xff\x00\x00\x00\x70\x50\xf0\x03\x00\xd8\x0f\x00\x47\x89\x00\x00\xf0\x00\x00\x00\x00\x00\x80\x03\x00\xea\x0f\x00"
"\x02\x72\x65\x00\x78\x00\x00\x00\x00\x0f\x00\x00\x00\xe2\x0f\x00\x24\x72\x66\xff\xff\x00\x00\x00\x79\x00\x8e\x07\x00\xe2\x0f\x00"
"\x02\x78\x5e\x00\x80\x24\x00\x00\x00\x0f\x00\x00\x00\xe2\x0f\x00\x24\x72\x61\xff\xff\x00\x00\x00\x0b\x00\x8e\x07\x00\xe4\x0f\x00"
"\x24\x72\x5f\xff\xff\x00\x00\x00\x0c\x00\x8e\x07\x00\xc8\x0f\x00\x44\x79\x00\x00\xf0\xf4\x00\x00\x00\x00\xc0\x03\x00\xea\x0f\x00"
"\x10\x72\x1f\xff\x22\x00\x00\x80\xff\xe0\xf1\x07\x00\xe2\x0f\x00\x24\x72\x1c\xff\xff\x00\x00\x00\x78\x00\x8e\x07\x00\xe2\x0f\x00"
"\x02\x72\x1d\x00\x79\x00\x00\x00\x00\x0f\x00\x00\x00\xc6\x0f\x00\x24\x72\x1a\xff\xff\x00\x00\x00\x23\x0e\x0e\x00\x00\xe4\x0f\x00"
"\x25\x72\x1c\x0b\x1f\x00\x00\x00\x1c\x00\x8e\x07\x00\xc8\x0f\x00\x24\x72\x1a\x1a\x0b\x00\x00\x00\xff\x02\x8e\x07\x00\xc8\x0f\x00"
"\x24\x72\x1f\x0c\x1f\x00\x00\x00\x1a\x02\x8e\x07\x00\xc8\x0f\x00\x24\x78\x1d\x1d\x01\x00\x00\x00\x1f\x02\x8e\x07\x00\xe2\x0f\x00"
"\x47\x79\x00\x00\x40\x01\x00\x00\x00\x00\x80\x03\x00\xea\x0f\x00\x06\x73\x1a\x00\x0b\x00\x00\x00\x00\x90\x20\x00\x00\x22\x0e\x00"
"\x0c\x72\x00\x0b\xff\x00\x00\x00\x70\x50\xf4\x03\x00\xce\x0f\x00\x08\x73\x1a\x00\x1a\x00\x00\x00\x00\x10\x00\x00\x00\x24\x1e\x00"
"\x10\x78\x1e\x1a\xfe\xff\xff\x0f\xff\xe0\xff\x07\x00\xcc\x1f\x00\x05\x73\x1d\x00\x1e\x00\x00\x00\x00\xf0\x21\x00\x00\x24\x0e\x00"
"\x24\x72\x1c\xff\xff\x00\x00\x00\x1d\x0a\x8e\x07\x00\xc8\x1f\x00\x24\x72\x1f\x1c\x0b\x00\x00\x00\xff\x02\x8e\x07\x00\xe4\x0f\x00"
"\x24\x72\x1c\xff\xff\x00\x00\x00\xff\x00\x8e\x07\x00\xc8\x0f\x00\x25\x72\x1c\x1d\x1f\x00\x00\x00\x1c\x00\x8e\x07\x00\xcc\x0f\x00"
"\x25\x72\x1c\x1d\x78\x00\x00\x00\xff\x00\x8e\x07\x00\xc8\x0f\x00\x24\x72\x22\xff\xff\x00\x00\x00\x1d\x00\x8e\x07\x00\xe4\x0f\x00"
"\x24\x72\x1d\xff\xff\x00\x00\x00\xff\x00\x8e\x07\x00\xe4\x0f\x00\x24\x72\x1a\xff\xff\x00\x00\x00\x22\x0a\x8e\x07\x00\xc8\x0f\x00"
"\x24\x72\x1a\x0b\x1a\x00\x00\x00\x78\x02\x8e\x07\x00\xca\x0f\x00\x0c\x72\x00\x1a\x0b\x00\x00\x00\x70\x60\xf0\x03\x00\xd8\x0f\x00"
"\x10\x02\x1a\x1a\x0b\x00\x00\x80\xff\xe0\xff\x07\x00\xe4\x0f\x08\x10\x08\x22\x22\x01\x00\x00\x00\xff\xe0\xff\x07\x00\xe4\x0f\x00"
"\x0c\x72\x00\x1a\x0b\x00\x00\x00\x70\x60\xf2\x03\x00\xd8\x0f\x00\x10\x18\x22\x22\x01\x00\x00\x00\xff\xe0\xff\x07\x00\xc8\x0f\x00"
"\x12\xa2\x22\xff\x0b\x00\x00\x00\xff\x33\x8e\x07\x00\xe4\x0f\x00\x19\x78\x1d\xff\x1f\x00\x00\x00\x1d\x14\x01\x00\x00\xe4\x0f\x00"
"\x19\x78\x1a\xff\x05\x00\x00\x00\x02\x16\x01\x00\x00\xe4\x0f\x00\x10\x78\x1d\x22\x01\x00\x00\x00\x1d\xe0\xff\x07\x00\xca\x0f\x00"
"\x24\x72\x1d\x00\x1d\x00\x00\x00\x1a\x02\x8e\x07\x00\xe4\x0f\x00\x25\x78\x1a\x1b\x00\x10\x00\x00\x7a\x02\x8e\x07\x00\xc8\x0f\x00"
"\x24\x78\x1d\x1d\x00\x01\x00\x00\xff\x00\x8e\x07\x00\xca\x0f\x00\x12\x78\x1d\x1d\x00\x0f\x00\x00\xff\xc0\x8e\x07\x00\xc8\x0f\x00"
"\x10\x72\x1c\x1a\x1d\x00\x00\x00\xff\xe0\xf1\x07\x00\xca\x0f\x00\x24\x72\x1b\xff\xff\x00\x00\x00\x1b\x06\x0e\x00\x00\xe2\x0f\x00"
"\x11\x7a\x1a\x1c\x00\x58\x00\x00\xff\x08\x80\x07\x00\xc8\x0f\x00\x11\x7a\x1b\x1c\x00\x59\x00\x00\x1b\x0c\x0f\x00\x00\xd0\x0f\x00"
"\x81\x73\x1c\x1a\x00\x00\x00\x00\x00\x6b\x1e\x00\x00\x24\x01\x00\x41\x79\x02\x00\x00\x00\x00\x00\x00\x00\x80\x03\x00\xea\x0f\x00"
"\x12\x78\x1a\x6c\x08\x00\x00\x00\x69\xf4\x8e\x07\x00\xca\x1f\x00\x24\x78\x1a\x1a\x02\x00\x00\x00\xff\x00\x8e\x07\x00\xd0\x0f\x00"
"\x88\x73\x00\x1a\x1c\x80\x40\x00\x00\x0a\x00\x00\x00\xe4\x01\x01\x41\x79\x01\x00\x00\x00\x00\x00\x00\x00\x80\x03\x00\xea\x0f\x00"
"\x10\x78\x1a\x18\x18\x00\x00\x00\xff\xe0\xff\x07\x00\xe2\x1f\x00\x55\x73\xff\x01\x00\x00\x00\x00\x00\x00\x10\x00\x00\xe2\x0f\x00"
"\x45\x79\x01\x00\x30\x05\x00\x00\x00\x00\x80\x03\x00\xe4\x0f\x00\x0c\x72\x00\x1a\x70\x00\x00\x00\x70\x62\xf0\x03\x00\xc8\x0f\x00"
"\x0c\x72\x00\x1a\x05\x00\x00\x00\x70\x66\x70\x00\x00\xd8\x0f\x00\x47\x09\x00\x00\xf0\x04\x00\x00\x00\x00\x80\x03\x00\xea\x0f\x00"
"\x11\x78\x1b\x19\x03\x00\x00\x00\xff\xea\x8f\x07\x00\xe2\x0f\x00\x55\x73\xff\x02\x00\x00\x00\x00\x00\x00\x10\x00\x00\xe2\x0f\x00"
"\x45\x79\x02\x00\x40\x01\x00\x00\x00\x00\x80\x03\x00\xe4\x0f\x00\x11\x72\x1b\x1b\x12\x00\x00\x00\xff\xea\x8f\x07\x00\xc8\x0f\x00"
"\x0c\x78\x00\x1b\xff\x00\x00\x00\x70\x42\xf0\x03\x00\xe2\x0f\x00\x24\x72\x1b\xff\xff\x00\x00\x00\xff\x00\x8e\x07\x00\xd6\x0f\x00"
"\x47\x09\x00\x00\xf0\x00\x00\x00\x00\x00\x80\x03\x00\xea\x0f\x00\x24\x72\x1a\x03\x00\x00\x00\x00\xff\x02\x8e\x07\x00\xe2\x0f\x00"
"\x19\x78\x1b\xff\x1f\x00\x00\x00\x16\x14\x01\x00\x00\xc6\x0f\x00\x24\x72\x1d\x70\x11\x00\x00\x00\x1a\x02\x8e\x07\x00\xe2\x2f\x00"
"\x02\x72\x1a\x00\x16\x00\x00\x00\x00\x0f\x00\x00\x00\xca\x0f\x00\x25\x72\x1a\x70\x00\x00\x00\x00\x1a\x00\x8e\x07\x00\xc8\x0f\x00"
"\x24\x78\x1d\x1b\x01\x00\x00\x00\x1d\x02\x8e\x07\x00\xca\x0f\x00\x19\x78\x1a\x1a\x03\x00\x00\x00\x1d\x10\x00\x00\x00\xc8\x0f\x00"
"\x10\x78\x1a\x1a\x03\x00\x00\x00\xff\xe0\xf1\x07\x00\xc8\x0f\x00\x11\x72\x1b\x1d\xff\x00\x00\x00\xff\xee\x0f\x00\x00\xc8\x0f\x00"
"\x19\x78\x1a\x1a\x01\x00\x00\x00\x1b\x12\x00\x00\x00\xe4\x0f\x10\x19\x78\x1b\xff\x01\x00\x00\x00\x1b\x16\x01\x00\x00\xca\x0f\x00"
"\x25\x78\x1a\x12\x04\x00\x00\x00\x1a\x00\x8e\x07\x00\xca\x0f\x00\x11\x7a\x1c\x1a\x00\x62\x00\x00\xff\x10\x80\x07\x00\xc8\x0f\x00"
"\x11\x7a\x1d\x1a\x00\x63\x00\x00\x1b\x14\x0f\x00\x00\xd0\x0f\x00\x81\x73\x1b\x1c\x00\x00\x00\x00\x00\x69\x1e\x00\x00\x24\x01\x00"
"\x41\x79\x02\x00\x00\x00\x00\x00\x00\x00\x80\x03\x00\xea\x0f\x00\x0c\x78\x00\x1b\x00\x04\x00\x00\x70\x60\xf0\x03\x00\xe2\x0f\x01"
"\x55\x73\xff\x02\x00\x00\x00\x00\x00\x00\x10\x00\x00\xe2\x0f\x00\x45\x79\x02\x00\x40\x03\x00\x00\x00\x00\x80\x03\x00\xf4\x0f\x00"
"\x05\x08\x1c\x00\x00\x00\x00\x00\x00\xff\x01\x00\x00\xe2\x3f\x00\x47\x09\x00\x00\x10\x03\x00\x00\x00\x00\x80\x03\x00\xea\x0f\x00"
"\x0c\x72\x00\x79\xff\x00\x00\x00\x70\x50\xf0\x03\x00\xd8\x0f\x00\x47\x89\x00\x00\xf0\x00\x00\x00\x00\x00\x80\x03\x00\xea\x0f\x00"
"\x24\x72\x65\xff\xff\x00\x00\x00\x78\x00\x8e\x07\x00\xe2\x0f\x00\x02\x78\x5e\x00\x00\x2a\x00\x00\x00\x0f\x00\x00\x00\xe2\x0f\x00"
"\x24\x72\x66\xff\xff\x00\x00\x00\x79\x00\x8e\x07\x00\xe4\x0f\x00\x24\x72\x61\xff\xff\x00\x00\x00\x0b\x00\x8e\x07\x00\xe4\x0f\x00"
"\x24\x72\x5f\xff\xff\x00\x00\x00\x0c\x00\x8e\x07\x00\xc8\x0f\x00\x44\x79\x00\x00\x70\xef\x00\x00\x00\x00\xc0\x03\x00\xea\x0f\x00"
"\x10\x72\x1f\xff\x22\x00\x00\x80\xff\xe0\xf1\x07\x00\xe2\x0f\x00\x24\x72\x1c\xff\xff\x00\x00\x00\x78\x00\x8e\x07\x00\xe4\x0f\x00"
"\x24\x72\x1d\xff\xff\x00\x00\x00\x79\x00\x8e\x07\x00\xe2\x0f\x00\x10\x72\x1a\xff\x23\x00\x00\x80\xff\xe4\x7f\x00\x00\xc6\x0f\x00"
"\x25\x72\x1c\x0b\x1f\x00\x00\x00\x1c\x00\x8e\x07\x00\xc8\x0f\x00\x24\x72\x1a\x1a\x0b\x00\x00\x00\xff\x02\x8e\x07\x00\xc8\x0f\x00"
"\x24\x72\x1f\x0c\x1f\x00\x00\x00\x1a\x02\x8e\x07\x00\xc8\x0f\x00\x24\x78\x1d\x1d\x01\x00\x00\x00\x1f\x02\x8e\x07\x00\xe2\x0f\x00"
"\x47\x79\x00\x00\x40\x01\x00\x00\x00\x00\x80\x03\x00\xea\x0f\x00\x06\x73\x1a\x00\x0b\x00\x00\x00\x00\x90\x20\x00\x00\x22\x0e\x00"
"\x0c\x72\x00\x0b\xff\x00\x00\x00\x70\x50\xf4\x03\x00\xce\x0f\x00\x08\x73\x1a\x00\x1a\x00\x00\x00\x00\x10\x00\x00\x00\x24\x1e\x00"
"\x10\x78\x1e\x1a\xfe\xff\xff\x0f\xff\xe0\xff\x07\x00\xcc\x1f\x00\x05\x73\x1d\x00\x1e\x00\x00\x00\x00\xf0\x21\x00\x00\x24\x0e\x00"
"\x24\x72\x1c\xff\xff\x00\x00\x00\x1d\x0a\x8e\x07\x00\xc8\x1f\x00\x24\x72\x1f\x1c\x0b\x00\x00\x00\xff\x02\x8e\x07\x00\xe4\x0f\x00"
"\x24\x72\x1c\xff\xff\x00\x00\x00\xff\x00\x8e\x07\x00\xc8\x0f\x00\x25\x72\x1c\x1d\x1f\x00\x00\x00\x1c\x00\x8e\x07\x00\xcc\x0f\x00"
"\x25\x72\x1c\x1d\x78\x00\x00\x00\xff\x00\x8e\x07\x00\xca\x0f\x00\x02\x72\x22\x00\x1d\x00\x00\x00\x00\x0f\x00\x00\x00\xe2\x0f\x00"
"\x24\x72\x1d\xff\xff\x00\x00\x00\xff\x00\x8e\x07\x00\xc8\x0f\x00\x24\x72\x1a\xff\xff\x00\x00\x00\x22\x0a\x8e\x07\x00\xc8\x0f\x00"
"\x24\x72\x1a\x0b\x1a\x00\x00\x00\x78\x02\x8e\x07\x00\xca\x0f\x00\x0c\x72\x00\x1a\x0b\x00\x00\x00\x70\x60\xf0\x03\x00\xd8\x0f\x00"
"\x24\x08\x1a\x1a\x01\x00\x00\x00\x0b\x0a\x8e\x07\x00\xe2\x0f\x00\x10\x08\x22\x22\x01\x00\x00\x00\xff\xe0\xff\x07\x00\xc8\x0f\x00"
"\x0c\x72\x00\x1a\x0b\x00\x00\x00\x70\x60\xf2\x03\x00\xd8\x0f\x00\x10\x18\x22\x22\x01\x00\x00\x00\xff\xe0\xff\x07\x00\xc8\x0f\x00"
"\x12\xa2\x22\xff\x0b\x00\x00\x00\xff\x33\x8e\x07\x00\xe4\x0f\x00\x19\x78\x1d\xff\x1f\x00\x00\x00\x1d\x14\x01\x00\x00\xe4\x0f\x00"
"\x11\x78\x1a\x02\x08\x00\x00\x00\xff\xd8\x8f\x07\x00\xe4\x0f\x00\x10\x78\x1d\x22\x01\x00\x00\x00\x1d\xe0\xff\x07\x00\xca\x0f\x00"
"\x24\x72\x1d\x00\x1d\x00\x00\x00\x1a\x02\x8e\x07\x00\xe4\x0f\x00\x25\x78\x1a\x1b\x00\x10\x00\x00\x7a\x02\x8e\x07\x00\xc8\x0f\x00"
"\x24\x78\x1d\x1d\x00\x01\x00\x00\xff\x00\x8e\x07\x00\xca\x0f\x00\x12\x78\x1d\x1d\x00\x0f\x00\x00\xff\xc0\x8e\x07\x00\xc8\x0f\x00"
"\x10\x72\x1c\x1a\x1d\x00\x00\x00\xff\xe0\xf1\x07\x00\xca\x0f\x00\x24\x72\x1b\xff\xff\x00\x00\x00\x1b\x06\x0e\x00\x00\xe2\x0f\x00"
"\x11\x7a\x1a\x1c\x00\x58\x00\x00\xff\x08\x80\x07\x00\xc8\x0f\x00\x11\x7a\x1b\x1c\x00\x59\x00\x00\x1b\x0c\x0f\x00\x00\xd0\x0f\x00"
"\x81\x73\x1c\x1a\x00\x00\x00\x00\x00\x6b\x1e\x00\x00\x24\x01\x00\x41\x79\x02\x00\x00\x00\x00\x00\x00\x00\x80\x03\x00\xea\x0f\x00"
"\x88\x73\x00\x68\x1c\x80\x40\x00\x00\x0a\x00\x00\x00\xe4\x03\x01\x41\x79\x01\x00\x00\x00\x00\x00\x00\x00\x80\x03\x00\xea\x0f\x00"
"\x10\x78\x1a\x18\x20\x00\x00\x00\xff\xe0\xff\x07\x00\xe2\x1f\x00\x55\x73\xff\x01\x00\x00\x00\x00\x00\x00\x10\x00\x00\xe2\x0f\x00"
"\x45\x79\x01\x00\x30\x05\x00\x00\x00\x00\x80\x03\x00\xe4\x0f\x00\x0c\x72\x00\x1a\x70\x00\x00\x00\x70\x62\xf0\x03\x00\xc8\x0f\x00"
"\x0c\x72\x00\x1a\x05\x00\x00\x00\x70\x66\x70\x00\x00\xd8\x0f\x00\x47\x09\x00\x00\xf0\x04\x00\x00\x00\x00\x80\x03\x00\xea\x0f\x00"
"\x11\x78\x1b\x19\x04\x00\x00\x00\xff\xea\x8f\x07\x00\xe2\x0f\x00\x55\x73\xff\x02\x00\x00\x00\x00\x00\x00\x10\x00\x00\xe2\x0f\x00"
"\x45\x79\x02\x00\x40\x01\x00\x00\x00\x00\x80\x03\x00\xe4\x0f\x00\x11\x72\x1b\x1b\x12\x00\x00\x00\xff\xea\x8f\x07\x00\xc8\x0f\x00"
"\x0c\x78\x00\x1b\xff\x00\x00\x00\x70\x42\xf0\x03\x00\xe4\x0f\x00\x02\x72\x1b\x00\xff\x00\x00\x00\x00\x0f\x00\x00\x00\xd4\x0f\x00"
"\x47\x09\x00\x00\xf0\x00\x00\x00\x00\x00\x80\x03\x00\xea\x0f\x00\x24\x72\x1a\x03\x00\x00\x00\x00\xff\x02\x8e\x07\x00\xe2\x0f\x00"
"\x19\x78\x1b\xff\x1f\x00\x00\x00\x16\x14\x01\x00\x00\xc6\x0f\x00\x24\x72\x1d\x70\x11\x00\x00\x00\x1a\x02\x8e\x07\x00\xe4\x2f\x00"
"\x24\x72\x1a\xff\xff\x00\x00\x00\x16\x00\x8e\x07\x00\xc8\x0f\x00\x25\x72\x1a\x70\x00\x00\x00\x00\x1a\x00\x8e\x07\x00\xc8\x0f\x00"
"\x24\x78\x1d\x1b\x01\x00\x00\x00\x1d\x02\x8e\x07\x00\xca\x0f\x00\x19\x78\x1a\x1a\x03\x00\x00\x00\x1d\x10\x00\x00\x00\xc8\x0f\x00"
"\x10\x78\x1a\x1a\x04\x00\x00\x00\xff\xe0\xf1\x07\x00\xc8\x0f\x00\x11\x72\x1b\x1d\xff\x00\x00\x00\xff\xee\x0f\x00\x00\xc8\x0f\x00"
"\x19\x78\x1a\x1a\x01\x00\x00\x00\x1b\x12\x00\x00\x00\xe4\x0f\x10\x19\x78\x1b\xff\x01\x00\x00\x00\x1b\x16\x01\x00\x00\xca\x0f\x00"
"\x25\x78\x1a\x12\x04\x00\x00\x00\x1a\x00\x8e\x07\x00\xca\x0f\x00\x11\x7a\x1c\x1a\x00\x62\x00\x00\xff\x10\x80\x07\x00\xc8\x0f\x00"
"\x11\x7a\x1d\x1a\x00\x63\x00\x00\x1b\x14\x0f\x00\x00\xd0\x0f\x00\x81\x73\x1b\x1c\x00\x00\x00\x00\x00\x69\x1e\x00\x00\x24\x01\x00"
"\x41\x79\x02\x00\x00\x00\x00\x00\x00\x00\x80\x03\x00\xea\x0f\x00\x0c\x78\x00\x1b\x00\x04\x00\x00\x70\x60\xf0\x03\x00\xe2\x0f\x01"
"\x55\x73\xff\x02\x00\x00\x00\x00\x00\x00\x10\x00\x00\xe2\x0f\x00\x45\x79\x02\x00\x40\x03\x00\x00\x00\x00\x80\x03\x00\xf4\x0f\x00"
"\x05\x08\x1c\x00\x00\x00\x00\x00\x00\xff\x01\x00\x00\xe2\x3f\x00\x47\x09\x00\x00\x10\x03\x00\x00\x00\x00\x80\x03\x00\xea\x0f\x00"
"\x0c\x72\x00\x79\xff\x00\x00\x00\x70\x50\xf0\x03\x00\xd8\x0f\x00\x47\x89\x00\x00\xf0\x00\x00\x00\x00\x00\x80\x03\x00\xea\x0f\x00"
"\x24\x72\x65\xff\xff\x00\x00\x00\x78\x00\x8e\x07\x00\xe2\x0f\x00\x02\x72\x5f\x00\x0c\x00\x00\x00\x00\x0f\x00\x00\x00\xe2\x0f\x00"
"\x24\x72\x66\xff\xff\x00\x00\x00\x79\x00\x8e\x07\x00\xe2\x0f\x00\x02\x78\x5e\x00\x60\x2f\x00\x00\x00\x0f\x00\x00\x00\xe2\x0f\x00"
"\x24\x72\x61\xff\xff\x00\x00\x00\x0b\x00\x8e\x07\x00\xc8\x0f\x00\x44\x79\x00\x00\x10\xea\x00\x00\x00\x00\xc0\x03\x00\xea\x0f\x00"
"\x10\x72\x1f\xff\x22\x00\x00\x80\xff\xe0\xf1\x07\x00\xe2\x0f\x00\x24\x72\x1c\xff\xff\x00\x00\x00\x78\x00\x8e\x07\x00\xe4\x0f\x00"
"\x24\x72\x1d\xff\xff\x00\x00\x00\x79\x00\x8e\x07\x00\xe4\x0f\x00\x24\x72\x1a\xff\xff\x00\x00\x00\x23\x0e\x0e\x00\x00\xe4\x0f\x00"
"\x25\x72\x1c\x0b\x1f\x00\x00\x00\x1c\x00\x8e\x07\x00\xc8\x0f\x00\x24\x72\x1a\x1a\x0b\x00\x00\x00\xff\x02\x8e\x07\x00\xc8\x0f\x00"
"\x24\x72\x1f\x0c\x1f\x00\x00\x00\x1a\x02\x8e\x07\x00\xc8\x0f\x00\x24\x78\x1d\x1d\x01\x00\x00\x00\x1f\x02\x8e\x07\x00\xe2\x0f\x00"
"\x47\x79\x00\x00\x40\x01\x00\x00\x00\x00\x80\x03\x00\xea\x0f\x00\x06\x73\x1a\x00\x0b\x00\x00\x00\x00\x90\x20\x00\x00\x22\x0e\x00"
"\x0c\x72\x00\x0b\xff\x00\x00\x00\x70\x50\xf4\x03\x00\xce\x0f\x00\x08\x73\x1a\x00\x1a\x00\x00\x00\x00\x10\x00\x00\x00\x24\x1e\x00"
"\x10\x78\x1e\x1a\xfe\xff\xff\x0f\xff\xe0\xff\x07\x00\xcc\x1f\x00\x05\x73\x1d\x00\x1e\x00\x00\x00\x00\xf0\x21\x00\x00\x24\x0e\x00"
"\x24\x72\x1c\xff\xff\x00\x00\x00\x1d\x0a\x8e\x07\x00\xc8\x1f\x00\x24\x72\x1f\x1c\x0b\x00\x00\x00\xff\x02\x8e\x07\x00\xe2\x0f\x00"
"\x02\x72\x1c\x00\xff\x00\x00\x00\x00\x0f\x00\x00\x00\xca\x0f\x00\x25\x72\x1c\x1d\x1f\x00\x00\x00\x1c\x00\x8e\x07\x00\xcc\x0f\x00"
"\x25\x72\x1c\x1d\x78\x00\x00\x00\xff\x00\x8e\x07\x00\xc8\x0f\x00\x24\x72\x22\xff\xff\x00\x00\x00\x1d\x00\x8e\x07\x00\xe4\x0f\x00"
"\x24\x72\x1d\xff\xff\x00\x00\x00\xff\x00\x8e\x07\x00\xe4\x0f\x00\x24\x72\x1a\xff\xff\x00\x00\x00\x22\x0a\x8e\x07\x00\xc8\x0f\x00"
"\x24\x72\x1a\x0b\x1a\x00\x00\x00\x78\x02\x8e\x07\x00\xca\x0f\x00\x0c\x72\x00\x1a\x0b\x00\x00\x00\x70\x60\xf0\x03\x00\xd8\x0f\x00"
"\x24\x08\x1a\x1a\x01\x00\x00\x00\x0b\x0a\x8e\x07\x00\xe2\x0f\x00\x10\x08\x22\x22\x01\x00\x00\x00\xff\xe0\xff\x07\x00\xc8\x0f\x00"
"\x0c\x72\x00\x1a\x0b\x00\x00\x00\x70\x60\xf2\x03\x00\xd8\x0f\x00\x10\x18\x22\x22\x01\x00\x00\x00\xff\xe0\xff\x07\x00\xc8\x0f\x00"
"\x12\xa2\x22\xff\x0b\x00\x00\x00\xff\x33\x8e\x07\x00\xe4\x0f\x00\x19\x78\x1d\xff\x1f\x00\x00\x00\x1d\x14\x01\x00\x00\xe4\x0f\x00"
"\x19\x78\x1a\xff\x05\x00\x00\x00\x02\x16\x01\x00\x00\xe4\x0f\x00\x10\x78\x1d\x22\x01\x00\x00\x00\x1d\xe0\xff\x07\x00\xca\x0f\x00"
"\x24\x72\x1d\x00\x1d\x00\x00\x00\x1a\x02\x8e\x07\x00\xe4\x0f\x00\x25\x78\x1a\x1b\x00\x10\x00\x00\x7a\x02\x8e\x07\x00\xc8\x0f\x00"
"\x24\x78\x1d\x1d\x00\x01\x00\x00\xff\x00\x8e\x07\x00\xca\x0f\x00\x12\x78\x1d\x1d\x00\x0f\x00\x00\xff\xc0\x8e\x07\x00\xc8\x0f\x00"
"\x10\x72\x1c\x1a\x1d\x00\x00\x00\xff\xe0\xf1\x07\x00\xc8\x0f\x00\x10\x72\x1b\xff\x1b\x00\x00\x00\xff\xe4\x7f\x00\x00\xe4\x0f\x00"
"\x11\x7a\x1a\x1c\x00\x58\x00\x00\xff\x08\x80\x07\x00\xc8\x0f\x00\x11\x7a\x1b\x1c\x00\x59\x00\x00\x1b\x0c\x0f\x00\x00\xd0\x0f\x00"
"\x81\x73\x1c\x1a\x00\x00\x00\x00\x00\x6b\x1e\x00\x00\x24\x01\x00\x41\x79\x02\x00\x00\x00\x00\x00\x00\x00\x80\x03\x00\xea\x0f\x00"
"\x88\x73\x00\x68\x1c\x00\x41\x00\x00\x0a\x00\x00\x00\xe4\x03\x01\x41\x79\x01\x00\x00\x00\x00\x00\x00\x00\x80\x03\x00\xea\x0f\x00"
"\x10\x78\x1a\x18\x28\x00\x00\x00\xff\xe0\xff\x07\x00\xe2\x1f\x00\x55\x73\xff\x01\x00\x00\x00\x00\x00\x00\x10\x00\x00\xe2\x0f\x00"
"\x45\x79\x01\x00\x50\x05\x00\x00\x00\x00\x80\x03\x00\xe4\x0f\x00\x0c\x72\x00\x1a\x70\x00\x00\x00\x70\x62\xf0\x03\x00\xc8\x0f\x00"
"\x0c\x72\x00\x1a\x05\x00\x00\x00\x70\x66\x70\x00\x00\xd8\x0f\x00\x47\x09\x00\x00\x10\x05\x00\x00\x00\x00\x80\x03\x00\xea\x0f\x00"
"\x11\x78\x1b\x19\x05\x00\x00\x00\xff\xea\x8f\x07\x00\xe2\x0f\x00\x55\x73\xff\x02\x00\x00\x00\x00\x00\x00\x10\x00\x00\xe2\x0f\x00"
"\x45\x79\x02\x00\x40\x01\x00\x00\x00\x00\x80\x03\x00\xe4\x0f\x00\x11\x72\x1b\x1b\x12\x00\x00\x00\xff\xea\x8f\x07\x00\xc8\x0f\x00"
"\x0c\x78\x00\x1b\xff\x00\x00\x00\x70\x42\xf0\x03\x00\xe2\x0f\x00\x24\x72\x1b\xff\xff\x00\x00\x00\xff\x00\x8e\x07\x00\xd6\x0f\x00"
"\x47\x09\x00\x00\xf0\x00\x00\x00\x00\x00\x80\x03\x00\xea\x0f\x00\x24\x72\x1a\x03\x00\x00\x00\x00\xff\x02\x8e\x07\x00\xe2\x0f\x00"
"\x19\x78\x1b\xff\x1f\x00\x00\x00\x16\x14\x01\x00\x00\xc6\x0f\x00\x24\x72\x1d\x70\x11\x00\x00\x00\x1a\x02\x8e\x07\x00\xe4\x2f\x00"
"\x24\x72\x1a\xff\xff\x00\x00\x00\x16\x00\x8e\x07\x00\xc8\x0f\x00\x25\x72\x1a\x70\x00\x00\x00\x00\x1a\x00\x8e\x07\x00\xc8\x0f\x00"
"\x24\x78\x1d\x1b\x01\x00\x00\x00\x1d\x02\x8e\x07\x00\xca\x0f\x00\x19\x78\x1a\x1a\x03\x00\x00\x00\x1d\x10\x00\x00\x00\xc8\x0f\x00"
"\x10\x78\x1a\x1a\x05\x00\x00\x00\xff\xe0\xf1\x07\x00\xc8\x0f\x00\x11\x72\x1b\x1d\xff\x00\x00\x00\xff\xee\x0f\x00\x00\xc8\x0f\x00"
"\x19\x78\x1a\x1a\x01\x00\x00\x00\x1b\x12\x00\x00\x00\xe4\x0f\x10\x19\x78\x1b\xff\x01\x00\x00\x00\x1b\x16\x01\x00\x00\xca\x0f\x00"
"\x25\x78\x1a\x12\x04\x00\x00\x00\x1a\x00\x8e\x07\x00\xca\x0f\x00\x11\x7a\x1c\x1a\x00\x62\x00\x00\xff\x10\x80\x07\x00\xc8\x0f\x00"
"\x11\x7a\x1d\x1a\x00\x63\x00\x00\x1b\x14\x0f\x00\x00\xd0\x0f\x00\x81\x73\x1b\x1c\x00\x00\x00\x00\x00\x69\x1e\x00\x00\x24\x01\x00"
"\x41\x79\x02\x00\x00\x00\x00\x00\x00\x00\x80\x03\x00\xea\x0f\x00\x0c\x78\x00\x1b\x00\x04\x00\x00\x70\x60\xf0\x03\x00\xe2\x0f\x01"
"\x55\x73\xff\x02\x00\x00\x00\x00\x00\x00\x10\x00\x00\xe2\x0f\x00\x45\x79\x02\x00\x40\x03\x00\x00\x00\x00\x80\x03\x00\xf4\x0f\x00"
"\x05\x08\x1c\x00\x00\x00\x00\x00\x00\xff\x01\x00\x00\xe2\x3f\x00\x47\x09\x00\x00\x10\x03\x00\x00\x00\x00\x80\x03\x00\xea\x0f\x00"
"\x0c\x72\x00\x79\xff\x00\x00\x00\x70\x50\xf0\x03\x00\xd8\x0f\x00\x47\x89\x00\x00\xf0\x00\x00\x00\x00\x00\x80\x03\x00\xea\x0f\x00"
"\x24\x72\x65\xff\xff\x00\x00\x00\x78\x00\x8e\x07\x00\xe2\x0f\x00\x02\x72\x61\x00\x0b\x00\x00\x00\x00\x0f\x00\x00\x00\xe2\x0f\x00"
"\x24\x72\x66\xff\xff\x00\x00\x00\x79\x00\x8e\x07\x00\xe2\x0f\x00\x02\x78\x5e\x00\xc0\x34\x00\x00\x00\x0f\x00\x00\x00\xe2\x0f\x00"
"\x24\x72\x5f\xff\xff\x00\x00\x00\x0c\x00\x8e\x07\x00\xc8\x0f\x00\x44\x79\x00\x00\xb0\xe4\x00\x00\x00\x00\xc0\x03\x00\xea\x0f\x00"
"\x10\x72\x1f\xff\x22\x00\x00\x80\xff\xe0\xf1\x07\x00\xe2\x0f\x00\x24\x72\x1c\xff\xff\x00\x00\x00\x78\x00\x8e\x07\x00\xe4\x0f\x00"
"\x24\x72\x1d\xff\xff\x00\x00\x00\x79\x00\x8e\x07\x00\xe4\x0f\x00\x24\x72\x1a\xff\xff\x00\x00\x00\x23\x0e\x0e\x00\x00\xe4\x0f\x00"
"\x25\x72\x1c\x0b\x1f\x00\x00\x00\x1c\x00\x8e\x07\x00\xc8\x0f\x00\x24\x72\x1a\x1a\x0b\x00\x00\x00\xff\x02\x8e\x07\x00\xc8\x0f\x00"
"\x24\x72\x1f\x0c\x1f\x00\x00\x00\x1a\x02\x8e\x07\x00\xc8\x0f\x00\x24\x78\x1d\x1d\x01\x00\x00\x00\x1f\x02\x8e\x07\x00\xe2\x0f\x00"
"\x47\x79\x00\x00\x40\x01\x00\x00\x00\x00\x80\x03\x00\xea\x0f\x00\x06\x73\x1a\x00\x0b\x00\x00\x00\x00\x90\x20\x00\x00\x22\x0e\x00"
"\x0c\x72\x00\x0b\xff\x00\x00\x00\x70\x50\xf4\x03\x00\xce\x0f\x00\x08\x73\x1a\x00\x1a\x00\x00\x00\x00\x10\x00\x00\x00\x24\x1e\x00"
"\x10\x78\x1e\x1a\xfe\xff\xff\x0f\xff\xe0\xff\x07\x00\xcc\x1f\x00\x05\x73\x1d\x00\x1e\x00\x00\x00\x00\xf0\x21\x00\x00\x24\x0e\x00"
"\x10\x72\x1c\xff\x1d\x00\x00\x80\xff\xe0\xff\x07\x00\xca\x1f\x00\x24\x72\x1f\x1c\x0b\x00\x00\x00\xff\x02\x8e\x07\x00\xe4\x0f\x00"
"\x24\x72\x1c\xff\xff\x00\x00\x00\xff\x00\x8e\x07\x00\xc8\x0f\x00\x25\x72\x1c\x1d\x1f\x00\x00\x00\x1c\x00\x8e\x07\x00\xcc\x0f\x00"
"\x25\x72\x1c\x1d\x78\x00\x00\x00\xff\x00\x8e\x07\x00\xc8\x0f\x00\x24\x72\x22\xff\xff\x00\x00\x00\x1d\x00\x8e\x07\x00\xe4\x0f\x00"
"\x24\x72\x1d\xff\xff\x00\x00\x00\xff\x00\x8e\x07\x00\xe4\x0f\x00\x24\x72\x1a\xff\xff\x00\x00\x00\x22\x0a\x8e\x07\x00\xc8\x0f\x00"
"\x24\x72\x1a\x0b\x1a\x00\x00\x00\x78\x02\x8e\x07\x00\xca\x0f\x00\x0c\x72\x00\x1a\x0b\x00\x00\x00\x70\x60\xf0\x03\x00\xd8\x0f\x00"
"\x24\x08\x1a\x1a\x01\x00\x00\x00\x0b\x0a\x8e\x07\x00\xe2\x0f\x00\x10\x08\x22\x22\x01\x00\x00\x00\xff\xe0\xff\x07\x00\xc8\x0f\x00"
"\x0c\x72\x00\x1a\x0b\x00\x00\x00\x70\x60\xf2\x03\x00\xd8\x0f\x00\x10\x18\x22\x22\x01\x00\x00\x00\xff\xe0\xff\x07\x00\xc8\x0f\x00"
"\x12\xa2\x22\xff\x0b\x00\x00\x00\xff\x33\x8e\x07\x00\xe4\x0f\x00\x19\x78\x1d\xff\x1f\x00\x00\x00\x1d\x14\x01\x00\x00\xe4\x0f\x00"
"\x11\x78\x1a\x02\x08\x00\x00\x00\xff\xd8\x8f\x07\x00\xe4\x0f\x00\x10\x78\x1d\x22\x01\x00\x00\x00\x1d\xe0\xff\x07\x00\xca\x0f\x00"
"\x24\x72\x1d\x00\x1d\x00\x00\x00\x1a\x02\x8e\x07\x00\xe4\x0f\x00\x25\x78\x1a\x1b\x00\x10\x00\x00\x7a\x02\x8e\x07\x00\xc6\x0f\x00"
"\x19\x78\x1d\x1d\x08\x00\x00\x00\xff\x06\x00\x00\x00\xc8\x0f\x00\x12\x78\x1d\x1d\x00\x0f\x00\x00\xff\xc0\x8e\x07\x00\xc8\x0f\x00"
"\x10\x72\x1c\x1a\x1d\x00\x00\x00\xff\xe0\xf1\x07\x00\xca\x0f\x00\x24\x72\x1b\xff\xff\x00\x00\x00\x1b\x06\x0e\x00\x00\xe2\x0f\x00"
"\x11\x7a\x1a\x1c\x00\x58\x00\x00\xff\x08\x80\x07\x00\xc8\x0f\x00\x11\x7a\x1b\x1c\x00\x59\x00\x00\x1b\x0c\x0f\x00\x00\xd0\x0f\x00"
"\x81\x73\x1c\x1a\x00\x00\x00\x00\x00\x6b\x1e\x00\x00\x24\x01\x00\x41\x79\x02\x00\x00\x00\x00\x00\x00\x00\x80\x03\x00\xea\x0f\x00"
"\x12\x78\x1a\x6c\x08\x00\x00\x00\x69\xf4\x8e\x07\x00\xca\x1f\x00\x24\x78\x1a\x1a\x02\x00\x00\x00\xff\x00\x8e\x07\x00\xd0\x0f\x00"
"\x88\x73\x00\x1a\x1c\x00\x41\x00\x00\x0a\x00\x00\x00\xe4\x01\x01\x41\x79\x01\x00\x00\x00\x00\x00\x00\x00\x80\x03\x00\xea\x0f\x00"
"\x10\x78\x1a\x18\x30\x00\x00\x00\xff\xe0\xff\x07\x00\xe2\x1f\x00\x55\x73\xff\x01\x00\x00\x00\x00\x00\x00\x10\x00\x00\xe2\x0f\x00"
"\x45\x79\x01\x00\x50\x05\x00\x00\x00\x00\x80\x03\x00\xe4\x0f\x00\x0c\x72\x00\x1a\x70\x00\x00\x00\x70\x62\xf0\x03\x00\xc8\x0f\x00"
"\x0c\x72\x00\x1a\x05\x00\x00\x00\x70\x66\x70\x00\x00\xd8\x0f\x00\x47\x09\x00\x00\x10\x05\x00\x00\x00\x00\x80\x03\x00\xea\x0f\x00"
"\x11\x78\x1b\x19\x06\x00\x00\x00\xff\xea\x8f\x07\x00\xe2\x0f\x00\x55\x73\xff\x02\x00\x00\x00\x00\x00\x00\x10\x00\x00\xe2\x0f\x00"
"\x45\x79\x02\x00\x40\x01\x00\x00\x00\x00\x80\x03\x00\xe4\x0f\x00\x11\x72\x1b\x1b\x12\x00\x00\x00\xff\xea\x8f\x07\x00\xc8\x0f\x00"
"\x0c\x78\x00\x1b\xff\x00\x00\x00\x70\x42\xf0\x03\x00\xe2\x0f\x00\x24\x72\x1b\xff\xff\x00\x00\x00\xff\x00\x8e\x07\x00\xd6\x0f\x00"
"\x47\x09\x00\x00\xf0\x00\x00\x00\x00\x00\x80\x03\x00\xea\x0f\x00\x24\x72\x1a\x03\x00\x00\x00\x00\xff\x02\x8e\x07\x00\xe2\x0f\x00"
"\x19\x78\x1b\xff\x1f\x00\x00\x00\x16\x14\x01\x00\x00\xc6\x0f\x00\x24\x72\x1d\x70\x11\x00\x00\x00\x1a\x02\x8e\x07\x00\xe4\x2f\x00"
"\x24\x72\x1a\xff\xff\x00\x00\x00\x16\x00\x8e\x07\x00\xc8\x0f\x00\x25\x72\x1a\x70\x00\x00\x00\x00\x1a\x00\x8e\x07\x00\xc8\x0f\x00"
"\x24\x78\x1d\x1b\x01\x00\x00\x00\x1d\x02\x8e\x07\x00\xca\x0f\x00\x19\x78\x1a\x1a\x03\x00\x00\x00\x1d\x10\x00\x00\x00\xc8\x0f\x00"
"\x10\x78\x1a\x1a\x06\x00\x00\x00\xff\xe0\xf1\x07\x00\xc8\x0f\x00\x11\x72\x1b\x1d\xff\x00\x00\x00\xff\xee\x0f\x00\x00\xc8\x0f\x00"
"\x19\x78\x1a\x1a\x01\x00\x00\x00\x1b\x12\x00\x00\x00\xe4\x0f\x10\x19\x78\x1b\xff\x01\x00\x00\x00\x1b\x16\x01\x00\x00\xca\x0f\x00"
"\x25\x78\x1a\x12\x04\x00\x00\x00\x1a\x00\x8e\x07\x00\xca\x0f\x00\x11\x7a\x1c\x1a\x00\x62\x00\x00\xff\x10\x80\x07\x00\xc8\x0f\x00"
"\x11\x7a\x1d\x1a\x00\x63\x00\x00\x1b\x14\x0f\x00\x00\xd0\x0f\x00\x81\x73\x1b\x1c\x00\x00\x00\x00\x00\x69\x1e\x00\x00\x24\x01\x00"
"\x41\x79\x02\x00\x00\x00\x00\x00\x00\x00\x80\x03\x00\xea\x0f\x00\x0c\x78\x00\x1b\x00\x04\x00\x00\x70\x60\xf0\x03\x00\xe2\x0f\x01"
"\x55\x73\xff\x02\x00\x00\x00\x00\x00\x00\x10\x00\x00\xe2\x0f\x00\x45\x79\x02\x00\x40\x03\x00\x00\x00\x00\x80\x03\x00\xf4\x0f\x00"
"\x05\x08\x1c\x00\x00\x00\x00\x00\x00\xff\x01\x00\x00\xe2\x3f\x00\x47\x09\x00\x00\x10\x03\x00\x00\x00\x00\x80\x03\x00\xea\x0f\x00"
"\x0c\x72\x00\x79\xff\x00\x00\x00\x70\x50\xf0\x03\x00\xd8\x0f\x00\x47\x89\x00\x00\xf0\x00\x00\x00\x00\x00\x80\x03\x00\xea\x0f\x00"
"\x02\x72\x65\x00\x78\x00\x00\x00\x00\x0f\x00\x00\x00\xe2\x0f\x00\x24\x72\x66\xff\xff\x00\x00\x00\x79\x00\x8e\x07\x00\xe2\x0f\x00"
"\x02\x78\x5e\x00\x40\x3a\x00\x00\x00\x0f\x00\x00\x00\xe2\x0f\x00\x24\x72\x61\xff\xff\x00\x00\x00\x0b\x00\x8e\x07\x00\xe4\x0f\x00"
"\x24\x72\x5f\xff\xff\x00\x00\x00\x0c\x00\x8e\x07\x00\xc8\x0f\x00\x44\x79\x00\x00\x30\xdf\x00\x00\x00\x00\xc0\x03\x00\xea\x0f\x00"
"\x10\x72\x1f\xff\x22\x00\x00\x80\xff\xe0\xf1\x07\x00\xe2\x0f\x00\x24\x72\x1c\xff\xff\x00\x00\x00\x78\x00\x8e\x07\x00\xe2\x0f\x00"
"\x02\x72\x1d\x00\x79\x00\x00\x00\x00\x0f\x00\x00\x00\xc6\x0f\x00\x24\x72\x1a\xff\xff\x00\x00\x00\x23\x0e\x0e\x00\x00\xe4\x0f\x00"
"\x25\x72\x1c\x0b\x1f\x00\x00\x00\x1c\x00\x8e\x07\x00\xc8\x0f\x00\x24\x72\x1a\x1a\x0b\x00\x00\x00\xff\x02\x8e\x07\x00\xc8\x0f\x00"
"\x24\x72\x1f\x0c\x1f\x00\x00\x00\x1a\x02\x8e\x07\x00\xc8\x0f\x00\x24\x78\x1d\x1d\x01\x00\x00\x00\x1f\x02\x8e\x07\x00\xe2\x0f\x00"
"\x47\x79\x00\x00\x40\x01\x00\x00\x00\x00\x80\x03\x00\xea\x0f\x00\x06\x73\x1a\x00\x0b\x00\x00\x00\x00\x90\x20\x00\x00\x22\x0e\x00"
"\x0c\x72\x00\x0b\xff\x00\x00\x00\x70\x50\xf4\x03\x00\xce\x0f\x00\x08\x73\x1a\x00\x1a\x00\x00\x00\x00\x10\x00\x00\x00\x24\x1e\x00"
"\x10\x78\x1e\x1a\xfe\xff\xff\x0f\xff\xe0\xff\x07\x00\xcc\x1f\x00\x05\x73\x1d\x00\x1e\x00\x00\x00\x00\xf0\x21\x00\x00\x24\x0e\x00"
"\x24\x72\x1c\xff\xff\x00\x00\x00\x1d\x0a\x8e\x07\x00\xc8\x1f\x00\x24\x72\x1f\x1c\x0b\x00\x00\x00\xff\x02\x8e\x07\x00\xe4\x0f\x00"
"\x24\x72\x1c\xff\xff\x00\x00\x00\xff\x00\x8e\x07\x00\xc8\x0f\x00\x25\x72\x1c\x1d\x1f\x00\x00\x00\x1c\x00\x8e\x07\x00\xcc\x0f\x00"
"\x25\x72\x1c\x1d\x78\x00\x00\x00\xff\x00\x8e\x07\x00\xc8\x0f\x00\x24\x72\x22\xff\xff\x00\x00\x00\x1d\x00\x8e\x07\x00\xe4\x0f\x00"
"\x24\x72\x1d\xff\xff\x00\x00\x00\xff\x00\x8e\x07\x00\xe4\x0f\x00\x24\x72\x1a\xff\xff\x00\x00\x00\x22\x0a\x8e\x07\x00\xc8\x0f\x00"
"\x24\x72\x1a\x0b\x1a\x00\x00\x00\x78\x02\x8e\x07\x00\xca\x0f\x00\x0c\x72\x00\x1a\x0b\x00\x00\x00\x70\x60\xf0\x03\x00\xd8\x0f\x00"
"\x10\x02\x1a\x1a\x0b\x00\x00\x80\xff\xe0\xff\x07\x00\xe4\x0f\x08\x10\x08\x22\x22\x01\x00\x00\x00\xff\xe0\xff\x07\x00\xe4\x0f\x00"
"\x0c\x72\x00\x1a\x0b\x00\x00\x00\x70\x60\xf2\x03\x00\xd8\x0f\x00\x10\x18\x22\x22\x01\x00\x00\x00\xff\xe0\xff\x07\x00\xc8\x0f\x00"
"\x12\xa2\x22\xff\x0b\x00\x00\x00\xff\x33\x8e\x07\x00\xe4\x0f\x00\x19\x78\x1d\xff\x1f\x00\x00\x00\x1d\x14\x01\x00\x00\xe4\x0f\x00"
"\x19\x78\x1a\xff\x05\x00\x00\x00\x02\x16\x01\x00\x00\xe4\x0f\x00\x10\x78\x1d\x22\x01\x00\x00\x00\x1d\xe0\xff\x07\x00\xca\x0f\x00"
"\x24\x72\x1d\x00\x1d\x00\x00\x00\x1a\x02\x8e\x07\x00\xe4\x0f\x00\x25\x78\x1a\x1b\x00\x10\x00\x00\x7a\x02\x8e\x07\x00\xc8\x0f\x00"
"\x24\x78\x1d\x1d\x00\x01\x00\x00\xff\x00\x8e\x07\x00\xca\x0f\x00\x12\x78\x1d\x1d\x00\x0f\x00\x00\xff\xc0\x8e\x07\x00\xc8\x0f\x00"
"\x10\x72\x1c\x1a\x1d\x00\x00\x00\xff\xe0\xf1\x07\x00\xca\x0f\x00\x24\x72\x1b\xff\xff\x00\x00\x00\x1b\x06\x0e\x00\x00\xe2\x0f\x00"
"\x11\x7a\x1a\x1c\x00\x58\x00\x00\xff\x08\x80\x07\x00\xc8\x0f\x00\x11\x7a\x1b\x1c\x00\x59\x00\x00\x1b\x0c\x0f\x00\x00\xd0\x0f\x00"
"\x81\x73\x1c\x1a\x00\x00\x00\x00\x00\x6b\x1e\x00\x00\x24\x01\x00\x41\x79\x02\x00\x00\x00\x00\x00\x00\x00\x80\x03\x00\xea\x0f\x00"
"\x12\x78\x1a\x6c\x08\x00\x00\x00\x69\xf4\x8e\x07\x00\xca\x1f\x00\x24\x78\x1a\x1a\x02\x00\x00\x00\xff\x00\x8e\x07\x00\xd0\x0f\x00"
"\x88\x73\x00\x1a\x1c\x80\x41\x00\x00\x0a\x00\x00\x00\xe4\x01\x01\x41\x79\x01\x00\x00\x00\x00\x00\x00\x00\x80\x03\x00\xea\x0f\x00"
"\x10\x78\x18\x18\x38\x00\x00\x00\xff\xe0\xff\x07\x00\xc8\x0f\x00\x0c\x72\x00\x18\x70\x00\x00\x00\x70\x62\xf0\x03\x00\xc8\x0f\x00"
"\x0c\x72\x00\x18\x05\x00\x00\x00\x70\x66\x70\x00\x00\xd8\x0f\x00\x47\x09\x00\x00\x40\x45\x00\x00\x00\x00\x80\x03\x00\xea\x0f\x00"
"\x11\x78\x19\x19\x07\x00\x00\x00\xff\xea\x8f\x07\x00\xe2\x0f\x00\x55\x73\xff\x01\x00\x00\x00\x00\x00\x00\x10\x00\x00\xe2\x0f\x00"
"\x45\x79\x01\x00\x30\x01\x00\x00\x00\x00\x80\x03\x00\xe4\x0f\x00\x11\x72\x19\x19\x12\x00\x00\x00\xff\xea\x8f\x07\x00\xc8\x0f\x00"
"\x0c\x78\x00\x19\xff\x00\x00\x00\x70\x42\xf0\x03\x00\xe2\x0f\x00\x24\x72\x19\xff\xff\x00\x00\x00\xff\x00\x8e\x07\x00\xd6\x0f\x00"
"\x47\x09\x00\x00\xe0\x00\x00\x00\x00\x00\x80\x03\x00\xea\x0f\x00\x19\x78\x17\xff\x1f\x00\x00\x00\x16\x14\x01\x00\x00\xe2\x0f\x00"
"\x24\x72\x18\x03\x00\x00\x00\x00\xff\x02\x8e\x07\x00\xc8\x0f\x00\x24\x72\x19\x70\x11\x00\x00\x00\x18\x02\x8e\x07\x00\xe4\x0f\x04"
"\x25\x72\x16\x70\x00\x00\x00\x00\x16\x00\x8e\x07\x00\xca\x0f\x00\x10\x72\x19\x17\x19\x00\x00\x00\xff\xe0\xff\x07\x00\xc8\x0f\x00"
"\x19\x78\x16\x16\x03\x00\x00\x00\x19\x10\x00\x00\x00\xc8\x0f\x00\x10\x78\x16\x16\x07\x00\x00\x00\xff\xe0\xf1\x07\x00\xc8\x0f\x00"
"\x11\x72\x17\x19\xff\x00\x00\x00\xff\xee\x0f\x00\x00\xc8\x0f\x00\x19\x78\x16\x16\x01\x00\x00\x00\x17\x12\x00\x00\x00\xe4\x0f\x10"
"\x19\x78\x17\xff\x01\x00\x00\x00\x17\x16\x01\x00\x00\xca\x0f\x00\x25\x78\x16\x12\x04\x00\x00\x00\x16\x00\x8e\x07\x00\xca\x0f\x00"
"\x11\x7a\x18\x16\x00\x62\x00\x00\xff\x10\x80\x07\x00\xc8\x0f\x00\x11\x7a\x19\x16\x00\x63\x00\x00\x17\x14\x0f\x00\x00\xd0\x0f\x00"
"\x81\x73\x19\x18\x00\x00\x00\x00\x00\x69\x1e\x00\x00\x24\x05\x00\x41\x79\x01\x00\x00\x00\x00\x00\x00\x00\x80\x03\x00\xea\x0f\x00"
"\x0c\x78\x00\x19\x00\x04\x00\x00\x70\x60\xf0\x03\x00\xe2\x0f\x01\x55\x73\xff\x01\x00\x00\x00\x00\x00\x00\x10\x00\x00\xe2\x0f\x00"
"\x45\x79\x01\x00\x40\x03\x00\x00\x00\x00\x80\x03\x00\xf4\x0f\x00\x05\x08\x16\x00\x00\x00\x00\x00\x00\xff\x01\x00\x00\xe2\x0f\x00"
"\x47\x09\x00\x00\x10\x03\x00\x00\x00\x00\x80\x03\x00\xea\x0f\x00\x0c\x72\x00\x79\xff\x00\x00\x00\x70\x50\xf0\x03\x00\xd8\x0f\x00"
"\x47\x89\x00\x00\xf0\x00\x00\x00\x00\x00\x80\x03\x00\xea\x0f\x00\x24\x72\x65\xff\xff\x00\x00\x00\x78\x00\x8e\x07\x00\xe2\x0f\x00"
"\x02\x78\x5e\x00\x90\x3f\x00\x00\x00\x0f\x00\x00\x00\xe2\x0f\x00\x24\x72\x66\xff\xff\x00\x00\x00\x79\x00\x8e\x07\x00\xe4\x0f\x00"
"\x24\x72\x61\xff\xff\x00\x00\x00\x0b\x00\x8e\x07\x00\xe4\x0f\x00\x24\x72\x5f\xff\xff\x00\x00\x00\x0c\x00\x8e\x07\x00\xc8\x0f\x00"
"\x44\x79\x00\x00\xe0\xd9\x00\x00\x00\x00\xc0\x03\x00\xea\x7f\x00\x10\x72\x1b\xff\x22\x00\x00\x80\xff\xe0\xf1\x07\x00\xe2\x0f\x00"
"\x24\x72\x17\xff\xff\x00\x00\x00\x79\x00\x8e\x07\x00\xc8\x0f\x00\x24\x72\x16\xff\xff\x00\x00\x00\x23\x0e\x0e\x00\x00\xc8\x0f\x00"
"\x24\x72\x18\x16\x0b\x00\x00\x00\xff\x02\x8e\x07\x00\xe2\x0f\x00\x02\x72\x16\x00\x78\x00\x00\x00\x00\x0f\x00\x00\x00\xca\x0f\x00"
"\x25\x72\x16\x0b\x1b\x00\x00\x00\x16\x00\x8e\x07\x00\xc8\x0f\x00\x24\x72\x1b\x0c\x1b\x00\x00\x00\x18\x02\x8e\x07\x00\xc8\x0f\x00"
"\x24\x78\x17\x17\x01\x00\x00\x00\x1b\x02\x8e\x07\x00\xe2\x0f\x00\x47\x79\x00\x00\x40\x01\x00\x00\x00\x00\x80\x03\x00\xea\x0f\x00"
"\x06\x73\x18\x00\x0b\x00\x00\x00\x00\x90\x20\x00\x00\xa2\x4e\x00\x0c\x72\x00\x0b\xff\x00\x00\x00\x70\x50\xf4\x03\x00\xce\x0f\x00"
"\x08\x73\x18\x00\x18\x00\x00\x00\x00\x10\x00\x00\x00\xa4\x4e\x00\x10\x78\x1a\x18\xfe\xff\xff\x0f\xff\xe0\xff\x07\x00\xcc\x5f\x00"
"\x05\x73\x17\x00\x1a\x00\x00\x00\x00\xf0\x21\x00\x00\x24\x0e\x00\x24\x72\x16\xff\xff\x00\x00\x00\x17\x0a\x8e\x07\x00\xc8\x1f\x00"
"\x24\x72\x1b\x16\x0b\x00\x00\x00\xff\x02\x8e\x07\x00\xe4\x0f\x00\x24\x72\x16\xff\xff\x00\x00\x00\xff\x00\x8e\x07\x00\xc8\x0f\x00"
"\x25\x72\x16\x17\x1b\x00\x00\x00\x16\x00\x8e\x07\x00\xcc\x0f\x00\x25\x72\x16\x17\x78\x00\x00\x00\xff\x00\x8e\x07\x00\xc8\x0f\x00"
"\x24\x72\x22\xff\xff\x00\x00\x00\x17\x00\x8e\x07\x00\xe4\x0f\x00\x24\x72\x17\xff\xff\x00\x00\x00\xff\x00\x8e\x07\x00\xc6\x0f\x00"
"\x10\x72\x16\x22\xff\x00\x00\x00\xff\xe1\xff\x07\x00\xca\x0f\x00\x24\x72\x16\x0b\x16\x00\x00\x00\x78\x02\x8e\x07\x00\xca\x0f\x00"
"\x0c\x72\x00\x16\x0b\x00\x00\x00\x70\x60\xf0\x03\x00\xd8\x0f\x00\x24\x08\x16\x16\x01\x00\x00\x00\x0b\x0a\x8e\x07\x00\xe2\x0f\x00"
"\x10\x08\x22\x22\x01\x00\x00\x00\xff\xe0\xff\x07\x00\xc8\x0f\x00\x0c\x72\x00\x16\x0b\x00\x00\x00\x70\x60\xf2\x03\x00\xd8\x0f\x00"
"\x10\x18\x22\x22\x01\x00\x00\x00\xff\xe0\xff\x07\x00\xc8\x0f\x00\x12\xa2\x22\xff\x0b\x00\x00\x00\xff\x33\x8e\x07\x00\xe4\x0f\x00"
"\x19\x78\x17\xff\x1f\x00\x00\x00\x17\x14\x01\x00\x00\xe4\x0f\x00\x11\x78\x16\x02\x08\x00\x00\x00\xff\xd8\x8f\x07\x00\xe4\x0f\x00"
"\x10\x78\x17\x22\x01\x00\x00\x00\x17\xe0\xff\x07\x00\xca\x0f\x00\x24\x72\x17\x00\x17\x00\x00\x00\x16\x02\x8e\x07\x00\xc8\x0f\x00"
"\x24\x78\x18\x17\x00\x01\x00\x00\xff\x00\x8e\x07\x00\xe4\x0f\x00\x25\x78\x16\x19\x00\x10\x00\x00\x7a\x02\x8e\x07\x00\xc6\x0f\x00"
"\x12\x78\x19\x18\x00\x0f\x00\x00\xff\xc0\x8e\x07\x00\xc8\x0f\x00\x10\x72\x18\x16\x19\x00\x00\x00\xff\xe0\xf1\x07\x00\xca\x0f\x00"
"\x24\x72\x17\xff\xff\x00\x00\x00\x17\x06\x0e\x00\x00\xe2\x0f\x00\x11\x7a\x16\x18\x00\x58\x00\x00\xff\x08\x80\x07\x00\xc8\x0f\x00"
"\x11\x7a\x17\x18\x00\x59\x00\x00\x17\x0c\x0f\x00\x00\xd0\x0f\x00\x81\x73\x16\x16\x00\x00\x00\x00\x00\x6b\x1e\x00\x00\x24\x0f\x00"
"\x41\x79\x01\x00\x00\x00\x00\x00\x00\x00\x80\x03\x00\xea\x0f\x00\x88\x73\x00\x68\x16\x80\x41\x00\x00\x0a\x00\x00\x00\xe2\x07\x01"
"\x47\x79\x00\x00\x50\x40\x00\x00\x00\x00\x80\x03\x00\xea\x0f\x00\x55\x73\xff\x01\x00\x00\x00\x00\x00\x00\x10\x00\x00\xe2\x0f\x00"
"\x45\x79\x01\x00\x80\x07\x00\x00\x00\x00\x80\x03\x00\xe2\x0f\x00\x47\x89\x00\x00\x60\x07\x00\x00\x00\x00\x80\x03\x00\xea\x0f\x00"
"\x11\x72\x1a\x19\x12\x00\x00\x00\xff\xd2\x8f\x07\x00\xe2\x0f\x00\x55\x73\xff\x02\x00\x00\x00\x00\x00\x00\x10\x00\x00\xe2\x0f\x00"
"\x45\x79\x02\x00\xb0\x03\x00\x00\x00\x00\x80\x03\x00\xe2\x0f\x00\x24\x72\x1b\xff\xff\x00\x00\x00\xff\x00\x8e\x07\x00\xe2\x0f\x00"
"\x0c\x78\x00\x1a\xff\x00\x00\x00\x70\x42\xf0\x03\x00\xd8\x0f\x00\x47\x09\x00\x00\x70\x03\x00\x00\x00\x00\x80\x03\x00\xea\x0f\x00"
"\x12\x72\x1a\x79\x0a\x00\x00\x00\xff\xfc\x8e\x07\x00\xc8\x0f\x00\x0c\x72\x00\x1a\xff\x00\x00\x00\x70\x50\xf0\x03\x00\xd8\x0f\x00"
"\x47\x89\x00\x00\xf0\x00\x00\x00\x00\x00\x80\x03\x00\xea\x0f\x00\x02\x72\x65\x00\x78\x00\x00\x00\x00\x0f\x00\x00\x00\xe2\x0f\x00"
"\x24\x72\x66\xff\xff\x00\x00\x00\x79\x00\x8e\x07\x00\xe2\x0f\x00\x02\x78\x5e\x00\x70\x43\x00\x00\x00\x0f\x00\x00\x00\xe2\x0f\x00"
"\x24\x72\x61\xff\xff\x00\x00\x00\x09\x00\x8e\x07\x00\xe4\x0f\x00\x24\x72\x5f\xff\xff\x00\x00\x00\x0a\x00\x8e\x07\x00\xc8\x0f\x00"
"\x44\x79\x00\x00\x00\xd6\x00\x00\x00\x00\xc0\x03\x00\xea\x0f\x00\x10\x72\x1c\xff\x22\x00\x00\x80\xff\xe0\xf1\x07\x00\xe4\x0f\x00"
"\x02\x72\x1b\x00\x79\x00\x00\x00\x00\x0f\x00\x00\x00\xc6\x0f\x00\x24\x72\x1a\xff\xff\x00\x00\x00\x23\x0e\x0e\x00\x00\xc8\x0f\x00"
"\x24\x72\x1d\x1a\x09\x00\x00\x00\xff\x02\x8e\x07\x00\xe4\x0f\x00\x24\x72\x1a\xff\xff\x00\x00\x00\x78\x00\x8e\x07\x00\xe4\x0f\x00"
"\x24\x72\x1d\x0a\x1c\x00\x00\x00\x1d\x02\x8e\x07\x00\xe4\x0f\x08\x25\x72\x1a\x09\x1c\x00\x00\x00\x1a\x00\x8e\x07\x00\xc8\x0f\x00"
"\x24\x78\x1a\x1b\x01\x00\x00\x00\x1d\x02\x8e\x07\x00\xe2\x0f\x00\x47\x79\x00\x00\x50\x01\x00\x00\x00\x00\x80\x03\x00\xea\x0f\x00"
"\x06\x73\x1c\x00\x09\x00\x00\x00\x00\x90\x20\x00\x00\x22\x0e\x00\x0c\x72\x00\x09\xff\x00\x00\x00\x70\x50\xf4\x03\x00\xe2\x0f\x00"
"\x24\x72\x23\xff\xff\x00\x00\x00\xff\x00\x8e\x07\x00\xcc\x0f\x00\x08\x73\x1c\x00\x1c\x00\x00\x00\x00\x10\x00\x00\x00\x24\x1e\x00"
"\x10\x78\x1d\x1c\xfe\xff\xff\x0f\xff\xe0\xff\x07\x00\xcc\x1f\x00\x05\x73\x1b\x00\x1d\x00\x00\x00\x00\xf0\x21\x00\x00\x24\x0e\x00"
"\x24\x72\x1a\xff\xff\x00\x00\x00\x1b\x0a\x8e\x07\x00\xc8\x1f\x00\x24\x72\x1f\x1a\x09\x00\x00\x00\xff\x02\x8e\x07\x00\xe4\x0f\x00"
"\x24\x72\x1a\xff\xff\x00\x00\x00\xff\x00\x8e\x07\x00\xc8\x0f\x00\x25\x72\x1a\x1b\x1f\x00\x00\x00\x1a\x00\x8e\x07\x00\xcc\x0f\x00"
"\x25\x72\x1a\x1b\x78\x00\x00\x00\xff\x00\x8e\x07\x00\xc8\x0f\x00\x24\x72\x1a\xff\xff\x00\x00\x00\x1b\x0a\x8e\x07\x00\xc8\x0f\x00"
"\x24\x72\x1a\x09\x1a\x00\x00\x00\x78\x02\x8e\x07\x00\xca\x0f\x00\x0c\x72\x00\x1a\x09\x00\x00\x00\x70\x60\xf0\x03\x00\xd8\x0f\x00"
"\x24\x08\x1a\x1a\x01\x00\x00\x00\x09\x0a\x8e\x07\x00\xe2\x0f\x00\x10\x08\x1b\x1b\x01\x00\x00\x00\xff\xe0\xff\x07\x00\xc8\x0f\x00"
"\x0c\x72\x00\x1a\x09\x00\x00\x00\x70\x60\xf2\x03\x00\xe4\x0f\x00\x02\x72\x1a\x00\xff\x00\x00\x00\x00\x0f\x00\x00\x00\xd4\x0f\x00"
"\x10\x18\x1b\x1b\x01\x00\x00\x00\xff\xe0\xff\x07\x00\xc8\x0f\x00\x12\xa2\x1b\xff\x09\x00\x00\x00\xff\x33\x8e\x07\x00\xca\x0f\x00"
"\x24\x72\x22\xff\xff\x00\x00\x00\x1b\x00\x8e\x07\x00\xe4\x0f\x00\x19\x78\x1d\xff\x1f\x00\x00\x00\x1a\x14\x01\x00\x00\xe4\x0f\x10"
"\x19\x78\x1b\xff\x1f\x00\x00\x00\x1a\x14\x01\x00\x00\xe2\x0f\x00\x24\x72\x1a\xff\xff\x00\x00\x00\x16\x00\x8e\x07\x00\xe2\x0f\x00"
"\x10\x78\x1d\x22\x01\x00\x00\x00\x1d\xe0\x91\x07\x00\xc8\x0f\x00\x10\x72\x23\x23\xff\x00\x00\x00\x1b\x24\x7e\x00\x00\xe4\x0f\x00"
"\x19\x78\x1b\xff\x1f\x00\x00\x00\x16\x14\x01\x00\x00\xc6\x0f\x00\x24\x72\x1c\x23\x00\x00\x00\x00\xff\x02\x8e\x07\x00\xe4\x0f\x00"
"\x25\x72\x1a\x00\x1d\x00\x00\x00\x1a\x00\x8e\x07\x00\xc8\x0f\x00\x24\x72\x1d\x11\x1d\x00\x00\x00\x1c\x02\x8e\x07\x00\xc8\x0f\x00"
"\x24\x78\x1b\x1b\x01\x00\x00\x00\x1d\x02\x8e\x07\x00\xca\x0f\x00\x19\x78\x1a\x1a\x04\x00\x00\x00\x1b\x10\x00\x00\x00\xe4\x0f\x10"
"\x19\x78\x1b\xff\x04\x00\x00\x00\x1b\x14\x01\x00\x00\xca\x0f\x00\x25\x78\x1a\x12\x04\x00\x00\x00\x1a\x00\x8e\x07\x00\xca\x0f\x00"
"\x11\x7a\x1c\x1a\x00\x62\x00\x00\xff\x10\x80\x07\x00\xc8\x0f\x00\x11\x7a\x1d\x1a\x00\x63\x00\x00\x1b\x14\x0f\x00\x00\xd0\x0f\x00"
"\x81\x73\x1b\x1c\x00\x00\x00\x00\x00\x69\x1e\x00\x00\x24\x01\x00\x41\x79\x02\x00\x00\x00\x00\x00\x00\x00\x80\x03\x00\xea\x0f\x00"
"\x0c\x78\x00\x1b\x00\x04\x00\x00\x70\x60\xf0\x03\x00\xe2\x0f\x01\x55\x73\xff\x02\x00\x00\x00\x00\x00\x00\x10\x00\x00\xe2\x0f\x00"
"\x45\x79\x02\x00\x40\x03\x00\x00\x00\x00\x80\x03\x00\xf4\x0f\x00\x05\x08\x1c\x00\x00\x00\x00\x00\x00\xff\x01\x00\x00\xe2\x1f\x00"
"\x47\x09\x00\x00\x10\x03\x00\x00\x00\x00\x80\x03\x00\xea\x0f\x00\x0c\x72\x00\x79\xff\x00\x00\x00\x70\x50\xf0\x03\x00\xd8\x0f\x00"
"\x47\x89\x00\x00\xf0\x00\x00\x00\x00\x00\x80\x03\x00\xea\x0f\x00\x24\x72\x65\xff\xff\x00\x00\x00\x78\x00\x8e\x07\x00\xe2\x0f\x00"
"\x02\x72\x66\x00\x79\x00\x00\x00\x00\x0f\x00\x00\x00\xe2\x0f\x00\x24\x72\x61\xff\xff\x00\x00\x00\x0b\x00\x8e\x07\x00\xe2\x0f\x00"
"\x02\x78\x5e\x00\x30\x47\x00\x00\x00\x0f\x00\x00\x00\xe2\x0f\x00\x24\x72\x5f\xff\xff\x00\x00\x00\x0c\x00\x8e\x07\x00\xc8\x0f\x00"
"\x44\x79\x00\x00\x40\xd2\x00\x00\x00\x00\xc0\x03\x00\xea\x0f\x00\x10\x72\x1f\xff\x22\x00\x00\x80\xff\xe0\xf1\x07\x00\xe2\x0f\x00"
"\x24\x72\x1c\xff\xff\x00\x00\x00\x78\x00\x8e\x07\x00\xe4\x0f\x00\x24\x72\x1d\xff\xff\x00\x00\x00\x79\x00\x8e\x07\x00\xe4\x0f\x00"
"\x24\x72\x1a\xff\xff\x00\x00\x00\x23\x0e\x0e\x00\x00\xe4\x0f\x00\x25\x72\x1c\x0b\x1f\x00\x00\x00\x1c\x00\x8e\x07\x00\xc8\x0f\x00"
"\x24\x72\x1a\x1a\x0b\x00\x00\x00\xff\x02\x8e\x07\x00\xc8\x0f\x00\x24\x72\x1f\x0c\x1f\x00\x00\x00\x1a\x02\x8e\x07\x00\xca\x0f\x00"
"\x10\x72\x1d\x1d\x1f\x00\x00\x00\xff\xe0\xff\x07\x00\xe2\x0f\x00\x47\x79\x00\x00\x40\x01\x00\x00\x00\x00\x80\x03\x00\xea\x0f\x00"
"\x06\x73\x1a\x00\x0b\x00\x00\x00\x00\x90\x20\x00\x00\x22\x0e\x00\x0c\x72\x00\x0b\xff\x00\x00\x00\x70\x50\xf4\x03\x00\xce\x0f\x00"
"\x08\x73\x1a\x00\x1a\x00\x00\x00\x00\x10\x00\x00\x00\x24\x1e\x00\x10\x78\x1e\x1a\xfe\xff\xff\x0f\xff\xe0\xff\x07\x00\xcc\x1f\x00"
"\x05\x73\x1d\x00\x1e\x00\x00\x00\x00\xf0\x21\x00\x00\x24\x0e\x00\x24\x72\x1c\xff\xff\x00\x00\x00\x1d\x0a\x8e\x07\x00\xc8\x1f\x00"
"\x24\x72\x1f\x1c\x0b\x00\x00\x00\xff\x02\x8e\x07\x00\xe4\x0f\x00\x24\x72\x1c\xff\xff\x00\x00\x00\xff\x00\x8e\x07\x00\xc8\x0f\x00"
"\x25\x72\x1c\x1d\x1f\x00\x00\x00\x1c\x00\x8e\x07\x00\xcc\x0f\x00\x25\x72\x1c\x1d\x78\x00\x00\x00\xff\x00\x8e\x07\x00\xc8\x0f\x00"
"\x24\x72\x22\xff\xff\x00\x00\x00\x1d\x00\x8e\x07\x00\xe2\x0f\x00\x02\x72\x1d\x00\xff\x00\x00\x00\x00\x0f\x00\x00\x00\xc6\x0f\x00"
"\x24\x72\x1a\xff\xff\x00\x00\x00\x22\x0a\x8e\x07\x00\xc8\x0f\x00\x24\x72\x1a\x0b\x1a\x00\x00\x00\x78\x02\x8e\x07\x00\xca\x0f\x00"
"\x0c\x72\x00\x1a\x0b\x00\x00\x00\x70\x60\xf0\x03\x00\xd8\x0f\x00\x24\x08\x1a\x1a\x01\x00\x00\x00\x0b\x0a\x8e\x07\x00\xe2\x0f\x00"
"\x10\x08\x22\x22\x01\x00\x00\x00\xff\xe0\xff\x07\x00\xc8\x0f\x00\x0c\x72\x00\x1a\x0b\x00\x00\x00\x70\x60\xf2\x03\x00\xd8\x0f\x00"
"\x10\x18\x22\x22\x01\x00\x00\x00\xff\xe0\xff\x07\x00\xc8\x0f\x00\x12\xa2\x22\xff\x0b\x00\x00\x00\xff\x33\x8e\x07\x00\xe4\x0f\x00"
"\x19\x78\x1d\xff\x1f\x00\x00\x00\x1d\x14\x01\x00\x00\xe4\x0f\x00\x19\x78\x1a\xff\x05\x00\x00\x00\x02\x16\x01\x00\x00\xe4\x0f\x00"
"\x10\x78\x1d\x22\x01\x00\x00\x00\x1d\xe0\xff\x07\x00\xca\x0f\x00\x24\x72\x1d\x00\x1d\x00\x00\x00\x1a\x02\x8e\x07\x00\xe4\x0f\x00"
"\x25\x78\x1a\x1b\x00\x10\x00\x00\x7a\x02\x8e\x07\x00\xc8\x0f\x00\x24\x78\x1d\x1d\x00\x01\x00\x00\xff\x00\x8e\x07\x00\xca\x0f\x00"
"\x12\x78\x1d\x1d\x00\x0f\x00\x00\xff\xc0\x8e\x07\x00\xc8\x0f\x00\x10\x72\x1c\x1a\x1d\x00\x00\x00\xff\xe0\xf1\x07\x00\xca\x0f\x00"
"\x24\x72\x1b\xff\xff\x00\x00\x00\x1b\x06\x0e\x00\x00\xe2\x0f\x00\x11\x7a\x1a\x1c\x00\x58\x00\x00\xff\x08\x80\x07\x00\xc8\x0f\x00"
"\x11\x7a\x1b\x1c\x00\x59\x00\x00\x1b\x0c\x0f\x00\x00\xd0\x0f\x00\x81\x73\x1c\x1a\x00\x00\x00\x00\x00\x6b\x1e\x00\x00\x24\x01\x00"
"\x41\x79\x02\x00\x00\x00\x00\x00\x00\x00\x80\x03\x00\xea\x0f\x00\x88\x73\x00\x68\x1c\x00\x40\x00\x00\x0a\x00\x00\x00\xe4\x03\x01"
"\x41\x79\x01\x00\x00\x00\x00\x00\x00\x00\x80\x03\x00\xea\x0f\x00\x10\x78\x1a\x18\x08\x00\x00\x00\xff\xe0\xff\x07\x00\xe2\x1f\x00"
"\x55\x73\xff\x01\x00\x00\x00\x00\x00\x00\x10\x00\x00\xe2\x0f\x00\x45\x79\x01\x00\x00\x08\x00\x00\x00\x00\x80\x03\x00\xe4\x0f\x00"
"\x0c\x72\x00\x1a\x70\x00\x00\x00\x70\x62\xf0\x03\x00\xc8\x0f\x00\x0c\x72\x00\x1a\x05\x00\x00\x00\x70\x66\x70\x00\x00\xd8\x0f\x00"
"\x47\x09\x00\x00\xc0\x07\x00\x00\x00\x00\x80\x03\x00\xea\x0f\x00\x11\x78\x1b\x19\x01\x00\x00\x00\xff\xea\x8f\x07\x00\xe2\x0f\x00"
"\x55\x73\xff\x02\x00\x00\x00\x00\x00\x00\x10\x00\x00\xe2\x0f\x00\x45\x79\x02\x00\xf0\x03\x00\x00\x00\x00\x80\x03\x00\xe4\x0f\x00"
"\x11\x72\x1b\x1b\x12\x00\x00\x00\xff\xea\x8f\x07\x00\xc8\x0f\x00\x0c\x78\x00\x1b\xff\x00\x00\x00\x70\x42\xf0\x03\x00\xe2\x0f\x00"
"\x24\x72\x1b\xff\xff\x00\x00\x00\xff\x00\x8e\x07\x00\xd6\x0f\x00\x47\x09\x00\x00\xa0\x03\x00\x00\x00\x00\x80\x03\x00\xea\x0f\x00"
"\x12\x72\x1a\x79\x0a\x00\x00\x00\xff\xfc\x8e\x07\x00\xc8\x0f\x00\x0c\x72\x00\x1a\xff\x00\x00\x00\x70\x50\xf0\x03\x00\xd8\x0f\x00"
"\x47\x89\x00\x00\xf0\x00\x00\x00\x00\x00\x80\x03\x00\xea\x0f\x00\x24\x72\x65\xff\xff\x00\x00\x00\x78\x00\x8e\x07\x00\xe2\x0f\x00"
"\x02\x72\x61\x00\x09\x00\x00\x00\x00\x0f\x00\x00\x00\xe2\x0f\x00\x24\x72\x66\xff\xff\x00\x00\x00\x79\x00\x8e\x07\x00\xe2\x0f\x00"
"\x02\x78\x5e\x00\x50\x4b\x00\x00\x00\x0f\x00\x00\x00\xe2\x0f\x00\x24\x72\x5f\xff\xff\x00\x00\x00\x0a\x00\x8e\x07\x00\xc8\x0f\x00"
"\x44\x79\x00\x00\x20\xce\x00\x00\x00\x00\xc0\x03\x00\xea\x2f\x00\x10\x72\x1d\xff\x22\x00\x00\x80\xff\xe0\xf1\x07\x00\xe2\x0f\x00"
"\x24\x72\x1b\xff\xff\x00\x00\x00\x79\x00\x8e\x07\x00\xc8\x0f\x00\x24\x72\x1a\xff\xff\x00\x00\x00\x23\x0e\x0e\x00\x00\xc8\x0f\x00"
"\x24\x72\x1c\x1a\x09\x00\x00\x00\xff\x02\x8e\x07\x00\xe4\x0f\x00\x24\x72\x1a\xff\xff\x00\x00\x00\x78\x00\x8e\x07\x00\xc8\x0f\x00"
"\x25\x72\x1a\x09\x1d\x00\x00\x00\x1a\x00\x8e\x07\x00\xc8\x0f\x00\x24\x72\x1d\x0a\x1d\x00\x00\x00\x1c\x02\x8e\x07\x00\xc8\x0f\x00"
"\x24\x78\x1b\x1b\x01\x00\x00\x00\x1d\x02\x8e\x07\x00\xe2\x0f\x00\x47\x79\x00\x00\x50\x01\x00\x00\x00\x00\x80\x03\x00\xea\x0f\x00"
"\x06\x73\x1c\x00\x09\x00\x00\x00\x00\x90\x20\x00\x00\x22\x2e\x00\x0c\x72\x00\x09\xff\x00\x00\x00\x70\x50\xf4\x03\x00\xe4\x0f\x00"
"\x02\x72\x23\x00\xff\x00\x00\x00\x00\x0f\x00\x00\x00\xca\x0f\x00\x08\x73\x1c\x00\x1c\x00\x00\x00\x00\x10\x00\x00\x00\x24\x1e\x00"
"\x10\x78\x1d\x1c\xfe\xff\xff\x0f\xff\xe0\xff\x07\x00\xcc\x1f\x00\x05\x73\x1b\x00\x1d\x00\x00\x00\x00\xf0\x21\x00\x00\x24\x0e\x00"
"\x10\x72\x1a\xff\x1b\x00\x00\x80\xff\xe0\xff\x07\x00\xca\x1f\x00\x24\x72\x1f\x1a\x09\x00\x00\x00\xff\x02\x8e\x07\x00\xe4\x0f\x00"
"\x24\x72\x1a\xff\xff\x00\x00\x00\xff\x00\x8e\x07\x00\xc8\x0f\x00\x25\x72\x1a\x1b\x1f\x00\x00\x00\x1a\x00\x8e\x07\x00\xcc\x0f\x00"
"\x25\x72\x1a\x1b\x78\x00\x00\x00\xff\x00\x8e\x07\x00\xc8\x0f\x00\x24\x72\x22\xff\xff\x00\x00\x00\x1b\x00\x8e\x07\x00\xe4\x0f\x00"
"\x24\x72\x1b\xff\xff\x00\x00\x00\xff\x00\x8e\x07\x00\xe4\x0f\x00\x24\x72\x1a\xff\xff\x00\x00\x00\x22\x0a\x8e\x07\x00\xc8\x0f\x00"
"\x24\x72\x1a\x09\x1a\x00\x00\x00\x78\x02\x8e\x07\x00\xca\x0f\x00\x0c\x72\x00\x1a\x09\x00\x00\x00\x70\x60\xf0\x03\x00\xd8\x0f\x00"
"\x24\x08\x1a\x1a\x01\x00\x00\x00\x09\x0a\x8e\x07\x00\xe2\x0f\x00\x10\x08\x22\x22\x01\x00\x00\x00\xff\xe0\xff\x07\x00\xc8\x0f\x00"
"\x0c\x72\x00\x1a\x09\x00\x00\x00\x70\x60\xf2\x03\x00\xd8\x0f\x00\x10\x18\x22\x22\x01\x00\x00\x00\xff\xe0\xff\x07\x00\xc8\x0f\x00"
"\x12\xa2\x22\xff\x09\x00\x00\x00\xff\x33\x8e\x07\x00\xe4\x0f\x00\x19\x78\x1d\xff\x1f\x00\x00\x00\x1b\x14\x01\x00\x00\xe2\x0f\x10"
"\x24\x72\x1a\xff\xff\x00\x00\x00\x16\x00\x8e\x07\x00\xe2\x0f\x00\x19\x78\x1b\xff\x1f\x00\x00\x00\x1b\x14\x01\x00\x00\xe4\x0f\x00"
"\x10\x78\x1d\x22\x01\x00\x00\x00\x1d\xe0\x91\x07\x00\xc8\x0f\x00\x10\x72\x23\x23\xff\x00\x00\x00\x1b\x24\x7e\x00\x00\xe4\x0f\x00"
"\x19\x78\x1b\xff\x1f\x00\x00\x00\x16\x14\x01\x00\x00\xc6\x0f\x00\x24\x72\x1c\x23\x00\x00\x00\x00\xff\x02\x8e\x07\x00\xe4\x0f\x00"
"\x25\x72\x1a\x00\x1d\x00\x00\x00\x1a\x00\x8e\x07\x00\xc8\x0f\x00\x24\x72\x1d\x11\x1d\x00\x00\x00\x1c\x02\x8e\x07\x00\xc8\x0f\x00"
"\x24\x78\x1b\x1b\x01\x00\x00\x00\x1d\x02\x8e\x07\x00\xca\x0f\x00\x19\x78\x1a\x1a\x03\x00\x00\x00\x1b\x10\x00\x00\x00\xc8\x0f\x00"
"\x10\x78\x1a\x1a\x01\x00\x00\x00\xff\xe0\xf1\x07\x00\xc8\x0f\x00\x11\x72\x1b\x1b\xff\x00\x00\x00\xff\xee\x0f\x00\x00\xc8\x0f\x00"
"\x19\x78\x1a\x1a\x01\x00\x00\x00\x1b\x12\x00\x00\x00\xe4\x0f\x10\x19\x78\x1b\xff\x01\x00\x00\x00\x1b\x16\x01\x00\x00\xca\x0f\x00"
"\x25\x78\x1a\x12\x04\x00\x00\x00\x1a\x00\x8e\x07\x00\xca\x0f\x00\x11\x7a\x1c\x1a\x00\x62\x00\x00\xff\x10\x80\x07\x00\xc8\x0f\x00"
"\x11\x7a\x1d\x1a\x00\x63\x00\x00\x1b\x14\x0f\x00\x00\xd0\x0f\x00\x81\x73\x1b\x1c\x00\x00\x00\x00\x00\x69\x1e\x00\x00\x24\x01\x00"
"\x41\x79\x02\x00\x00\x00\x00\x00\x00\x00\x80\x03\x00\xea\x0f\x00\x0c\x78\x00\x1b\x00\x04\x00\x00\x70\x60\xf0\x03\x00\xe2\x0f\x01"
"\x55\x73\xff\x02\x00\x00\x00\x00\x00\x00\x10\x00\x00\xe2\x0f\x00\x45\x79\x02\x00\x40\x03\x00\x00\x00\x00\x80\x03\x00\xf4\x0f\x00"
"\x05\x08\x1c\x00\x00\x00\x00\x00\x00\xff\x01\x00\x00\xe2\x3f\x00\x47\x09\x00\x00\x10\x03\x00\x00\x00\x00\x80\x03\x00\xea\x0f\x00"
"\x0c\x72\x00\x79\xff\x00\x00\x00\x70\x50\xf0\x03\x00\xd8\x0f\x00\x47\x89\x00\x00\xf0\x00\x00\x00\x00\x00\x80\x03\x00\xea\x0f\x00"
"\x24\x72\x65\xff\xff\x00\x00\x00\x78\x00\x8e\x07\x00\xe2\x0f\x00\x02\x72\x5f\x00\x0c\x00\x00\x00\x00\x0f\x00\x00\x00\xe2\x0f\x00"
"\x24\x72\x66\xff\xff\x00\x00\x00\x79\x00\x8e\x07\x00\xe2\x0f\x00\x02\x78\x5e\x00\x40\x4f\x00\x00\x00\x0f\x00\x00\x00\xe2\x0f\x00"
"\x24\x72\x61\xff\xff\x00\x00\x00\x0b\x00\x8e\x07\x00\xc8\x0f\x00\x44\x79\x00\x00\x30\xca\x00\x00\x00\x00\xc0\x03\x00\xea\x0f\x00"
"\x10\x72\x1f\xff\x22\x00\x00\x80\xff\xe0\xf1\x07\x00\xe2\x0f\x00\x24\x72\x1c\xff\xff\x00\x00\x00\x78\x00\x8e\x07\x00\xe4\x0f\x00"
"\x24\x72\x1d\xff\xff\x00\x00\x00\x79\x00\x8e\x07\x00\xe4\x0f\x00\x24\x72\x1a\xff\xff\x00\x00\x00\x23\x0e\x0e\x00\x00\xe4\x0f\x00"
"\x25\x72\x1c\x0b\x1f\x00\x00\x00\x1c\x00\x8e\x07\x00\xc8\x0f\x00\x24\x72\x1a\x1a\x0b\x00\x00\x00\xff\x02\x8e\x07\x00\xc8\x0f\x00"
"\x24\x72\x1f\x0c\x1f\x00\x00\x00\x1a\x02\x8e\x07\x00\xc8\x0f\x00\x24\x78\x1d\x1d\x01\x00\x00\x00\x1f\x02\x8e\x07\x00\xe2\x0f\x00"
"\x47\x79\x00\x00\x40\x01\x00\x00\x00\x00\x80\x03\x00\xea\x0f\x00\x06\x73\x1a\x00\x0b\x00\x00\x00\x00\x90\x20\x00\x00\x22\x0e\x00"
"\x0c\x72\x00\x0b\xff\x00\x00\x00\x70\x50\xf4\x03\x00\xce\x0f\x00\x08\x73\x1a\x00\x1a\x00\x00\x00\x00\x10\x00\x00\x00\x24\x1e\x00"
"\x10\x78\x1e\x1a\xfe\xff\xff\x0f\xff\xe0\xff\x07\x00\xcc\x1f\x00\x05\x73\x1d\x00\x1e\x00\x00\x00\x00\xf0\x21\x00\x00\x24\x0e\x00"
"\x24\x72\x1c\xff\xff\x00\x00\x00\x1d\x0a\x8e\x07\x00\xc8\x1f\x00\x24\x72\x1f\x1c\x0b\x00\x00\x00\xff\x02\x8e\x07\x00\xe2\x0f\x00"
"\x02\x72\x1c\x00\xff\x00\x00\x00\x00\x0f\x00\x00\x00\xca\x0f\x00\x25\x72\x1c\x1d\x1f\x00\x00\x00\x1c\x00\x8e\x07\x00\xcc\x0f\x00"
"\x25\x72\x1c\x1d\x78\x00\x00\x00\xff\x00\x8e\x07\x00\xc8\x0f\x00\x24\x72\x22\xff\xff\x00\x00\x00\x1d\x00\x8e\x07\x00\xe4\x0f\x00"
"\x24\x72\x1d\xff\xff\x00\x00\x00\xff\x00\x8e\x07\x00\xe4\x0f\x00\x24\x72\x1a\xff\xff\x00\x00\x00\x22\x0a\x8e\x07\x00\xc8\x0f\x00"
"\x24\x72\x1a\x0b\x1a\x00\x00\x00\x78\x02\x8e\x07\x00\xca\x0f\x00\x0c\x72\x00\x1a\x0b\x00\x00\x00\x70\x60\xf0\x03\x00\xd8\x0f\x00"
"\x24\x08\x1a\x1a\x01\x00\x00\x00\x0b\x0a\x8e\x07\x00\xe2\x0f\x00\x10\x08\x22\x22\x01\x00\x00\x00\xff\xe0\xff\x07\x00\xc8\x0f\x00"
"\x0c\x72\x00\x1a\x0b\x00\x00\x00\x70\x60\xf2\x03\x00\xd8\x0f\x00\x10\x18\x22\x22\x01\x00\x00\x00\xff\xe0\xff\x07\x00\xc8\x0f\x00"
"\x12\xa2\x22\xff\x0b\x00\x00\x00\xff\x33\x8e\x07\x00\xe4\x0f\x00\x19\x78\x1d\xff\x1f\x00\x00\x00\x1d\x14\x01\x00\x00\xe4\x0f\x00"
"\x11\x78\x1a\x02\x08\x00\x00\x00\xff\xd8\x8f\x07\x00\xe4\x0f\x00\x10\x78\x1d\x22\x01\x00\x00\x00\x1d\xe0\xff\x07\x00\xca\x0f\x00"
"\x24\x72\x1d\x00\x1d\x00\x00\x00\x1a\x02\x8e\x07\x00\xe4\x0f\x00\x25\x78\x1a\x1b\x00\x10\x00\x00\x7a\x02\x8e\x07\x00\xc8\x0f\x00"
"\x24\x78\x1d\x1d\x00\x01\x00\x00\xff\x00\x8e\x07\x00\xca\x0f\x00\x12\x78\x1d\x1d\x00\x0f\x00\x00\xff\xc0\x8e\x07\x00\xc8\x0f\x00"
"\x10\x72\x1c\x1a\x1d\x00\x00\x00\xff\xe0\xf1\x07\x00\xc8\x0f\x00\x10\x72\x1b\xff\x1b\x00\x00\x00\xff\xe4\x7f\x00\x00\xe4\x0f\x00"
"\x11\x7a\x1a\x1c\x00\x58\x00\x00\xff\x08\x80\x07\x00\xc8\x0f\x00\x11\x7a\x1b\x1c\x00\x59\x00\x00\x1b\x0c\x0f\x00\x00\xd0\x0f\x00"
"\x81\x73\x1c\x1a\x00\x00\x00\x00\x00\x6b\x1e\x00\x00\x24\x01\x00\x41\x79\x02\x00\x00\x00\x00\x00\x00\x00\x80\x03\x00\xea\x0f\x00"
"\x12\x78\x1a\x6c\x08\x00\x00\x00\x69\xf4\x8e\x07\x00\xca\x1f\x00\x24\x78\x1a\x1a\x02\x00\x00\x00\xff\x00\x8e\x07\x00\xd0\x0f\x00"
"\x88\x73\x00\x1a\x1c\x00\x40\x00\x00\x0a\x00\x00\x00\xe4\x01\x01\x41\x79\x01\x00\x00\x00\x00\x00\x00\x00\x80\x03\x00\xea\x0f\x00"
"\x10\x78\x1a\x18\x10\x00\x00\x00\xff\xe0\xff\x07\x00\xe2\x1f\x00\x55\x73\xff\x01\x00\x00\x00\x00\x00\x00\x10\x00\x00\xe2\x0f\x00"
"\x45\x79\x01\x00\x00\x08\x00\x00\x00\x00\x80\x03\x00\xe4\x0f\x00\x0c\x72\x00\x1a\x70\x00\x00\x00\x70\x62\xf0\x03\x00\xc8\x0f\x00"
"\x0c\x72\x00\x1a\x05\x00\x00\x00\x70\x66\x70\x00\x00\xd8\x0f\x00\x47\x09\x00\x00\xc0\x07\x00\x00\x00\x00\x80\x03\x00\xea\x0f\x00"
"\x11\x78\x1b\x19\x02\x00\x00\x00\xff\xea\x8f\x07\x00\xe2\x0f\x00\x55\x73\xff\x02\x00\x00\x00\x00\x00\x00\x10\x00\x00\xe2\x0f\x00"
"\x45\x79\x02\x00\xf0\x03\x00\x00\x00\x00\x80\x03\x00\xe4\x0f\x00\x11\x72\x1b\x1b\x12\x00\x00\x00\xff\xea\x8f\x07\x00\xc8\x0f\x00"
"\x0c\x78\x00\x1b\xff\x00\x00\x00\x70\x42\xf0\x03\x00\xe2\x0f\x00\x24\x72\x1b\xff\xff\x00\x00\x00\xff\x00\x8e\x07\x00\xd6\x0f\x00"
"\x47\x09\x00\x00\xa0\x03\x00\x00\x00\x00\x80\x03\x00\xea\x0f\x00\x12\x72\x1a\x79\x0a\x00\x00\x00\xff\xfc\x8e\x07\x00\xc8\x0f\x00"
"\x0c\x72\x00\x1a\xff\x00\x00\x00\x70\x50\xf0\x03\x00\xd8\x0f\x00\x47\x89\x00\x00\xf0\x00\x00\x00\x00\x00\x80\x03\x00\xea\x0f\x00"
"\x24\x72\x65\xff\xff\x00\x00\x00\x78\x00\x8e\x07\x00\xe2\x0f\x00\x02\x72\x5f\x00\x0a\x00\x00\x00\x00\x0f\x00\x00\x00\xe2\x0f\x00"
"\x24\x72\x66\xff\xff\x00\x00\x00\x79\x00\x8e\x07\x00\xe2\x0f\x00\x02\x78\x5e\x00\x80\x53\x00\x00\x00\x0f\x00\x00\x00\xe2\x0f\x00"
"\x24\x72\x61\xff\xff\x00\x00\x00\x09\x00\x8e\x07\x00\xc8\x0f\x00\x44\x79\x00\x00\xf0\xc5\x00\x00\x00\x00\xc0\x03\x00\xea\x2f\x00"
"\x10\x72\x1d\xff\x22\x00\x00\x80\xff\xe0\xf1\x07\x00\xe2\x0f\x00\x24\x72\x1b\xff\xff\x00\x00\x00\x79\x00\x8e\x07\x00\xc8\x0f\x00"
"\x24\x72\x1a\xff\xff\x00\x00\x00\x23\x0e\x0e\x00\x00\xc8\x0f\x00\x24\x72\x1c\x1a\x09\x00\x00\x00\xff\x02\x8e\x07\x00\xe4\x0f\x00"
"\x24\x72\x1a\xff\xff\x00\x00\x00\x78\x00\x8e\x07\x00\xc8\x0f\x00\x25\x72\x1a\x09\x1d\x00\x00\x00\x1a\x00\x8e\x07\x00\xc8\x0f\x00"
"\x24\x72\x1d\x0a\x1d\x00\x00\x00\x1c\x02\x8e\x07\x00\xc8\x0f\x00\x24\x78\x1b\x1b\x01\x00\x00\x00\x1d\x02\x8e\x07\x00\xe2\x0f\x00"
"\x47\x79\x00\x00\x50\x01\x00\x00\x00\x00\x80\x03\x00\xea\x0f\x00\x06\x73\x1c\x00\x09\x00\x00\x00\x00\x90\x20\x00\x00\x22\x2e\x00"
"\x0c\x72\x00\x09\xff\x00\x00\x00\x70\x50\xf4\x03\x00\xe2\x0f\x00\x24\x72\x23\xff\xff\x00\x00\x00\xff\x00\x8e\x07\x00\xcc\x0f\x00"
"\x08\x73\x1c\x00\x1c\x00\x00\x00\x00\x10\x00\x00\x00\x24\x1e\x00\x10\x78\x1d\x1c\xfe\xff\xff\x0f\xff\xe0\xff\x07\x00\xcc\x1f\x00"
"\x05\x73\x1b\x00\x1d\x00\x00\x00\x00\xf0\x21\x00\x00\x24\x0e\x00\x24\x72\x1a\xff\xff\x00\x00\x00\x1b\x0a\x8e\x07\x00\xc8\x1f\x00"
"\x24\x72\x1f\x1a\x09\x00\x00\x00\xff\x02\x8e\x07\x00\xe2\x0f\x00\x02\x72\x1a\x00\xff\x00\x00\x00\x00\x0f\x00\x00\x00\xca\x0f\x00"
"\x25\x72\x1a\x1b\x1f\x00\x00\x00\x1a\x00\x8e\x07\x00\xcc\x0f\x00\x25\x72\x1a\x1b\x78\x00\x00\x00\xff\x00\x8e\x07\x00\xc8\x0f\x00"
"\x24\x72\x22\xff\xff\x00\x00\x00\x1b\x00\x8e\x07\x00\xe4\x0f\x00\x24\x72\x1b\xff\xff\x00\x00\x00\xff\x00\x8e\x07\x00\xe4\x0f\x00"
"\x24\x72\x1a\xff\xff\x00\x00\x00\x22\x0a\x8e\x07\x00\xc8\x0f\x00\x24\x72\x1a\x09\x1a\x00\x00\x00\x78\x02\x8e\x07\x00\xca\x0f\x00"
"\x0c\x72\x00\x1a\x09\x00\x00\x00\x70\x60\xf0\x03\x00\xd8\x0f\x00\x24\x08\x1a\x1a\x01\x00\x00\x00\x09\x0a\x8e\x07\x00\xe2\x0f\x00"
"\x10\x08\x22\x22\x01\x00\x00\x00\xff\xe0\xff\x07\x00\xc8\x0f\x00\x0c\x72\x00\x1a\x09\x00\x00\x00\x70\x60\xf2\x03\x00\xd8\x0f\x00"
"\x10\x18\x22\x22\x01\x00\x00\x00\xff\xe0\xff\x07\x00\xc8\x0f\x00\x12\xa2\x22\xff\x09\x00\x00\x00\xff\x33\x8e\x07\x00\xe4\x0f\x00"
"\x19\x78\x1d\xff\x1f\x00\x00\x00\x1b\x14\x01\x00\x00\xe4\x0f\x10\x19\x78\x1b\xff\x1f\x00\x00\x00\x1b\x14\x01\x00\x00\xe4\x0f\x00"
"\x10\x78\x1d\x22\x01\x00\x00\x00\x1d\xe0\x91\x07\x00\xe4\x0f\x00\x02\x72\x1a\x00\x16\x00\x00\x00\x00\x0f\x00\x00\x00\xe4\x0f\x00"
"\x10\x72\x23\x23\xff\x00\x00\x00\x1b\x24\x7e\x00\x00\xe4\x0f\x00\x19\x78\x1b\xff\x1f\x00\x00\x00\x16\x14\x01\x00\x00\xc6\x0f\x00"
"\x24\x72\x1c\x23\x00\x00\x00\x00\xff\x02\x8e\x07\x00\xe4\x0f\x00\x25\x72\x1a\x00\x1d\x00\x00\x00\x1a\x00\x8e\x07\x00\xc8\x0f\x00"
"\x24\x72\x1d\x11\x1d\x00\x00\x00\x1c\x02\x8e\x07\x00\xc8\x0f\x00\x24\x78\x1b\x1b\x01\x00\x00\x00\x1d\x02\x8e\x07\x00\xca\x0f\x00"
"\x19\x78\x1a\x1a\x03\x00\x00\x00\x1b\x10\x00\x00\x00\xc8\x0f\x00\x10\x78\x1a\x1a\x02\x00\x00\x00\xff\xe0\xf1\x07\x00\xc8\x0f\x00"
"\x11\x72\x1b\x1b\xff\x00\x00\x00\xff\xee\x0f\x00\x00\xc8\x0f\x00\x19\x78\x1a\x1a\x01\x00\x00\x00\x1b\x12\x00\x00\x00\xe4\x0f\x10"
"\x19\x78\x1b\xff\x01\x00\x00\x00\x1b\x16\x01\x00\x00\xca\x0f\x00\x25\x78\x1a\x12\x04\x00\x00\x00\x1a\x00\x8e\x07\x00\xca\x0f\x00"
"\x11\x7a\x1c\x1a\x00\x62\x00\x00\xff\x10\x80\x07\x00\xc8\x0f\x00\x11\x7a\x1d\x1a\x00\x63\x00\x00\x1b\x14\x0f\x00\x00\xd0\x0f\x00"
"\x81\x73\x1b\x1c\x00\x00\x00\x00\x00\x69\x1e\x00\x00\x24\x01\x00\x41\x79\x02\x00\x00\x00\x00\x00\x00\x00\x80\x03\x00\xea\x0f\x00"
"\x0c\x78\x00\x1b\x00\x04\x00\x00\x70\x60\xf0\x03\x00\xe2\x0f\x01\x55\x73\xff\x02\x00\x00\x00\x00\x00\x00\x10\x00\x00\xe2\x0f\x00"
"\x45\x79\x02\x00\x40\x03\x00\x00\x00\x00\x80\x03\x00\xf4\x0f\x00\x05\x08\x1c\x00\x00\x00\x00\x00\x00\xff\x01\x00\x00\xe2\x3f\x00"
"\x47\x09\x00\x00\x10\x03\x00\x00\x00\x00\x80\x03\x00\xea\x0f\x00\x0c\x72\x00\x79\xff\x00\x00\x00\x70\x50\xf0\x03\x00\xd8\x0f\x00"
"\x47\x89\x00\x00\xf0\x00\x00\x00\x00\x00\x80\x03\x00\xea\x0f\x00\x24\x72\x65\xff\xff\x00\x00\x00\x78\x00\x8e\x07\x00\xe2\x0f\x00"
"\x02\x78\x5e\x00\x70\x57\x00\x00\x00\x0f\x00\x00\x00\xe2\x0f\x00\x24\x72\x66\xff\xff\x00\x00\x00\x79\x00\x8e\x07\x00\xe4\x0f\x00"
"\x24\x72\x61\xff\xff\x00\x00\x00\x0b\x00\x8e\x07\x00\xe4\x0f\x00\x24\x72\x5f\xff\xff\x00\x00\x00\x0c\x00\x8e\x07\x00\xc8\x0f\x00"
"\x44\x79\x00\x00\x00\xc2\x00\x00\x00\x00\xc0\x03\x00\xea\x0f\x00\x10\x72\x1f\xff\x22\x00\x00\x80\xff\xe0\xf1\x07\x00\xe2\x0f\x00"
"\x24\x72\x1c\xff\xff\x00\x00\x00\x78\x00\x8e\x07\x00\xe4\x0f\x00\x24\x72\x1d\xff\xff\x00\x00\x00\x79\x00\x8e\x07\x00\xe2\x0f\x00"
"\x10\x72\x1a\xff\x23\x00\x00\x80\xff\xe4\x7f\x00\x00\xc6\x0f\x00\x25\x72\x1c\x0b\x1f\x00\x00\x00\x1c\x00\x8e\x07\x00\xc8\x0f\x00"
"\x24\x72\x1a\x1a\x0b\x00\x00\x00\xff\x02\x8e\x07\x00\xc8\x0f\x00\x24\x72\x1f\x0c\x1f\x00\x00\x00\x1a\x02\x8e\x07\x00\xc8\x0f\x00"
"\x24\x78\x1d\x1d\x01\x00\x00\x00\x1f\x02\x8e\x07\x00\xe2\x0f\x00\x47\x79\x00\x00\x40\x01\x00\x00\x00\x00\x80\x03\x00\xea\x0f\x00"
"\x06\x73\x1a\x00\x0b\x00\x00\x00\x00\x90\x20\x00\x00\x22\x0e\x00\x0c\x72\x00\x0b\xff\x00\x00\x00\x70\x50\xf4\x03\x00\xce\x0f\x00"
"\x08\x73\x1a\x00\x1a\x00\x00\x00\x00\x10\x00\x00\x00\x24\x1e\x00\x10\x78\x1e\x1a\xfe\xff\xff\x0f\xff\xe0\xff\x07\x00\xcc\x1f\x00"
"\x05\x73\x1d\x00\x1e\x00\x00\x00\x00\xf0\x21\x00\x00\x24\x0e\x00\x24\x72\x1c\xff\xff\x00\x00\x00\x1d\x0a\x8e\x07\x00\xc8\x1f\x00"
"\x24\x72\x1f\x1c\x0b\x00\x00\x00\xff\x02\x8e\x07\x00\xe4\x0f\x00\x24\x72\x1c\xff\xff\x00\x00\x00\xff\x00\x8e\x07\x00\xc8\x0f\x00"
"\x25\x72\x1c\x1d\x1f\x00\x00\x00\x1c\x00\x8e\x07\x00\xcc\x0f\x00\x25\x72\x1c\x1d\x78\x00\x00\x00\xff\x00\x8e\x07\x00\xca\x0f\x00"
"\x02\x72\x22\x00\x1d\x00\x00\x00\x00\x0f\x00\x00\x00\xe2\x0f\x00\x24\x72\x1d\xff\xff\x00\x00\x00\xff\x00\x8e\x07\x00\xc8\x0f\x00"
"\x24\x72\x1a\xff\xff\x00\x00\x00\x22\x0a\x8e\x07\x00\xc8\x0f\x00\x24\x72\x1a\x0b\x1a\x00\x00\x00\x78\x02\x8e\x07\x00\xca\x0f\x00"
"\x0c\x72\x00\x1a\x0b\x00\x00\x00\x70\x60\xf0\x03\x00\xd8\x0f\x00\x24\x08\x1a\x1a\x01\x00\x00\x00\x0b\x0a\x8e\x07\x00\xe2\x0f\x00"
"\x10\x08\x22\x22\x01\x00\x00\x00\xff\xe0\xff\x07\x00\xc8\x0f\x00\x0c\x72\x00\x1a\x0b\x00\x00\x00\x70\x60\xf2\x03\x00\xd8\x0f\x00"
"\x10\x18\x22\x22\x01\x00\x00\x00\xff\xe0\xff\x07\x00\xc8\x0f\x00\x12\xa2\x22\xff\x0b\x00\x00\x00\xff\x33\x8e\x07\x00\xe4\x0f\x00"
"\x19\x78\x1d\xff\x1f\x00\x00\x00\x1d\x14\x01\x00\x00\xe4\x0f\x00\x19\x78\x1a\xff\x05\x00\x00\x00\x02\x16\x01\x00\x00\xe4\x0f\x00"
"\x10\x78\x1d\x22\x01\x00\x00\x00\x1d\xe0\xff\x07\x00\xca\x0f\x00\x24\x72\x1d\x00\x1d\x00\x00\x00\x1a\x02\x8e\x07\x00\xe4\x0f\x00"
"\x25\x78\x1a\x1b\x00\x10\x00\x00\x7a\x02\x8e\x07\x00\xc8\x0f\x00\x24\x78\x1d\x1d\x00\x01\x00\x00\xff\x00\x8e\x07\x00\xca\x0f\x00"
"\x12\x78\x1d\x1d\x00\x0f\x00\x00\xff\xc0\x8e\x07\x00\xc8\x0f\x00\x10\x72\x1c\x1a\x1d\x00\x00\x00\xff\xe0\xf1\x07\x00\xca\x0f\x00"
"\x24\x72\x1b\xff\xff\x00\x00\x00\x1b\x06\x0e\x00\x00\xe2\x0f\x00\x11\x7a\x1a\x1c\x00\x58\x00\x00\xff\x08\x80\x07\x00\xc8\x0f\x00"
"\x11\x7a\x1b\x1c\x00\x59\x00\x00\x1b\x0c\x0f\x00\x00\xd0\x0f\x00\x81\x73\x1c\x1a\x00\x00\x00\x00\x00\x6b\x1e\x00\x00\x24\x01\x00"
"\x41\x79\x02\x00\x00\x00\x00\x00\x00\x00\x80\x03\x00\xea\x0f\x00\x12\x78\x1a\x6c\x08\x00\x00\x00\x69\xf4\x8e\x07\x00\xc8\x1f\x00"
"\x19\x78\x1a\x1a\x01\x00\x00\x00\xff\x06\x00\x00\x00\xd0\x0f\x00\x88\x73\x00\x1a\x1c\x80\x40\x00\x00\x0a\x00\x00\x00\xe4\x01\x01"
"\x41\x79\x01\x00\x00\x00\x00\x00\x00\x00\x80\x03\x00\xea\x0f\x00\x10\x78\x1a\x18\x18\x00\x00\x00\xff\xe0\xff\x07\x00\xe2\x1f\x00"
"\x55\x73\xff\x01\x00\x00\x00\x00\x00\x00\x10\x00\x00\xe2\x0f\x00\x45\x79\x01\x00\xe0\x07\x00\x00\x00\x00\x80\x03\x00\xe4\x0f\x00"
"\x0c\x72\x00\x1a\x70\x00\x00\x00\x70\x62\xf0\x03\x00\xc8\x0f\x00\x0c\x72\x00\x1a\x05\x00\x00\x00\x70\x66\x70\x00\x00\xd8\x0f\x00"
"\x47\x09\x00\x00\xa0\x07\x00\x00\x00\x00\x80\x03\x00\xea\x0f\x00\x11\x78\x1b\x19\x03\x00\x00\x00\xff\xea\x8f\x07\x00\xe2\x0f\x00"
"\x55\x73\xff\x02\x00\x00\x00\x00\x00\x00\x10\x00\x00\xe2\x0f\x00\x45\x79\x02\x00\xf0\x03\x00\x00\x00\x00\x80\x03\x00\xe4\x0f\x00"
"\x11\x72\x1b\x1b\x12\x00\x00\x00\xff\xea\x8f\x07\x00\xc8\x0f\x00\x0c\x78\x00\x1b\xff\x00\x00\x00\x70\x42\xf0\x03\x00\xe2\x0f\x00"
"\x24\x72\x1b\xff\xff\x00\x00\x00\xff\x00\x8e\x07\x00\xd6\x0f\x00\x47\x09\x00\x00\xa0\x03\x00\x00\x00\x00\x80\x03\x00\xea\x0f\x00"
"\x12\x72\x1a\x79\x0a\x00\x00\x00\xff\xfc\x8e\x07\x00\xc8\x0f\x00\x0c\x72\x00\x1a\xff\x00\x00\x00\x70\x50\xf0\x03\x00\xd8\x0f\x00"
"\x47\x89\x00\x00\xf0\x00\x00\x00\x00\x00\x80\x03\x00\xea\x0f\x00\x24\x72\x65\xff\xff\x00\x00\x00\x78\x00\x8e\x07\x00\xe2\x0f\x00"
"\x02\x78\x5e\x00\xb0\x5b\x00\x00\x00\x0f\x00\x00\x00\xe2\x0f\x00\x24\x72\x66\xff\xff\x00\x00\x00\x79\x00\x8e\x07\x00\xe4\x0f\x00"
"\x24\x72\x61\xff\xff\x00\x00\x00\x09\x00\x8e\x07\x00\xe4\x0f\x00\x24\x72\x5f\xff\xff\x00\x00\x00\x0a\x00\x8e\x07\x00\xc8\x0f\x00"
"\x44\x79\x00\x00\xc0\xbd\x00\x00\x00\x00\xc0\x03\x00\xea\x2f\x00\x10\x72\x1d\xff\x22\x00\x00\x80\xff\xe0\xf1\x07\x00\xe2\x0f\x00"
"\x24\x72\x1b\xff\xff\x00\x00\x00\x79\x00\x8e\x07\x00\xc6\x0f\x00\x10\x72\x1a\xff\x23\x00\x00\x80\xff\xe4\x7f\x00\x00\xca\x0f\x00"
"\x24\x72\x1c\x1a\x09\x00\x00\x00\xff\x02\x8e\x07\x00\xe4\x0f\x00\x24\x72\x1a\xff\xff\x00\x00\x00\x78\x00\x8e\x07\x00\xc8\x0f\x00"
"\x25\x72\x1a\x09\x1d\x00\x00\x00\x1a\x00\x8e\x07\x00\xc8\x0f\x00\x24\x72\x1d\x0a\x1d\x00\x00\x00\x1c\x02\x8e\x07\x00\xc8\x0f\x00"
"\x24\x78\x1b\x1b\x01\x00\x00\x00\x1d\x02\x8e\x07\x00\xe2\x0f\x00\x47\x79\x00\x00\x50\x01\x00\x00\x00\x00\x80\x03\x00\xea\x0f\x00"
"\x06\x73\x1c\x00\x09\x00\x00\x00\x00\x90\x20\x00\x00\x22\x2e\x00\x0c\x72\x00\x09\xff\x00\x00\x00\x70\x50\xf4\x03\x00\xe2\x0f\x00"
"\x24\x72\x23\xff\xff\x00\x00\x00\xff\x00\x8e\x07\x00\xcc\x0f\x00\x08\x73\x1c\x00\x1c\x00\x00\x00\x00\x10\x00\x00\x00\x24\x1e\x00"
"\x10\x78\x1d\x1c\xfe\xff\xff\x0f\xff\xe0\xff\x07\x00\xcc\x1f\x00\x05\x73\x1b\x00\x1d\x00\x00\x00\x00\xf0\x21\x00\x00\x24\x0e\x00"
"\x24\x72\x1a\xff\xff\x00\x00\x00\x1b\x0a\x8e\x07\x00\xc8\x1f\x00\x24\x72\x1f\x1a\x09\x00\x00\x00\xff\x02\x8e\x07\x00\xe4\x0f\x00"
"\x24\x72\x1a\xff\xff\x00\x00\x00\xff\x00\x8e\x07\x00\xc8\x0f\x00\x25\x72\x1a\x1b\x1f\x00\x00\x00\x1a\x00\x8e\x07\x00\xcc\x0f\x00"
"\x25\x72\x1a\x1b\x78\x00\x00\x00\xff\x00\x8e\x07\x00\xca\x0f\x00\x02\x72\x22\x00\x1b\x00\x00\x00\x00\x0f\x00\x00\x00\xe2\x0f\x00"
"\x24\x72\x1b\xff\xff\x00\x00\x00\xff\x00\x8e\x07\x00\xc8\x0f\x00\x24\x72\x1a\xff\xff\x00\x00\x00\x22\x0a\x8e\x07\x00\xc8\x0f\x00"
"\x24\x72\x1a\x09\x1a\x00\x00\x00\x78\x02\x8e\x07\x00\xca\x0f\x00\x0c\x72\x00\x1a\x09\x00\x00\x00\x70\x60\xf0\x03\x00\xd8\x0f\x00"
"\x24\x08\x1a\x1a\x01\x00\x00\x00\x09\x0a\x8e\x07\x00\xe2\x0f\x00\x10\x08\x22\x22\x01\x00\x00\x00\xff\xe0\xff\x07\x00\xc8\x0f\x00"
"\x0c\x72\x00\x1a\x09\x00\x00\x00\x70\x60\xf2\x03\x00\xd8\x0f\x00\x10\x18\x22\x22\x01\x00\x00\x00\xff\xe0\xff\x07\x00\xc8\x0f\x00"
"\x12\xa2\x22\xff\x09\x00\x00\x00\xff\x33\x8e\x07\x00\xe4\x0f\x00\x19\x78\x1d\xff\x1f\x00\x00\x00\x1b\x14\x01\x00\x00\xe2\x0f\x10"
"\x24\x72\x1a\xff\xff\x00\x00\x00\x16\x00\x8e\x07\x00\xe2\x0f\x00\x19\x78\x1b\xff\x1f\x00\x00\x00\x1b\x14\x01\x00\x00\xe4\x0f\x00"
"\x10\x78\x1d\x22\x01\x00\x00\x00\x1d\xe0\x91\x07\x00\xc8\x0f\x00\x10\x72\x23\x23\xff\x00\x00\x00\x1b\x24\x7e\x00\x00\xe4\x0f\x00"
"\x19\x78\x1b\xff\x1f\x00\x00\x00\x16\x14\x01\x00\x00\xc6\x0f\x00\x24\x72\x1c\x23\x00\x00\x00\x00\xff\x02\x8e\x07\x00\xe4\x0f\x00"
"\x25\x72\x1a\x00\x1d\x00\x00\x00\x1a\x00\x8e\x07\x00\xc8\x0f\x00\x24\x72\x1d\x11\x1d\x00\x00\x00\x1c\x02\x8e\x07\x00\xca\x0f\x00"
"\x10\x72\x1b\x1b\x1d\x00\x00\x00\xff\xe0\xff\x07\x00\xc8\x0f\x00\x19\x78\x1a\x1a\x03\x00\x00\x00\x1b\x10\x00\x00\x00\xc8\x0f\x00"
"\x10\x78\x1a\x1a\x03\x00\x00\x00\xff\xe0\xf1\x07\x00\xc8\x0f\x00\x11\x72\x1b\x1b\xff\x00\x00\x00\xff\xee\x0f\x00\x00\xc8\x0f\x00"
"\x19\x78\x1a\x1a\x01\x00\x00\x00\x1b\x12\x00\x00\x00\xe4\x0f\x10\x19\x78\x1b\xff\x01\x00\x00\x00\x1b\x16\x01\x00\x00\xca\x0f\x00"
"\x25\x78\x1a\x12\x04\x00\x00\x00\x1a\x00\x8e\x07\x00\xca\x0f\x00\x11\x7a\x1c\x1a\x00\x62\x00\x00\xff\x10\x80\x07\x00\xc8\x0f\x00"
"\x11\x7a\x1d\x1a\x00\x63\x00\x00\x1b\x14\x0f\x00\x00\xd0\x0f\x00\x81\x73\x1b\x1c\x00\x00\x00\x00\x00\x69\x1e\x00\x00\x24\x01\x00"
"\x41\x79\x02\x00\x00\x00\x00\x00\x00\x00\x80\x03\x00\xea\x0f\x00\x0c\x78\x00\x1b\x00\x04\x00\x00\x70\x60\xf0\x03\x00\xe2\x0f\x01"
"\x55\x73\xff\x02\x00\x00\x00\x00\x00\x00\x10\x00\x00\xe2\x0f\x00\x45\x79\x02\x00\x40\x03\x00\x00\x00\x00\x80\x03\x00\xf4\x0f\x00"
"\x05\x08\x1c\x00\x00\x00\x00\x00\x00\xff\x01\x00\x00\xe2\x3f\x00\x47\x09\x00\x00\x10\x03\x00\x00\x00\x00\x80\x03\x00\xea\x0f\x00"
"\x0c\x72\x00\x79\xff\x00\x00\x00\x70\x50\xf0\x03\x00\xd8\x0f\x00\x47\x89\x00\x00\xf0\x00\x00\x00\x00\x00\x80\x03\x00\xea\x0f\x00"
"\x24\x72\x65\xff\xff\x00\x00\x00\x78\x00\x8e\x07\x00\xe2\x0f\x00\x02\x78\x5e\x00\xa0\x5f\x00\x00\x00\x0f\x00\x00\x00\xe2\x0f\x00"
"\x24\x72\x66\xff\xff\x00\x00\x00\x79\x00\x8e\x07\x00\xe4\x0f\x00\x24\x72\x61\xff\xff\x00\x00\x00\x0b\x00\x8e\x07\x00\xe4\x0f\x00"
"\x24\x72\x5f\xff\xff\x00\x00\x00\x0c\x00\x8e\x07\x00\xc8\x0f\x00\x44\x79\x00\x00\xd0\xb9\x00\x00\x00\x00\xc0\x03\x00\xea\x0f\x00"
"\x10\x72\x1f\xff\x22\x00\x00\x80\xff\xe0\xf1\x07\x00\xe2\x0f\x00\x24\x72\x1d\xff\xff\x00\x00\x00\x79\x00\x8e\x07\x00\xe2\x0f\x00"
"\x02\x72\x1c\x00\x78\x00\x00\x00\x00\x0f\x00\x00\x00\xc6\x0f\x00\x24\x72\x1a\xff\xff\x00\x00\x00\x23\x0e\x0e\x00\x00\xe4\x0f\x00"
"\x25\x72\x1c\x0b\x1f\x00\x00\x00\x1c\x00\x8e\x07\x00\xc8\x0f\x00\x24\x72\x1a\x1a\x0b\x00\x00\x00\xff\x02\x8e\x07\x00\xc8\x0f\x00"
"\x24\x72\x1f\x0c\x1f\x00\x00\x00\x1a\x02\x8e\x07\x00\xc8\x0f\x00\x24\x78\x1d\x1d\x01\x00\x00\x00\x1f\x02\x8e\x07\x00\xe2\x0f\x00"
"\x47\x79\x00\x00\x40\x01\x00\x00\x00\x00\x80\x03\x00\xea\x0f\x00\x06\x73\x1a\x00\x0b\x00\x00\x00\x00\x90\x20\x00\x00\x22\x0e\x00"
"\x0c\x72\x00\x0b\xff\x00\x00\x00\x70\x50\xf4\x03\x00\xce\x0f\x00\x08\x73\x1a\x00\x1a\x00\x00\x00\x00\x10\x00\x00\x00\x24\x1e\x00"
"\x10\x78\x1e\x1a\xfe\xff\xff\x0f\xff\xe0\xff\x07\x00\xcc\x1f\x00\x05\x73\x1d\x00\x1e\x00\x00\x00\x00\xf0\x21\x00\x00\x24\x0e\x00"
"\x24\x72\x1c\xff\xff\x00\x00\x00\x1d\x0a\x8e\x07\x00\xc8\x1f\x00\x24\x72\x1f\x1c\x0b\x00\x00\x00\xff\x02\x8e\x07\x00\xe4\x0f\x00"
"\x24\x72\x1c\xff\xff\x00\x00\x00\xff\x00\x8e\x07\x00\xc8\x0f\x00\x25\x72\x1c\x1d\x1f\x00\x00\x00\x1c\x00\x8e\x07\x00\xcc\x0f\x00"
"\x25\x72\x1c\x1d\x78\x00\x00\x00\xff\x00\x8e\x07\x00\xc8\x0f\x00\x24\x72\x22\xff\xff\x00\x00\x00\x1d\x00\x8e\x07\x00\xe4\x0f\x00"
"\x24\x72\x1d\xff\xff\x00\x00\x00\xff\x00\x8e\x07\x00\xc6\x0f\x00\x10\x72\x1a\x22\xff\x00\x00\x00\xff\xe1\xff\x07\x00\xca\x0f\x00"
"\x24\x72\x1a\x0b\x1a\x00\x00\x00\x78\x02\x8e\x07\x00\xca\x0f\x00\x0c\x72\x00\x1a\x0b\x00\x00\x00\x70\x60\xf0\x03\x00\xd8\x0f\x00"
"\x24\x08\x1a\x1a\x01\x00\x00\x00\x0b\x0a\x8e\x07\x00\xe2\x0f\x00\x10\x08\x22\x22\x01\x00\x00\x00\xff\xe0\xff\x07\x00\xc8\x0f\x00"
"\x0c\x72\x00\x1a\x0b\x00\x00\x00\x70\x60\xf2\x03\x00\xd8\x0f\x00\x10\x18\x22\x22\x01\x00\x00\x00\xff\xe0\xff\x07\x00\xc8\x0f\x00"
"\x12\xa2\x22\xff\x0b\x00\x00\x00\xff\x33\x8e\x07\x00\xe4\x0f\x00\x19\x78\x1d\xff\x1f\x00\x00\x00\x1d\x14\x01\x00\x00\xe4\x0f\x00"
"\x11\x78\x1a\x02\x08\x00\x00\x00\xff\xd8\x8f\x07\x00\xe4\x0f\x00\x10\x78\x1d\x22\x01\x00\x00\x00\x1d\xe0\xff\x07\x00\xca\x0f\x00"
"\x24\x72\x1d\x00\x1d\x00\x00\x00\x1a\x02\x8e\x07\x00\xe4\x0f\x00\x25\x78\x1a\x1b\x00\x10\x00\x00\x7a\x02\x8e\x07\x00\xc8\x0f\x00"
"\x24\x78\x1d\x1d\x00\x01\x00\x00\xff\x00\x8e\x07\x00\xca\x0f\x00\x12\x78\x1d\x1d\x00\x0f\x00\x00\xff\xc0\x8e\x07\x00\xc8\x0f\x00"
"\x10\x72\x1c\x1a\x1d\x00\x00\x00\xff\xe0\xf1\x07\x00\xca\x0f\x00\x24\x72\x1b\xff\xff\x00\x00\x00\x1b\x06\x0e\x00\x00\xe2\x0f\x00"
"\x11\x7a\x1a\x1c\x00\x58\x00\x00\xff\x08\x80\x07\x00\xc8\x0f\x00\x11\x7a\x1b\x1c\x00\x59\x00\x00\x1b\x0c\x0f\x00\x00\xd0\x0f\x00"
"\x81\x73\x1c\x1a\x00\x00\x00\x00\x00\x6b\x1e\x00\x00\x24\x01\x00\x41\x79\x02\x00\x00\x00\x00\x00\x00\x00\x80\x03\x00\xea\x0f\x00"
"\x88\x73\x00\x68\x1c\x80\x40\x00\x00\x0a\x00\x00\x00\xe4\x03\x01\x41\x79\x01\x00\x00\x00\x00\x00\x00\x00\x80\x03\x00\xea\x0f\x00"
"\x10\x78\x1a\x18\x20\x00\x00\x00\xff\xe0\xff\x07\x00\xe2\x1f\x00\x55\x73\xff\x01\x00\x00\x00\x00\x00\x00\x10\x00\x00\xe2\x0f\x00"
"\x45\x79\x01\x00\xe0\x07\x00\x00\x00\x00\x80\x03\x00\xe4\x0f\x00\x0c\x72\x00\x1a\x70\x00\x00\x00\x70\x62\xf0\x03\x00\xc8\x0f\x00"
"\x0c\x72\x00\x1a\x05\x00\x00\x00\x70\x66\x70\x00\x00\xd8\x0f\x00\x47\x09\x00\x00\xa0\x07\x00\x00\x00\x00\x80\x03\x00\xea\x0f\x00"
"\x11\x78\x1b\x19\x04\x00\x00\x00\xff\xea\x8f\x07\x00\xe2\x0f\x00\x55\x73\xff\x02\x00\x00\x00\x00\x00\x00\x10\x00\x00\xe2\x0f\x00"
"\x45\x79\x02\x00\xf0\x03\x00\x00\x00\x00\x80\x03\x00\xe4\x0f\x00\x11\x72\x1b\x1b\x12\x00\x00\x00\xff\xea\x8f\x07\x00\xc8\x0f\x00"
"\x0c\x78\x00\x1b\xff\x00\x00\x00\x70\x42\xf0\x03\x00\xe2\x0f\x00\x24\x72\x1b\xff\xff\x00\x00\x00\xff\x00\x8e\x07\x00\xd6\x0f\x00"
"\x47\x09\x00\x00\xa0\x03\x00\x00\x00\x00\x80\x03\x00\xea\x0f\x00\x12\x72\x1a\x79\x0a\x00\x00\x00\xff\xfc\x8e\x07\x00\xc8\x0f\x00"
"\x0c\x72\x00\x1a\xff\x00\x00\x00\x70\x50\xf0\x03\x00\xd8\x0f\x00\x47\x89\x00\x00\xf0\x00\x00\x00\x00\x00\x80\x03\x00\xea\x0f\x00"
"\x02\x72\x65\x00\x78\x00\x00\x00\x00\x0f\x00\x00\x00\xe2\x0f\x00\x24\x72\x66\xff\xff\x00\x00\x00\x79\x00\x8e\x07\x00\xe2\x0f\x00"
"\x02\x78\x5e\x00\xc0\x63\x00\x00\x00\x0f\x00\x00\x00\xe2\x0f\x00\x24\x72\x61\xff\xff\x00\x00\x00\x09\x00\x8e\x07\x00\xe4\x0f\x00"
"\x24\x72\x5f\xff\xff\x00\x00\x00\x0a\x00\x8e\x07\x00\xc8\x0f\x00\x44\x79\x00\x00\xb0\xb5\x00\x00\x00\x00\xc0\x03\x00\xea\x2f\x00"
"\x10\x72\x1d\xff\x22\x00\x00\x80\xff\xe0\xf1\x07\x00\xe4\x0f\x00\x02\x72\x1b\x00\x79\x00\x00\x00\x00\x0f\x00\x00\x00\xc6\x0f\x00"
"\x24\x72\x1a\xff\xff\x00\x00\x00\x23\x0e\x0e\x00\x00\xc8\x0f\x00\x24\x72\x1c\x1a\x09\x00\x00\x00\xff\x02\x8e\x07\x00\xe4\x0f\x00"
"\x24\x72\x1a\xff\xff\x00\x00\x00\x78\x00\x8e\x07\x00\xc8\x0f\x00\x25\x72\x1a\x09\x1d\x00\x00\x00\x1a\x00\x8e\x07\x00\xc8\x0f\x00"
"\x24\x72\x1d\x0a\x1d\x00\x00\x00\x1c\x02\x8e\x07\x00\xc8\x0f\x00\x24\x78\x1b\x1b\x01\x00\x00\x00\x1d\x02\x8e\x07\x00\xe2\x0f\x00"
"\x47\x79\x00\x00\x50\x01\x00\x00\x00\x00\x80\x03\x00\xea\x0f\x00\x06\x73\x1c\x00\x09\x00\x00\x00\x00\x90\x20\x00\x00\x22\x2e\x00"
"\x0c\x72\x00\x09\xff\x00\x00\x00\x70\x50\xf4\x03\x00\xe2\x0f\x00\x24\x72\x23\xff\xff\x00\x00\x00\xff\x00\x8e\x07\x00\xcc\x0f\x00"
"\x08\x73\x1c\x00\x1c\x00\x00\x00\x00\x10\x00\x00\x00\x24\x1e\x00\x10\x78\x1d\x1c\xfe\xff\xff\x0f\xff\xe0\xff\x07\x00\xcc\x1f\x00"
"\x05\x73\x1b\x00\x1d\x00\x00\x00\x00\xf0\x21\x00\x00\x24\x0e\x00\x24\x72\x1a\xff\xff\x00\x00\x00\x1b\x0a\x8e\x07\x00\xc8\x1f\x00"
"\x24\x72\x1f\x1a\x09\x00\x00\x00\xff\x02\x8e\x07\x00\xe4\x0f\x00\x24\x72\x1a\xff\xff\x00\x00\x00\xff\x00\x8e\x07\x00\xc8\x0f\x00"
"\x25\x72\x1a\x1b\x1f\x00\x00\x00\x1a\x00\x8e\x07\x00\xcc\x0f\x00\x25\x72\x1a\x1b\x78\x00\x00\x00\xff\x00\x8e\x07\x00\xc8\x0f\x00"
"\x24\x72\x22\xff\xff\x00\x00\x00\x1b\x00\x8e\x07\x00\xe4\x0f\x00\x24\x72\x1b\xff\xff\x00\x00\x00\xff\x00\x8e\x07\x00\xe4\x0f\x00"
"\x24\x72\x1a\xff\xff\x00\x00\x00\x22\x0a\x8e\x07\x00\xc8\x0f\x00\x24\x72\x1a\x09\x1a\x00\x00\x00\x78\x02\x8e\x07\x00\xca\x0f\x00"
"\x0c\x72\x00\x1a\x09\x00\x00\x00\x70\x60\xf0\x03\x00\xd8\x0f\x00\x10\x02\x1a\x1a\x09\x00\x00\x80\xff\xe0\xff\x07\x00\xe4\x0f\x08"
"\x10\x08\x22\x22\x01\x00\x00\x00\xff\xe0\xff\x07\x00\xe4\x0f\x00\x0c\x72\x00\x1a\x09\x00\x00\x00\x70\x60\xf2\x03\x00\xd8\x0f\x00"
"\x10\x18\x22\x22\x01\x00\x00\x00\xff\xe0\xff\x07\x00\xc8\x0f\x00\x12\xa2\x22\xff\x09\x00\x00\x00\xff\x33\x8e\x07\x00\xe4\x0f\x00"
"\x19\x78\x1d\xff\x1f\x00\x00\x00\x1b\x14\x01\x00\x00\xe2\x0f\x10\x24\x72\x1a\xff\xff\x00\x00\x00\x16\x00\x8e\x07\x00\xe2\x0f\x00"
"\x19\x78\x1b\xff\x1f\x00\x00\x00\x1b\x14\x01\x00\x00\xe4\x0f\x00\x10\x78\x1d\x22\x01\x00\x00\x00\x1d\xe0\x91\x07\x00\xc8\x0f\x00"
"\x10\x72\x23\x23\xff\x00\x00\x00\x1b\x24\x7e\x00\x00\xe4\x0f\x00\x19\x78\x1b\xff\x1f\x00\x00\x00\x16\x14\x01\x00\x00\xc6\x0f\x00"
"\x24\x72\x1c\x23\x00\x00\x00\x00\xff\x02\x8e\x07\x00\xe4\x0f\x00\x25\x72\x1a\x00\x1d\x00\x00\x00\x1a\x00\x8e\x07\x00\xc8\x0f\x00"
"\x24\x72\x1d\x11\x1d\x00\x00\x00\x1c\x02\x8e\x07\x00\xc8\x0f\x00\x24\x78\x1b\x1b\x01\x00\x00\x00\x1d\x02\x8e\x07\x00\xca\x0f\x00"
"\x19\x78\x1a\x1a\x03\x00\x00\x00\x1b\x10\x00\x00\x00\xc8\x0f\x00\x10\x78\x1a\x1a\x04\x00\x00\x00\xff\xe0\xf1\x07\x00\xc8\x0f\x00"
"\x11\x72\x1b\x1b\xff\x00\x00\x00\xff\xee\x0f\x00\x00\xc8\x0f\x00\x19\x78\x1a\x1a\x01\x00\x00\x00\x1b\x12\x00\x00\x00\xe4\x0f\x10"
"\x19\x78\x1b\xff\x01\x00\x00\x00\x1b\x16\x01\x00\x00\xca\x0f\x00\x25\x78\x1a\x12\x04\x00\x00\x00\x1a\x00\x8e\x07\x00\xca\x0f\x00"
"\x11\x7a\x1c\x1a\x00\x62\x00\x00\xff\x10\x80\x07\x00\xc8\x0f\x00\x11\x7a\x1d\x1a\x00\x63\x00\x00\x1b\x14\x0f\x00\x00\xd0\x0f\x00"
"\x81\x73\x1b\x1c\x00\x00\x00\x00\x00\x69\x1e\x00\x00\x24\x01\x00\x41\x79\x02\x00\x00\x00\x00\x00\x00\x00\x80\x03\x00\xea\x0f\x00"
"\x0c\x78\x00\x1b\x00\x04\x00\x00\x70\x60\xf0\x03\x00\xe2\x0f\x01\x55\x73\xff\x02\x00\x00\x00\x00\x00\x00\x10\x00\x00\xe2\x0f\x00"
"\x45\x79\x02\x00\x40\x03\x00\x00\x00\x00\x80\x03\x00\xf4\x0f\x00\x05\x08\x1c\x00\x00\x00\x00\x00\x00\xff\x01\x00\x00\xe2\x3f\x00"
"\x47\x09\x00\x00\x10\x03\x00\x00\x00\x00\x80\x03\x00\xea\x0f\x00\x0c\x72\x00\x79\xff\x00\x00\x00\x70\x50\xf0\x03\x00\xd8\x0f\x00"
"\x47\x89\x00\x00\xf0\x00\x00\x00\x00\x00\x80\x03\x00\xea\x0f\x00\x24\x72\x65\xff\xff\x00\x00\x00\x78\x00\x8e\x07\x00\xe2\x0f\x00"
"\x02\x72\x66\x00\x79\x00\x00\x00\x00\x0f\x00\x00\x00\xe2\x0f\x00\x24\x72\x61\xff\xff\x00\x00\x00\x0b\x00\x8e\x07\x00\xe2\x0f\x00"
"\x02\x78\x5e\x00\xb0\x67\x00\x00\x00\x0f\x00\x00\x00\xe2\x0f\x00\x24\x72\x5f\xff\xff\x00\x00\x00\x0c\x00\x8e\x07\x00\xc8\x0f\x00"
"\x44\x79\x00\x00\xc0\xb1\x00\x00\x00\x00\xc0\x03\x00\xea\x0f\x00\x10\x72\x1f\xff\x22\x00\x00\x80\xff\xe0\xf1\x07\x00\xe2\x0f\x00"
"\x24\x72\x1c\xff\xff\x00\x00\x00\x78\x00\x8e\x07\x00\xe4\x0f\x00\x24\x72\x1d\xff\xff\x00\x00\x00\x79\x00\x8e\x07\x00\xe4\x0f\x00"
"\x24\x72\x1a\xff\xff\x00\x00\x00\x23\x0e\x0e\x00\x00\xe4\x0f\x00\x25\x72\x1c\x0b\x1f\x00\x00\x00\x1c\x00\x8e\x07\x00\xc8\x0f\x00"
"\x24\x72\x1a\x1a\x0b\x00\x00\x00\xff\x02\x8e\x07\x00\xc8\x0f\x00\x24\x72\x1f\x0c\x1f\x00\x00\x00\x1a\x02\x8e\x07\x00\xca\x0f\x00"
"\x10\x72\x1d\x1d\x1f\x00\x00\x00\xff\xe0\xff\x07\x00\xe2\x0f\x00\x47\x79\x00\x00\x40\x01\x00\x00\x00\x00\x80\x03\x00\xea\x0f\x00"
"\x06\x73\x1a\x00\x0b\x00\x00\x00\x00\x90\x20\x00\x00\x22\x0e\x00\x0c\x72\x00\x0b\xff\x00\x00\x00\x70\x50\xf4\x03\x00\xce\x0f\x00"
"\x08\x73\x1a\x00\x1a\x00\x00\x00\x00\x10\x00\x00\x00\x24\x1e\x00\x10\x78\x1e\x1a\xfe\xff\xff\x0f\xff\xe0\xff\x07\x00\xcc\x1f\x00"
"\x05\x73\x1d\x00\x1e\x00\x00\x00\x00\xf0\x21\x00\x00\x24\x0e\x00\x24\x72\x1c\xff\xff\x00\x00\x00\x1d\x0a\x8e\x07\x00\xc8\x1f\x00"
"\x24\x72\x1f\x1c\x0b\x00\x00\x00\xff\x02\x8e\x07\x00\xe4\x0f\x00\x24\x72\x1c\xff\xff\x00\x00\x00\xff\x00\x8e\x07\x00\xc8\x0f\x00"
"\x25\x72\x1c\x1d\x1f\x00\x00\x00\x1c\x00\x8e\x07\x00\xcc\x0f\x00\x25\x72\x1c\x1d\x78\x00\x00\x00\xff\x00\x8e\x07\x00\xc8\x0f\x00"
"\x24\x72\x22\xff\xff\x00\x00\x00\x1d\x00\x8e\x07\x00\xe2\x0f\x00\x02\x72\x1d\x00\xff\x00\x00\x00\x00\x0f\x00\x00\x00\xc6\x0f\x00"
"\x24\x72\x1a\xff\xff\x00\x00\x00\x22\x0a\x8e\x07\x00\xc8\x0f\x00\x24\x72\x1a\x0b\x1a\x00\x00\x00\x78\x02\x8e\x07\x00\xca\x0f\x00"
"\x0c\x72\x00\x1a\x0b\x00\x00\x00\x70\x60\xf0\x03\x00\xd8\x0f\x00\x24\x08\x1a\x1a\x01\x00\x00\x00\x0b\x0a\x8e\x07\x00\xe2\x0f\x00"
"\x10\x08\x22\x22\x01\x00\x00\x00\xff\xe0\xff\x07\x00\xc8\x0f\x00\x0c\x72\x00\x1a\x0b\x00\x00\x00\x70\x60\xf2\x03\x00\xd8\x0f\x00"
"\x10\x18\x22\x22\x01\x00\x00\x00\xff\xe0\xff\x07\x00\xc8\x0f\x00\x12\xa2\x22\xff\x0b\x00\x00\x00\xff\x33\x8e\x07\x00\xe4\x0f\x00"
"\x19\x78\x1d\xff\x1f\x00\x00\x00\x1d\x14\x01\x00\x00\xe4\x0f\x00\x19\x78\x1a\xff\x05\x00\x00\x00\x02\x16\x01\x00\x00\xe4\x0f\x00"
"\x10\x78\x1d\x22\x01\x00\x00\x00\x1d\xe0\xff\x07\x00\xca\x0f\x00\x24\x72\x1d\x00\x1d\x00\x00\x00\x1a\x02\x8e\x07\x00\xe4\x0f\x00"
"\x25\x78\x1a\x1b\x00\x10\x00\x00\x7a\x02\x8e\x07\x00\xc8\x0f\x00\x24\x78\x1d\x1d\x00\x01\x00\x00\xff\x00\x8e\x07\x00\xca\x0f\x00"
"\x12\x78\x1d\x1d\x00\x0f\x00\x00\xff\xc0\x8e\x07\x00\xc8\x0f\x00\x10\x72\x1c\x1a\x1d\x00\x00\x00\xff\xe0\xf1\x07\x00\xca\x0f\x00"
"\x24\x72\x1b\xff\xff\x00\x00\x00\x1b\x06\x0e\x00\x00\xe2\x0f\x00\x11\x7a\x1a\x1c\x00\x58\x00\x00\xff\x08\x80\x07\x00\xc8\x0f\x00"
"\x11\x7a\x1b\x1c\x00\x59\x00\x00\x1b\x0c\x0f\x00\x00\xd0\x0f\x00\x81\x73\x1c\x1a\x00\x00\x00\x00\x00\x6b\x1e\x00\x00\x24\x01\x00"
"\x41\x79\x02\x00\x00\x00\x00\x00\x00\x00\x80\x03\x00\xea\x0f\x00\x88\x73\x00\x68\x1c\x00\x41\x00\x00\x0a\x00\x00\x00\xe4\x03\x01"
"\x41\x79\x01\x00\x00\x00\x00\x00\x00\x00\x80\x03\x00\xea\x0f\x00\x10\x78\x1a\x18\x28\x00\x00\x00\xff\xe0\xff\x07\x00\xe2\x1f\x00"
"\x55\x73\xff\x01\x00\x00\x00\x00\x00\x00\x10\x00\x00\xe2\x0f\x00\x45\x79\x01\x00\x00\x08\x00\x00\x00\x00\x80\x03\x00\xe4\x0f\x00"
"\x0c\x72\x00\x1a\x70\x00\x00\x00\x70\x62\xf0\x03\x00\xc8\x0f\x00\x0c\x72\x00\x1a\x05\x00\x00\x00\x70\x66\x70\x00\x00\xd8\x0f\x00"
"\x47\x09\x00\x00\xc0\x07\x00\x00\x00\x00\x80\x03\x00\xea\x0f\x00\x11\x78\x1b\x19\x05\x00\x00\x00\xff\xea\x8f\x07\x00\xe2\x0f\x00"
"\x55\x73\xff\x02\x00\x00\x00\x00\x00\x00\x10\x00\x00\xe2\x0f\x00\x45\x79\x02\x00\xf0\x03\x00\x00\x00\x00\x80\x03\x00\xe4\x0f\x00"
"\x11\x72\x1b\x1b\x12\x00\x00\x00\xff\xea\x8f\x07\x00\xc8\x0f\x00\x0c\x78\x00\x1b\xff\x00\x00\x00\x70\x42\xf0\x03\x00\xe2\x0f\x00"
"\x24\x72\x1b\xff\xff\x00\x00\x00\xff\x00\x8e\x07\x00\xd6\x0f\x00\x47\x09\x00\x00\xa0\x03\x00\x00\x00\x00\x80\x03\x00\xea\x0f\x00"
"\x12\x72\x1a\x79\x0a\x00\x00\x00\xff\xfc\x8e\x07\x00\xc8\x0f\x00\x0c\x72\x00\x1a\xff\x00\x00\x00\x70\x50\xf0\x03\x00\xd8\x0f\x00"
"\x47\x89\x00\x00\xf0\x00\x00\x00\x00\x00\x80\x03\x00\xea\x0f\x00\x24\x72\x65\xff\xff\x00\x00\x00\x78\x00\x8e\x07\x00\xe2\x0f\x00"
"\x02\x72\x61\x00\x09\x00\x00\x00\x00\x0f\x00\x00\x00\xe2\x0f\x00\x24\x72\x66\xff\xff\x00\x00\x00\x79\x00\x8e\x07\x00\xe2\x0f\x00"
"\x02\x78\x5e\x00\xd0\x6b\x00\x00\x00\x0f\x00\x00\x00\xe2\x0f\x00\x24\x72\x5f\xff\xff\x00\x00\x00\x0a\x00\x8e\x07\x00\xc8\x0f\x00"
"\x44\x79\x00\x00\xa0\xad\x00\x00\x00\x00\xc0\x03\x00\xea\x2f\x00\x10\x72\x1d\xff\x22\x00\x00\x80\xff\xe0\xf1\x07\x00\xe2\x0f\x00"
"\x24\x72\x1b\xff\xff\x00\x00\x00\x79\x00\x8e\x07\x00\xc8\x0f\x00\x24\x72\x1a\xff\xff\x00\x00\x00\x23\x0e\x0e\x00\x00\xc8\x0f\x00"
"\x24\x72\x1c\x1a\x09\x00\x00\x00\xff\x02\x8e\x07\x00\xe4\x0f\x00\x24\x72\x1a\xff\xff\x00\x00\x00\x78\x00\x8e\x07\x00\xc8\x0f\x00"
"\x25\x72\x1a\x09\x1d\x00\x00\x00\x1a\x00\x8e\x07\x00\xc8\x0f\x00\x24\x72\x1d\x0a\x1d\x00\x00\x00\x1c\x02\x8e\x07\x00\xc8\x0f\x00"
"\x24\x78\x1b\x1b\x01\x00\x00\x00\x1d\x02\x8e\x07\x00\xe2\x0f\x00\x47\x79\x00\x00\x50\x01\x00\x00\x00\x00\x80\x03\x00\xea\x0f\x00"
"\x06\x73\x1c\x00\x09\x00\x00\x00\x00\x90\x20\x00\x00\x22\x2e\x00\x0c\x72\x00\x09\xff\x00\x00\x00\x70\x50\xf4\x03\x00\xe4\x0f\x00"
"\x02\x72\x23\x00\xff\x00\x00\x00\x00\x0f\x00\x00\x00\xca\x0f\x00\x08\x73\x1c\x00\x1c\x00\x00\x00\x00\x10\x00\x00\x00\x24\x1e\x00"
"\x10\x78\x1d\x1c\xfe\xff\xff\x0f\xff\xe0\xff\x07\x00\xcc\x1f\x00\x05\x73\x1b\x00\x1d\x00\x00\x00\x00\xf0\x21\x00\x00\x24\x0e\x00"
"\x10\x72\x1a\xff\x1b\x00\x00\x80\xff\xe0\xff\x07\x00\xca\x1f\x00\x24\x72\x1f\x1a\x09\x00\x00\x00\xff\x02\x8e\x07\x00\xe4\x0f\x00"
"\x24\x72\x1a\xff\xff\x00\x00\x00\xff\x00\x8e\x07\x00\xc8\x0f\x00\x25\x72\x1a\x1b\x1f\x00\x00\x00\x1a\x00\x8e\x07\x00\xcc\x0f\x00"
"\x25\x72\x1a\x1b\x78\x00\x00\x00\xff\x00\x8e\x07\x00\xc8\x0f\x00\x24\x72\x22\xff\xff\x00\x00\x00\x1b\x00\x8e\x07\x00\xe4\x0f\x00"
"\x24\x72\x1b\xff\xff\x00\x00\x00\xff\x00\x8e\x07\x00\xe4\x0f\x00\x24\x72\x1a\xff\xff\x00\x00\x00\x22\x0a\x8e\x07\x00\xc8\x0f\x00"
"\x24\x72\x1a\x09\x1a\x00\x00\x00\x78\x02\x8e\x07\x00\xca\x0f\x00\x0c\x72\x00\x1a\x09\x00\x00\x00\x70\x60\xf0\x03\x00\xd8\x0f\x00"
"\x24\x08\x1a\x1a\x01\x00\x00\x00\x09\x0a\x8e\x07\x00\xe2\x0f\x00\x10\x08\x22\x22\x01\x00\x00\x00\xff\xe0\xff\x07\x00\xc8\x0f\x00"
"\x0c\x72\x00\x1a\x09\x00\x00\x00\x70\x60\xf2\x03\x00\xd8\x0f\x00\x10\x18\x22\x22\x01\x00\x00\x00\xff\xe0\xff\x07\x00\xc8\x0f\x00"
"\x12\xa2\x22\xff\x09\x00\x00\x00\xff\x33\x8e\x07\x00\xe4\x0f\x00\x19\x78\x1d\xff\x1f\x00\x00\x00\x1b\x14\x01\x00\x00\xe2\x0f\x10"
"\x24\x72\x1a\xff\xff\x00\x00\x00\x16\x00\x8e\x07\x00\xe2\x0f\x00\x19\x78\x1b\xff\x1f\x00\x00\x00\x1b\x14\x01\x00\x00\xe4\x0f\x00"
"\x10\x78\x1d\x22\x01\x00\x00\x00\x1d\xe0\x91\x07\x00\xc8\x0f\x00\x10\x72\x23\x23\xff\x00\x00\x00\x1b\x24\x7e\x00\x00\xe4\x0f\x00"
"\x19\x78\x1b\xff\x1f\x00\x00\x00\x16\x14\x01\x00\x00\xc6\x0f\x00\x24\x72\x1c\x23\x00\x00\x00\x00\xff\x02\x8e\x07\x00\xe4\x0f\x00"
"\x25\x72\x1a\x00\x1d\x00\x00\x00\x1a\x00\x8e\x07\x00\xc8\x0f\x00\x24\x72\x1d\x11\x1d\x00\x00\x00\x1c\x02\x8e\x07\x00\xc8\x0f\x00"
"\x24\x78\x1b\x1b\x01\x00\x00\x00\x1d\x02\x8e\x07\x00\xca\x0f\x00\x19\x78\x1a\x1a\x03\x00\x00\x00\x1b\x10\x00\x00\x00\xc8\x0f\x00"
"\x10\x78\x1a\x1a\x05\x00\x00\x00\xff\xe0\xf1\x07\x00\xc8\x0f\x00\x11\x72\x1b\x1b\xff\x00\x00\x00\xff\xee\x0f\x00\x00\xc8\x0f\x00"
"\x19\x78\x1a\x1a\x01\x00\x00\x00\x1b\x12\x00\x00\x00\xe4\x0f\x10\x19\x78\x1b\xff\x01\x00\x00\x00\x1b\x16\x01\x00\x00\xca\x0f\x00"
"\x25\x78\x1a\x12\x04\x00\x00\x00\x1a\x00\x8e\x07\x00\xca\x0f\x00\x11\x7a\x1c\x1a\x00\x62\x00\x00\xff\x10\x80\x07\x00\xc8\x0f\x00"
"\x11\x7a\x1d\x1a\x00\x63\x00\x00\x1b\x14\x0f\x00\x00\xd0\x0f\x00\x81\x73\x1b\x1c\x00\x00\x00\x00\x00\x69\x1e\x00\x00\x24\x01\x00"
"\x41\x79\x02\x00\x00\x00\x00\x00\x00\x00\x80\x03\x00\xea\x0f\x00\x0c\x78\x00\x1b\x00\x04\x00\x00\x70\x60\xf0\x03\x00\xe2\x0f\x01"
"\x55\x73\xff\x02\x00\x00\x00\x00\x00\x00\x10\x00\x00\xe2\x0f\x00\x45\x79\x02\x00\x40\x03\x00\x00\x00\x00\x80\x03\x00\xf4\x0f\x00"
"\x05\x08\x1c\x00\x00\x00\x00\x00\x00\xff\x01\x00\x00\xe2\x3f\x00\x47\x09\x00\x00\x10\x03\x00\x00\x00\x00\x80\x03\x00\xea\x0f\x00"
"\x0c\x72\x00\x79\xff\x00\x00\x00\x70\x50\xf0\x03\x00\xd8\x0f\x00\x47\x89\x00\x00\xf0\x00\x00\x00\x00\x00\x80\x03\x00\xea\x0f\x00"
"\x24\x72\x65\xff\xff\x00\x00\x00\x78\x00\x8e\x07\x00\xe2\x0f\x00\x02\x72\x5f\x00\x0c\x00\x00\x00\x00\x0f\x00\x00\x00\xe2\x0f\x00"
"\x24\x72\x66\xff\xff\x00\x00\x00\x79\x00\x8e\x07\x00\xe2\x0f\x00\x02\x78\x5e\x00\xc0\x6f\x00\x00\x00\x0f\x00\x00\x00\xe2\x0f\x00"
"\x24\x72\x61\xff\xff\x00\x00\x00\x0b\x00\x8e\x07\x00\xc8\x0f\x00\x44\x79\x00\x00\xb0\xa9\x00\x00\x00\x00\xc0\x03\x00\xea\x0f\x00"
"\x10\x72\x1f\xff\x22\x00\x00\x80\xff\xe0\xf1\x07\x00\xe2\x0f\x00\x24\x72\x1c\xff\xff\x00\x00\x00\x78\x00\x8e\x07\x00\xe4\x0f\x00"
"\x24\x72\x1d\xff\xff\x00\x00\x00\x79\x00\x8e\x07\x00\xe4\x0f\x00\x24\x72\x1a\xff\xff\x00\x00\x00\x23\x0e\x0e\x00\x00\xe4\x0f\x00"
"\x25\x72\x1c\x0b\x1f\x00\x00\x00\x1c\x00\x8e\x07\x00\xc8\x0f\x00\x24\x72\x1a\x1a\x0b\x00\x00\x00\xff\x02\x8e\x07\x00\xc8\x0f\x00"
"\x24\x72\x1f\x0c\x1f\x00\x00\x00\x1a\x02\x8e\x07\x00\xc8\x0f\x00\x24\x78\x1d\x1d\x01\x00\x00\x00\x1f\x02\x8e\x07\x00\xe2\x0f\x00"
"\x47\x79\x00\x00\x40\x01\x00\x00\x00\x00\x80\x03\x00\xea\x0f\x00\x06\x73\x1a\x00\x0b\x00\x00\x00\x00\x90\x20\x00\x00\x22\x0e\x00"
"\x0c\x72\x00\x0b\xff\x00\x00\x00\x70\x50\xf4\x03\x00\xce\x0f\x00\x08\x73\x1a\x00\x1a\x00\x00\x00\x00\x10\x00\x00\x00\x24\x1e\x00"
"\x10\x78\x1e\x1a\xfe\xff\xff\x0f\xff\xe0\xff\x07\x00\xcc\x1f\x00\x05\x73\x1d\x00\x1e\x00\x00\x00\x00\xf0\x21\x00\x00\x24\x0e\x00"
"\x24\x72\x1c\xff\xff\x00\x00\x00\x1d\x0a\x8e\x07\x00\xc8\x1f\x00\x24\x72\x1f\x1c\x0b\x00\x00\x00\xff\x02\x8e\x07\x00\xe2\x0f\x00"
"\x02\x72\x1c\x00\xff\x00\x00\x00\x00\x0f\x00\x00\x00\xca\x0f\x00\x25\x72\x1c\x1d\x1f\x00\x00\x00\x1c\x00\x8e\x07\x00\xcc\x0f\x00"
"\x25\x72\x1c\x1d\x78\x00\x00\x00\xff\x00\x8e\x07\x00\xc8\x0f\x00\x24\x72\x22\xff\xff\x00\x00\x00\x1d\x00\x8e\x07\x00\xe4\x0f\x00"
"\x24\x72\x1d\xff\xff\x00\x00\x00\xff\x00\x8e\x07\x00\xe4\x0f\x00\x24\x72\x1a\xff\xff\x00\x00\x00\x22\x0a\x8e\x07\x00\xc8\x0f\x00"
"\x24\x72\x1a\x0b\x1a\x00\x00\x00\x78\x02\x8e\x07\x00\xca\x0f\x00\x0c\x72\x00\x1a\x0b\x00\x00\x00\x70\x60\xf0\x03\x00\xd8\x0f\x00"
"\x24\x08\x1a\x1a\x01\x00\x00\x00\x0b\x0a\x8e\x07\x00\xe2\x0f\x00\x10\x08\x22\x22\x01\x00\x00\x00\xff\xe0\xff\x07\x00\xc8\x0f\x00"
"\x0c\x72\x00\x1a\x0b\x00\x00\x00\x70\x60\xf2\x03\x00\xd8\x0f\x00\x10\x18\x22\x22\x01\x00\x00\x00\xff\xe0\xff\x07\x00\xc8\x0f\x00"
"\x12\xa2\x22\xff\x0b\x00\x00\x00\xff\x33\x8e\x07\x00\xe4\x0f\x00\x19\x78\x1d\xff\x1f\x00\x00\x00\x1d\x14\x01\x00\x00\xe4\x0f\x00"
"\x11\x78\x1a\x02\x08\x00\x00\x00\xff\xd8\x8f\x07\x00\xe4\x0f\x00\x10\x78\x1d\x22\x01\x00\x00\x00\x1d\xe0\xff\x07\x00\xca\x0f\x00"
"\x24\x72\x1d\x00\x1d\x00\x00\x00\x1a\x02\x8e\x07\x00\xe4\x0f\x00\x25\x78\x1a\x1b\x00\x10\x00\x00\x7a\x02\x8e\x07\x00\xc8\x0f\x00"
"\x24\x78\x1d\x1d\x00\x01\x00\x00\xff\x00\x8e\x07\x00\xca\x0f\x00\x12\x78\x1d\x1d\x00\x0f\x00\x00\xff\xc0\x8e\x07\x00\xc8\x0f\x00"
"\x10\x72\x1c\x1a\x1d\x00\x00\x00\xff\xe0\xf1\x07\x00\xc8\x0f\x00\x10\x72\x1b\xff\x1b\x00\x00\x00\xff\xe4\x7f\x00\x00\xe4\x0f\x00"
"\x11\x7a\x1a\x1c\x00\x58\x00\x00\xff\x08\x80\x07\x00\xc8\x0f\x00\x11\x7a\x1b\x1c\x00\x59\x00\x00\x1b\x0c\x0f\x00\x00\xd0\x0f\x00"
"\x81\x73\x1c\x1a\x00\x00\x00\x00\x00\x6b\x1e\x00\x00\x24\x01\x00\x41\x79\x02\x00\x00\x00\x00\x00\x00\x00\x80\x03\x00\xea\x0f\x00"
"\x12\x78\x1a\x6c\x08\x00\x00\x00\x69\xf4\x8e\x07\x00\xca\x1f\x00\x24\x78\x1a\x1a\x02\x00\x00\x00\xff\x00\x8e\x07\x00\xd0\x0f\x00"
"\x88\x73\x00\x1a\x1c\x00\x41\x00\x00\x0a\x00\x00\x00\xe4\x01\x01\x41\x79\x01\x00\x00\x00\x00\x00\x00\x00\x80\x03\x00\xea\x0f\x00"
"\x10\x78\x1a\x18\x30\x00\x00\x00\xff\xe0\xff\x07\x00\xe2\x1f\x00\x55\x73\xff\x01\x00\x00\x00\x00\x00\x00\x10\x00\x00\xe2\x0f\x00"
"\x45\x79\x01\x00\x00\x08\x00\x00\x00\x00\x80\x03\x00\xe4\x0f\x00\x0c\x72\x00\x1a\x70\x00\x00\x00\x70\x62\xf0\x03\x00\xc8\x0f\x00"
"\x0c\x72\x00\x1a\x05\x00\x00\x00\x70\x66\x70\x00\x00\xd8\x0f\x00\x47\x09\x00\x00\xc0\x07\x00\x00\x00\x00\x80\x03\x00\xea\x0f\x00"
"\x11\x78\x1b\x19\x06\x00\x00\x00\xff\xea\x8f\x07\x00\xe2\x0f\x00\x55\x73\xff\x02\x00\x00\x00\x00\x00\x00\x10\x00\x00\xe2\x0f\x00"
"\x45\x79\x02\x00\xf0\x03\x00\x00\x00\x00\x80\x03\x00\xe4\x0f\x00\x11\x72\x1b\x1b\x12\x00\x00\x00\xff\xea\x8f\x07\x00\xc8\x0f\x00"
"\x0c\x78\x00\x1b\xff\x00\x00\x00\x70\x42\xf0\x03\x00\xe2\x0f\x00\x24\x72\x1b\xff\xff\x00\x00\x00\xff\x00\x8e\x07\x00\xd6\x0f\x00"
"\x47\x09\x00\x00\xa0\x03\x00\x00\x00\x00\x80\x03\x00\xea\x0f\x00\x12\x72\x1a\x79\x0a\x00\x00\x00\xff\xfc\x8e\x07\x00\xc8\x0f\x00"
"\x0c\x72\x00\x1a\xff\x00\x00\x00\x70\x50\xf0\x03\x00\xd8\x0f\x00\x47\x89\x00\x00\xf0\x00\x00\x00\x00\x00\x80\x03\x00\xea\x0f\x00"
"\x24\x72\x65\xff\xff\x00\x00\x00\x78\x00\x8e\x07\x00\xe2\x0f\x00\x02\x72\x5f\x00\x0a\x00\x00\x00\x00\x0f\x00\x00\x00\xe2\x0f\x00"
"\x24\x72\x66\xff\xff\x00\x00\x00\x79\x00\x8e\x07\x00\xe2\x0f\x00\x02\x78\x5e\x00\x00\x74\x00\x00\x00\x0f\x00\x00\x00\xe2\x0f\x00"
"\x24\x72\x61\xff\xff\x00\x00\x00\x09\x00\x8e\x07\x00\xc8\x0f\x00\x44\x79\x00\x00\x70\xa5\x00\x00\x00\x00\xc0\x03\x00\xea\x2f\x00"
"\x10\x72\x1d\xff\x22\x00\x00\x80\xff\xe0\xf1\x07\x00\xe2\x0f\x00\x24\x72\x1b\xff\xff\x00\x00\x00\x79\x00\x8e\x07\x00\xc8\x0f\x00"
"\x24\x72\x1a\xff\xff\x00\x00\x00\x23\x0e\x0e\x00\x00\xc8\x0f\x00\x24\x72\x1c\x1a\x09\x00\x00\x00\xff\x02\x8e\x07\x00\xe4\x0f\x00"
"\x24\x72\x1a\xff\xff\x00\x00\x00\x78\x00\x8e\x07\x00\xc8\x0f\x00\x25\x72\x1a\x09\x1d\x00\x00\x00\x1a\x00\x8e\x07\x00\xc8\x0f\x00"
"\x24\x72\x1d\x0a\x1d\x00\x00\x00\x1c\x02\x8e\x07\x00\xc8\x0f\x00\x24\x78\x1b\x1b\x01\x00\x00\x00\x1d\x02\x8e\x07\x00\xe2\x0f\x00"
"\x47\x79\x00\x00\x50\x01\x00\x00\x00\x00\x80\x03\x00\xea\x0f\x00\x06\x73\x1c\x00\x09\x00\x00\x00\x00\x90\x20\x00\x00\x22\x2e\x00"
"\x0c\x72\x00\x09\xff\x00\x00\x00\x70\x50\xf4\x03\x00\xe2\x0f\x00\x24\x72\x23\xff\xff\x00\x00\x00\xff\x00\x8e\x07\x00\xcc\x0f\x00"
"\x08\x73\x1c\x00\x1c\x00\x00\x00\x00\x10\x00\x00\x00\x24\x1e\x00\x10\x78\x1d\x1c\xfe\xff\xff\x0f\xff\xe0\xff\x07\x00\xcc\x1f\x00"
"\x05\x73\x1b\x00\x1d\x00\x00\x00\x00\xf0\x21\x00\x00\x24\x0e\x00\x24\x72\x1a\xff\xff\x00\x00\x00\x1b\x0a\x8e\x07\x00\xc8\x1f\x00"
"\x24\x72\x1f\x1a\x09\x00\x00\x00\xff\x02\x8e\x07\x00\xe2\x0f\x00\x02\x72\x1a\x00\xff\x00\x00\x00\x00\x0f\x00\x00\x00\xca\x0f\x00"
"\x25\x72\x1a\x1b\x1f\x00\x00\x00\x1a\x00\x8e\x07\x00\xcc\x0f\x00\x25\x72\x1a\x1b\x78\x00\x00\x00\xff\x00\x8e\x07\x00\xc8\x0f\x00"
"\x24\x72\x22\xff\xff\x00\x00\x00\x1b\x00\x8e\x07\x00\xe4\x0f\x00\x24\x72\x1b\xff\xff\x00\x00\x00\xff\x00\x8e\x07\x00\xe4\x0f\x00"
"\x24\x72\x1a\xff\xff\x00\x00\x00\x22\x0a\x8e\x07\x00\xc8\x0f\x00\x24\x72\x1a\x09\x1a\x00\x00\x00\x78\x02\x8e\x07\x00\xca\x0f\x00"
"\x0c\x72\x00\x1a\x09\x00\x00\x00\x70\x60\xf0\x03\x00\xd8\x0f\x00\x24\x08\x1a\x1a\x01\x00\x00\x00\x09\x0a\x8e\x07\x00\xe2\x0f\x00"
"\x10\x08\x22\x22\x01\x00\x00\x00\xff\xe0\xff\x07\x00\xc8\x0f\x00\x0c\x72\x00\x1a\x09\x00\x00\x00\x70\x60\xf2\x03\x00\xd8\x0f\x00"
"\x10\x18\x22\x22\x01\x00\x00\x00\xff\xe0\xff\x07\x00\xc8\x0f\x00\x12\xa2\x22\xff\x09\x00\x00\x00\xff\x33\x8e\x07\x00\xe4\x0f\x00"
"\x19\x78\x1d\xff\x1f\x00\x00\x00\x1b\x14\x01\x00\x00\xe4\x0f\x10\x19\x78\x1b\xff\x1f\x00\x00\x00\x1b\x14\x01\x00\x00\xe4\x0f\x00"
"\x10\x78\x1d\x22\x01\x00\x00\x00\x1d\xe0\x91\x07\x00\xe4\x0f\x00\x02\x72\x1a\x00\x16\x00\x00\x00\x00\x0f\x00\x00\x00\xe4\x0f\x00"
"\x10\x72\x23\x23\xff\x00\x00\x00\x1b\x24\x7e\x00\x00\xe4\x0f\x00\x19\x78\x1b\xff\x1f\x00\x00\x00\x16\x14\x01\x00\x00\xc6\x0f\x00"
"\x24\x72\x1c\x23\x00\x00\x00\x00\xff\x02\x8e\x07\x00\xe4\x0f\x00\x25\x72\x1a\x00\x1d\x00\x00\x00\x1a\x00\x8e\x07\x00\xc8\x0f\x00"
"\x24\x72\x1d\x11\x1d\x00\x00\x00\x1c\x02\x8e\x07\x00\xc8\x0f\x00\x24\x78\x1b\x1b\x01\x00\x00\x00\x1d\x02\x8e\x07\x00\xca\x0f\x00"
"\x19\x78\x1a\x1a\x03\x00\x00\x00\x1b\x10\x00\x00\x00\xc8\x0f\x00\x10\x78\x1a\x1a\x06\x00\x00\x00\xff\xe0\xf1\x07\x00\xc8\x0f\x00"
"\x11\x72\x1b\x1b\xff\x00\x00\x00\xff\xee\x0f\x00\x00\xc8\x0f\x00\x19\x78\x1a\x1a\x01\x00\x00\x00\x1b\x12\x00\x00\x00\xe4\x0f\x10"
"\x19\x78\x1b\xff\x01\x00\x00\x00\x1b\x16\x01\x00\x00\xca\x0f\x00\x25\x78\x1a\x12\x04\x00\x00\x00\x1a\x00\x8e\x07\x00\xca\x0f\x00"
"\x11\x7a\x1c\x1a\x00\x62\x00\x00\xff\x10\x80\x07\x00\xc8\x0f\x00\x11\x7a\x1d\x1a\x00\x63\x00\x00\x1b\x14\x0f\x00\x00\xd0\x0f\x00"
"\x81\x73\x1b\x1c\x00\x00\x00\x00\x00\x69\x1e\x00\x00\x24\x01\x00\x41\x79\x02\x00\x00\x00\x00\x00\x00\x00\x80\x03\x00\xea\x0f\x00"
"\x0c\x78\x00\x1b\x00\x04\x00\x00\x70\x60\xf0\x03\x00\xe2\x0f\x01\x55\x73\xff\x02\x00\x00\x00\x00\x00\x00\x10\x00\x00\xe2\x0f\x00"
"\x45\x79\x02\x00\x40\x03\x00\x00\x00\x00\x80\x03\x00\xf4\x0f\x00\x05\x08\x1c\x00\x00\x00\x00\x00\x00\xff\x01\x00\x00\xe2\x3f\x00"
"\x47\x09\x00\x00\x10\x03\x00\x00\x00\x00\x80\x03\x00\xea\x0f\x00\x0c\x72\x00\x79\xff\x00\x00\x00\x70\x50\xf0\x03\x00\xd8\x0f\x00"
"\x47\x89\x00\x00\xf0\x00\x00\x00\x00\x00\x80\x03\x00\xea\x0f\x00\x24\x72\x65\xff\xff\x00\x00\x00\x78\x00\x8e\x07\x00\xe2\x0f\x00"
"\x02\x78\x5e\x00\xf0\x77\x00\x00\x00\x0f\x00\x00\x00\xe2\x0f\x00\x24\x72\x66\xff\xff\x00\x00\x00\x79\x00\x8e\x07\x00\xe4\x0f\x00"
"\x24\x72\x61\xff\xff\x00\x00\x00\x0b\x00\x8e\x07\x00\xe4\x0f\x00\x24\x72\x5f\xff\xff\x00\x00\x00\x0c\x00\x8e\x07\x00\xc8\x0f\x00"
"\x44\x79\x00\x00\x80\xa1\x00\x00\x00\x00\xc0\x03\x00\xea\x0f\x00\x10\x72\x1f\xff\x22\x00\x00\x80\xff\xe0\xf1\x07\x00\xe2\x0f\x00"
"\x24\x72\x1c\xff\xff\x00\x00\x00\x78\x00\x8e\x07\x00\xe4\x0f\x00\x24\x72\x1d\xff\xff\x00\x00\x00\x79\x00\x8e\x07\x00\xe2\x0f\x00"
"\x10\x72\x1a\xff\x23\x00\x00\x80\xff\xe4\x7f\x00\x00\xc6\x0f\x00\x25\x72\x1c\x0b\x1f\x00\x00\x00\x1c\x00\x8e\x07\x00\xc8\x0f\x00"
"\x24\x72\x1a\x1a\x0b\x00\x00\x00\xff\x02\x8e\x07\x00\xc8\x0f\x00\x24\x72\x1f\x0c\x1f\x00\x00\x00\x1a\x02\x8e\x07\x00\xc8\x0f\x00"
"\x24\x78\x1d\x1d\x01\x00\x00\x00\x1f\x02\x8e\x07\x00\xe2\x0f\x00\x47\x79\x00\x00\x40\x01\x00\x00\x00\x00\x80\x03\x00\xea\x0f\x00"
"\x06\x73\x1a\x00\x0b\x00\x00\x00\x00\x90\x20\x00\x00\x22\x0e\x00\x0c\x72\x00\x0b\xff\x00\x00\x00\x70\x50\xf4\x03\x00\xce\x0f\x00"
"\x08\x73\x1a\x00\x1a\x00\x00\x00\x00\x10\x00\x00\x00\x24\x1e\x00\x10\x78\x1e\x1a\xfe\xff\xff\x0f\xff\xe0\xff\x07\x00\xcc\x1f\x00"
"\x05\x73\x1d\x00\x1e\x00\x00\x00\x00\xf0\x21\x00\x00\x24\x0e\x00\x24\x72\x1c\xff\xff\x00\x00\x00\x1d\x0a\x8e\x07\x00\xc8\x1f\x00"
"\x24\x72\x1f\x1c\x0b\x00\x00\x00\xff\x02\x8e\x07\x00\xe4\x0f\x00\x24\x72\x1c\xff\xff\x00\x00\x00\xff\x00\x8e\x07\x00\xc8\x0f\x00"
"\x25\x72\x1c\x1d\x1f\x00\x00\x00\x1c\x00\x8e\x07\x00\xcc\x0f\x00\x25\x72\x1c\x1d\x78\x00\x00\x00\xff\x00\x8e\x07\x00\xca\x0f\x00"
"\x02\x72\x22\x00\x1d\x00\x00\x00\x00\x0f\x00\x00\x00\xe2\x0f\x00\x24\x72\x1d\xff\xff\x00\x00\x00\xff\x00\x8e\x07\x00\xc8\x0f\x00"
"\x24\x72\x1a\xff\xff\x00\x00\x00\x22\x0a\x8e\x07\x00\xc8\x0f\x00\x24\x72\x1a\x0b\x1a\x00\x00\x00\x78\x02\x8e\x07\x00\xca\x0f\x00"
"\x0c\x72\x00\x1a\x0b\x00\x00\x00\x70\x60\xf0\x03\x00\xd8\x0f\x00\x24\x08\x1a\x1a\x01\x00\x00\x00\x0b\x0a\x8e\x07\x00\xe2\x0f\x00"
"\x10\x08\x22\x22\x01\x00\x00\x00\xff\xe0\xff\x07\x00\xc8\x0f\x00\x0c\x72\x00\x1a\x0b\x00\x00\x00\x70\x60\xf2\x03\x00\xd8\x0f\x00"
"\x10\x18\x22\x22\x01\x00\x00\x00\xff\xe0\xff\x07\x00\xc8\x0f\x00\x12\xa2\x22\xff\x0b\x00\x00\x00\xff\x33\x8e\x07\x00\xe4\x0f\x00"
"\x19\x78\x1d\xff\x1f\x00\x00\x00\x1d\x14\x01\x00\x00\xe4\x0f\x00\x19\x78\x1a\xff\x05\x00\x00\x00\x02\x16\x01\x00\x00\xe4\x0f\x00"
"\x10\x78\x1d\x22\x01\x00\x00\x00\x1d\xe0\xff\x07\x00\xca\x0f\x00\x24\x72\x1d\x00\x1d\x00\x00\x00\x1a\x02\x8e\x07\x00\xe4\x0f\x00"
"\x25\x78\x1a\x1b\x00\x10\x00\x00\x7a\x02\x8e\x07\x00\xc8\x0f\x00\x24\x78\x1d\x1d\x00\x01\x00\x00\xff\x00\x8e\x07\x00\xca\x0f\x00"
"\x12\x78\x1d\x1d\x00\x0f\x00\x00\xff\xc0\x8e\x07\x00\xc8\x0f\x00\x10\x72\x1c\x1a\x1d\x00\x00\x00\xff\xe0\xf1\x07\x00\xca\x0f\x00"
"\x24\x72\x1b\xff\xff\x00\x00\x00\x1b\x06\x0e\x00\x00\xe2\x0f\x00\x11\x7a\x1a\x1c\x00\x58\x00\x00\xff\x08\x80\x07\x00\xc8\x0f\x00"
"\x11\x7a\x1b\x1c\x00\x59\x00\x00\x1b\x0c\x0f\x00\x00\xd0\x0f\x00\x81\x73\x1c\x1a\x00\x00\x00\x00\x00\x6b\x1e\x00\x00\x24\x01\x00"
"\x41\x79\x02\x00\x00\x00\x00\x00\x00\x00\x80\x03\x00\xea\x0f\x00\x12\x78\x1a\x6c\x08\x00\x00\x00\x69\xf4\x8e\x07\x00\xc8\x1f\x00"
"\x19\x78\x1a\x1a\x01\x00\x00\x00\xff\x06\x00\x00\x00\xd0\x0f\x00\x88\x73\x00\x1a\x1c\x80\x41\x00\x00\x0a\x00\x00\x00\xe4\x01\x01"
"\x41\x79\x01\x00\x00\x00\x00\x00\x00\x00\x80\x03\x00\xea\x0f\x00\x10\x78\x18\x18\x38\x00\x00\x00\xff\xe0\xff\x07\x00\xc8\x0f\x00"
"\x0c\x72\x00\x18\x70\x00\x00\x00\x70\x62\xf0\x03\x00\xc8\x0f\x00\x0c\x72\x00\x18\x05\x00\x00\x00\x70\x66\x70\x00\x00\xd8\x0f\x00"
"\x47\x09\x00\x00\x90\x07\x00\x00\x00\x00\x80\x03\x00\xea\x0f\x00\x11\x78\x19\x19\x07\x00\x00\x00\xff\xea\x8f\x07\x00\xe2\x0f\x00"
"\x55\x73\xff\x01\x00\x00\x00\x00\x00\x00\x10\x00\x00\xe2\x0f\x00\x45\x79\x01\x00\xe0\x03\x00\x00\x00\x00\x80\x03\x00\xe4\x0f\x00"
"\x11\x72\x19\x19\x12\x00\x00\x00\xff\xea\x8f\x07\x00\xc8\x0f\x00\x0c\x78\x00\x19\xff\x00\x00\x00\x70\x42\xf0\x03\x00\xe2\x0f\x00"
"\x24\x72\x19\xff\xff\x00\x00\x00\xff\x00\x8e\x07\x00\xd6\x0f\x00\x47\x09\x00\x00\x90\x03\x00\x00\x00\x00\x80\x03\x00\xea\x0f\x00"
"\x12\x72\x18\x79\x0a\x00\x00\x00\xff\xfc\x8e\x07\x00\xc8\x0f\x00\x0c\x72\x00\x18\xff\x00\x00\x00\x70\x50\xf0\x03\x00\xd8\x0f\x00"
"\x47\x89\x00\x00\xf0\x00\x00\x00\x00\x00\x80\x03\x00\xea\x0f\x00\x24\x72\x65\xff\xff\x00\x00\x00\x78\x00\x8e\x07\x00\xe2\x0f\x00"
"\x02\x78\x5e\x00\x10\x7c\x00\x00\x00\x0f\x00\x00\x00\xe2\x0f\x00\x24\x72\x66\xff\xff\x00\x00\x00\x79\x00\x8e\x07\x00\xe4\x0f\x00"
"\x24\x72\x61\xff\xff\x00\x00\x00\x09\x00\x8e\x07\x00\xe4\x0f\x00\x24\x72\x5f\xff\xff\x00\x00\x00\x0a\x00\x8e\x07\x00\xc8\x0f\x00"
"\x44\x79\x00\x00\x60\x9d\x00\x00\x00\x00\xc0\x03\x00\xea\x3f\x00\x10\x72\x1b\xff\x22\x00\x00\x80\xff\xe0\xf1\x07\x00\xe2\x0f\x00"
"\x24\x72\x19\xff\xff\x00\x00\x00\x79\x00\x8e\x07\x00\xc6\x0f\x00\x10\x72\x18\xff\x23\x00\x00\x80\xff\xe4\x7f\x00\x00\xca\x0f\x00"
"\x24\x72\x1a\x18\x09\x00\x00\x00\xff\x02\x8e\x07\x00\xe4\x0f\x00\x24\x72\x18\xff\xff\x00\x00\x00\x78\x00\x8e\x07\x00\xc8\x0f\x00"
"\x25\x72\x18\x09\x1b\x00\x00\x00\x18\x00\x8e\x07\x00\xc8\x0f\x00\x24\x72\x18\x0a\x1b\x00\x00\x00\x1a\x02\x8e\x07\x00\xc8\x0f\x00"
"\x24\x78\x18\x19\x01\x00\x00\x00\x18\x02\x8e\x07\x00\xe2\x0f\x00\x47\x79\x00\x00\x50\x01\x00\x00\x00\x00\x80\x03\x00\xea\x0f\x00"
"\x06\x73\x1a\x00\x09\x00\x00\x00\x00\x90\x20\x00\x00\x22\x1e\x00\x0c\x72\x00\x09\xff\x00\x00\x00\x70\x50\xf4\x03\x00\xe2\x0f\x00"
"\x24\x72\x23\xff\xff\x00\x00\x00\xff\x00\x8e\x07\x00\xcc\x0f\x00\x08\x73\x1a\x00\x1a\x00\x00\x00\x00\x10\x00\x00\x00\x24\x1e\x00"
"\x10\x78\x1b\x1a\xfe\xff\xff\x0f\xff\xe0\xff\x07\x00\xcc\x1f\x00\x05\x73\x19\x00\x1b\x00\x00\x00\x00\xf0\x21\x00\x00\x24\x0e\x00"
"\x24\x72\x18\xff\xff\x00\x00\x00\x19\x0a\x8e\x07\x00\xc8\x1f\x00\x24\x72\x1d\x18\x09\x00\x00\x00\xff\x02\x8e\x07\x00\xe4\x2f\x00"
"\x24\x72\x18\xff\xff\x00\x00\x00\xff\x00\x8e\x07\x00\xc8\x0f\x00\x25\x72\x18\x19\x1d\x00\x00\x00\x18\x00\x8e\x07\x00\xcc\x0f\x00"
"\x25\x72\x18\x19\x78\x00\x00\x00\xff\x00\x8e\x07\x00\xca\x0f\x00\x10\x72\x18\x19\xff\x00\x00\x00\xff\xe1\xff\x07\x00\xca\x0f\x00"
"\x24\x72\x18\x09\x18\x00\x00\x00\x78\x02\x8e\x07\x00\xca\x0f\x00\x0c\x72\x00\x18\x09\x00\x00\x00\x70\x60\xf0\x03\x00\xd8\x0f\x00"
"\x24\x08\x18\x18\x01\x00\x00\x00\x09\x0a\x8e\x07\x00\xe2\x0f\x00\x10\x08\x19\x19\x01\x00\x00\x00\xff\xe0\xff\x07\x00\xc8\x0f\x00"
"\x0c\x72\x00\x18\x09\x00\x00\x00\x70\x60\xf2\x03\x00\xe2\x0f\x00\x24\x72\x18\xff\xff\x00\x00\x00\xff\x00\x8e\x07\x00\xd6\x0f\x00"
"\x10\x18\x19\x19\x01\x00\x00\x00\xff\xe0\xff\x07\x00\xc8\x0f\x00\x12\xa2\x19\xff\x09\x00\x00\x00\xff\x33\x8e\x07\x00\xca\x0f\x00"
"\x24\x72\x22\xff\xff\x00\x00\x00\x19\x00\x8e\x07\x00\xe4\x0f\x00\x19\x78\x19\xff\x1f\x00\x00\x00\x18\x14\x01\x00\x00\xe4\x0f\x10"
"\x19\x78\x17\xff\x1f\x00\x00\x00\x18\x14\x01\x00\x00\xe4\x0f\x00\x10\x78\x19\x22\x01\x00\x00\x00\x19\xe0\x91\x07\x00\xc8\x0f\x00"
"\x10\x72\x23\x23\xff\x00\x00\x00\x17\x24\x7e\x00\x00\xe4\x0f\x00\x19\x78\x17\xff\x1f\x00\x00\x00\x16\x14\x01\x00\x00\xc6\x0f\x00"
"\x24\x72\x18\x23\x00\x00\x00\x00\xff\x02\x8e\x07\x00\xe4\x0f\x00\x25\x72\x16\x00\x19\x00\x00\x00\x16\x00\x8e\x07\x00\xc8\x0f\x00"
"\x24\x72\x19\x11\x19\x00\x00\x00\x18\x02\x8e\x07\x00\xc8\x0f\x00\x24\x78\x17\x17\x01\x00\x00\x00\x19\x02\x8e\x07\x00\xca\x0f\x00"
"\x19\x78\x16\x16\x03\x00\x00\x00\x17\x10\x00\x00\x00\xc8\x0f\x00\x10\x78\x16\x16\x07\x00\x00\x00\xff\xe0\xf1\x07\x00\xc8\x0f\x00"
"\x11\x72\x17\x17\xff\x00\x00\x00\xff\xee\x0f\x00\x00\xc8\x0f\x00\x19\x78\x16\x16\x01\x00\x00\x00\x17\x12\x00\x00\x00\xe4\x0f\x10"
"\x19\x78\x17\xff\x01\x00\x00\x00\x17\x16\x01\x00\x00\xca\x0f\x00\x25\x78\x16\x12\x04\x00\x00\x00\x16\x00\x8e\x07\x00\xca\x0f\x00"
"\x11\x7a\x18\x16\x00\x62\x00\x00\xff\x10\x80\x07\x00\xc8\x0f\x00\x11\x7a\x19\x16\x00\x63\x00\x00\x17\x14\x0f\x00\x00\xd0\x0f\x00"
"\x81\x73\x19\x18\x00\x00\x00\x00\x00\x69\x1e\x00\x00\x24\x01\x00\x41\x79\x01\x00\x00\x00\x00\x00\x00\x00\x80\x03\x00\xea\x0f\x00"
"\x0c\x78\x00\x19\x00\x04\x00\x00\x70\x60\xf0\x03\x00\xe2\x0f\x01\x55\x73\xff\x01\x00\x00\x00\x00\x00\x00\x10\x00\x00\xe2\x0f\x00"
"\x45\x79\x01\x00\x40\x03\x00\x00\x00\x00\x80\x03\x00\xf4\x0f\x00\x05\x08\x16\x00\x00\x00\x00\x00\x00\xff\x01\x00\x00\xe2\x0f\x00"
"\x47\x09\x00\x00\x10\x03\x00\x00\x00\x00\x80\x03\x00\xea\x0f\x00\x0c\x72\x00\x79\xff\x00\x00\x00\x70\x50\xf0\x03\x00\xd8\x0f\x00"
"\x47\x89\x00\x00\xf0\x00\x00\x00\x00\x00\x80\x03\x00\xea\x0f\x00\x02\x72\x65\x00\x78\x00\x00\x00\x00\x0f\x00\x00\x00\xe2\x0f\x00"
"\x24\x72\x66\xff\xff\x00\x00\x00\x79\x00\x8e\x07\x00\xe2\x0f\x00\x02\x78\x5e\x00\xf0\x7f\x00\x00\x00\x0f\x00\x00\x00\xe2\x0f\x00"
"\x24\x72\x61\xff\xff\x00\x00\x00\x0b\x00\x8e\x07\x00\xe4\x0f\x00\x24\x72\x5f\xff\xff\x00\x00\x00\x0c\x00\x8e\x07\x00\xc8\x0f\x00"
"\x44\x79\x00\x00\x80\x99\x00\x00\x00\x00\xc0\x03\x00\xea\x3f\x00\x10\x72\x1b\xff\x22\x00\x00\x80\xff\xe0\xf1\x07\x00\xe4\x0f\x00"
"\x02\x72\x17\x00\x79\x00\x00\x00\x00\x0f\x00\x00\x00\xc6\x0f\x00\x24\x72\x16\xff\xff\x00\x00\x00\x23\x0e\x0e\x00\x00\xc8\x0f\x00"
"\x24\x72\x18\x16\x0b\x00\x00\x00\xff\x02\x8e\x07\x00\xe4\x0f\x00\x24\x72\x16\xff\xff\x00\x00\x00\x78\x00\x8e\x07\x00\xc8\x0f\x00"
"\x25\x72\x16\x0b\x1b\x00\x00\x00\x16\x00\x8e\x07\x00\xc8\x0f\x00\x24\x72\x1b\x0c\x1b\x00\x00\x00\x18\x02\x8e\x07\x00\xc8\x0f\x00"
"\x24\x78\x17\x17\x01\x00\x00\x00\x1b\x02\x8e\x07\x00\xe2\x0f\x00\x47\x79\x00\x00\x40\x01\x00\x00\x00\x00\x80\x03\x00\xea\x0f\x00"
"\x06\x73\x18\x00\x0b\x00\x00\x00\x00\x90\x20\x00\x00\x22\x1e\x00\x0c\x72\x00\x0b\xff\x00\x00\x00\x70\x50\xf4\x03\x00\xce\x0f\x00"
"\x08\x73\x18\x00\x18\x00\x00\x00\x00\x10\x00\x00\x00\x24\x1e\x00\x10\x78\x1a\x18\xfe\xff\xff\x0f\xff\xe0\xff\x07\x00\xcc\x1f\x00"
"\x05\x73\x17\x00\x1a\x00\x00\x00\x00\xf0\x21\x00\x00\x24\x0e\x00\x24\x72\x16\xff\xff\x00\x00\x00\x17\x0a\x8e\x07\x00\xc8\x1f\x00"
"\x24\x72\x1b\x16\x0b\x00\x00\x00\xff\x02\x8e\x07\x00\xe4\x0f\x00\x24\x72\x16\xff\xff\x00\x00\x00\xff\x00\x8e\x07\x00\xc8\x0f\x00"
"\x25\x72\x16\x17\x1b\x00\x00\x00\x16\x00\x8e\x07\x00\xcc\x0f\x00\x25\x72\x16\x17\x78\x00\x00\x00\xff\x00\x8e\x07\x00\xc8\x0f\x00"
"\x24\x72\x22\xff\xff\x00\x00\x00\x17\x00\x8e\x07\x00\xe4\x0f\x00\x24\x72\x17\xff\xff\x00\x00\x00\xff\x00\x8e\x07\x00\xe4\x0f\x00"
"\x24\x72\x16\xff\xff\x00\x00\x00\x22\x0a\x8e\x07\x00\xc8\x0f\x00\x24\x72\x16\x0b\x16\x00\x00\x00\x78\x02\x8e\x07\x00\xca\x0f\x00"
"\x0c\x72\x00\x16\x0b\x00\x00\x00\x70\x60\xf0\x03\x00\xd8\x0f\x00\x10\x02\x16\x16\x0b\x00\x00\x80\xff\xe0\xff\x07\x00\xe4\x0f\x08"
"\x10\x08\x22\x22\x01\x00\x00\x00\xff\xe0\xff\x07\x00\xe4\x0f\x00\x0c\x72\x00\x16\x0b\x00\x00\x00\x70\x60\xf2\x03\x00\xd8\x0f\x00"
"\x10\x18\x22\x22\x01\x00\x00\x00\xff\xe0\xff\x07\x00\xc8\x0f\x00\x12\xa2\x22\xff\x0b\x00\x00\x00\xff\x33\x8e\x07\x00\xe4\x0f\x00"
"\x19\x78\x17\xff\x1f\x00\x00\x00\x17\x14\x01\x00\x00\xe4\x0f\x00\x11\x78\x16\x02\x08\x00\x00\x00\xff\xd8\x8f\x07\x00\xe4\x0f\x00"
"\x10\x78\x17\x22\x01\x00\x00\x00\x17\xe0\xff\x07\x00\xca\x0f\x00\x24\x72\x17\x00\x17\x00\x00\x00\x16\x02\x8e\x07\x00\xc8\x0f\x00"
"\x24\x78\x18\x17\x00\x01\x00\x00\xff\x00\x8e\x07\x00\xe4\x0f\x00\x25\x78\x16\x19\x00\x10\x00\x00\x7a\x02\x8e\x07\x00\xc6\x0f\x00"
"\x12\x78\x19\x18\x00\x0f\x00\x00\xff\xc0\x8e\x07\x00\xc8\x0f\x00\x10\x72\x18\x16\x19\x00\x00\x00\xff\xe0\xf1\x07\x00\xca\x0f\x00"
"\x24\x72\x17\xff\xff\x00\x00\x00\x17\x06\x0e\x00\x00\xe2\x0f\x00\x11\x7a\x16\x18\x00\x58\x00\x00\xff\x08\x80\x07\x00\xc8\x0f\x00"
"\x11\x7a\x17\x18\x00\x59\x00\x00\x17\x0c\x0f\x00\x00\xd0\x0f\x00\x81\x73\x16\x16\x00\x00\x00\x00\x00\x6b\x1e\x00\x00\x24\x0f\x00"
"\x41\x79\x01\x00\x00\x00\x00\x00\x00\x00\x80\x03\x00\xea\x0f\x00\x88\x73\x00\x68\x16\x80\x41\x00\x00\x0a\x00\x00\x00\xe4\x05\x01"
"\x41\x79\x00\x00\x00\x00\x00\x00\x00\x00\x80\x03\x00\xea\x0f\x00\x12\x78\x72\x02\x08\x00\x00\x00\xff\xc0\x8e\x07\x00\xe2\x0f\x00"
"\x24\x78\x17\x62\x20\x00\x00\x00\x6d\x02\x8e\x07\x00\xe2\xcf\x00\x10\x78\x7f\x02\x00\x20\x00\x00\xff\xe0\xff\x07\x00\xe2\x0f\x04"
"\x24\x78\x64\x02\x10\x00\x00\x00\xff\x00\x8e\x07\x00\xe2\x0f\x00\x19\x78\x72\xff\x01\x00\x00\x00\x72\x16\x01\x00\x00\xe2\x0f\x00"
"\x24\x78\x1d\x0d\x08\x00\x00\x00\xff\x00\x8e\x07\x00\xe2\x3f\x00\x12\x78\x7f\x7f\x80\xff\xff\xff\xff\xc0\x8e\x07\x00\xe2\x0f\x00"
"\x18\x79\x00\x00\x00\x00\x00\x00\x00\x00\x00\x00\x00\xe2\x0f\x00\x1d\x7b\x00\x00\x00\x00\x00\x00\x00\x00\x00\x00\x00\xea\x0f\x00"
"\x24\x78\x17\x17\x01\x00\x00\x00\x72\x02\x8e\x07\x00\xe2\x0f\x00\x12\x78\x64\x64\x30\x00\x00\x00\xff\xc0\x8e\x07\x00\xe2\x0f\x00"
"\x55\x73\xff\x00\x00\x00\x00\x00\x00\x00\x10\x00\x00\xe2\x0f\x00\x19\x78\x60\xff\x02\x00\x00\x00\x02\x16\x01\x00\x00\xe2\x0f\x00"
"\x45\x79\x00\x00\x50\x3a\x00\x00\x00\x00\x80\x03\x00\xe2\x0f\x00\x11\x72\x17\x12\x17\x00\x00\x00\xff\x30\x8e\x07\x00\xc4\x0f\x00"
"\x12\x78\x60\x60\x04\x00\x00\x00\xff\xc0\x8e\x07\x00\xe4\x0f\x00\x12\x78\x65\x64\xc0\x00\x00\x00\x69\xf8\x8e\x07\x00\xe2\x0f\x00"
"\x24\x78\x1a\x06\x01\x00\x00\x00\x17\x02\x8e\x07\x00\xe2\x0f\x00\x12\x78\x85\x72\x08\x00\x00\x00\x1d\xf4\x8e\x07\x00\xe4\x0f\x00"
"\x19\x78\x73\xff\x04\x00\x00\x00\x6e\x16\x01\x00\x00\xe4\x0f\x00\x10\x78\x17\x1a\x08\x00\x00\x00\xff\xe0\xff\x07\x00\xe4\x0f\x04"
"\x10\x78\x18\x1a\x09\x00\x00\x00\xff\xe0\xff\x07\x00\xc4\x0f\x00\x0c\x72\x00\x17\x70\x00\x00\x00\x70\x62\xfc\x03\x00\xe4\x0f\x0c"
"\x10\x78\x16\x1a\x01\x00\x00\x00\xff\xe0\xff\x07\x00\xe4\x0f\x00\x0c\x72\x00\x17\x05\x00\x00\x00\x70\x12\x7c\x07\x00\xe4\x0f\x00"
"\x12\x78\x17\x02\x04\x00\x00\x00\xff\xc0\x8e\x07\x00\xe4\x0f\x00\x0c\x72\x00\x18\x70\x00\x00\x00\x70\x62\xfa\x03\x00\xe4\x0f\x00"
"\x11\x72\x1c\x17\x0e\x00\x00\x00\xff\xf0\x8f\x07\x00\xc4\x0f\x00\x0c\x72\x00\x16\x70\x00\x00\x00\x70\x62\xf0\x03\x00\xe4\x0f\x00"
"\x0c\x72\x00\x18\x05\x00\x00\x00\x70\x12\xfa\x06\x00\xe2\x0f\x00\x24\x78\x66\x1c\x08\x00\x00\x00\xff\x00\x8e\x07\x00\xe2\x0f\x00"
"\x12\x72\x18\x72\x7f\x00\x00\x00\x64\xfe\x8e\x07\x00\xe4\x0f\x00\x0c\x72\x00\x16\x05\x00\x00\x00\x70\x12\x70\x04\x00\xe4\x0f\x00"
"\x12\x78\x66\x66\x08\x00\x00\x00\xff\xc0\x8e\x07\x00\xe4\x0f\x00\x19\x78\x16\xff\x01\x00\x00\x00\x17\x16\x01\x00\x00\xc4\x0f\x00"
"\x12\x78\x18\x18\x08\x00\x00\x00\x1d\xf8\x8e\x07\x00\xe4\x0f\x00\x12\x72\x17\x60\x65\x00\x00\x00\x66\xfe\x8e\x07\x00\xe4\x0f\x00"
"\x10\x78\x19\x1a\x10\x00\x00\x00\xff\xe0\xff\x07\x00\xe2\x0f\x00\x24\x78\x20\x18\x02\x00\x00\x00\xff\x00\x8e\x07\x00\xe2\x0f\x00"
"\x19\x78\x32\x17\x01\x00\x00\x00\xff\x06\x00\x00\x00\xe4\x0f\x00\x0c\x72\x00\x19\x70\x00\x00\x00\x70\x62\xf8\x03\x00\xe4\x0f\x00"
"\x11\x72\x16\x6f\x16\x00\x00\x00\xff\xe8\x8f\x07\x00\xc4\x0f\x00\x0c\x72\x00\x19\x05\x00\x00\x00\x70\x12\x78\x06\x00\xe4\x0f\x08"
"\x12\x72\x1e\x85\x64\x00\x00\x00\xff\xfc\x8e\x07\x00\xe2\x0f\x00\x84\x79\x18\x20\x00\x00\x00\x00\x00\x1a\x00\x00\x00\xe2\x0f\x00"
"\x0c\x72\x00\x1a\x70\x00\x00\x00\x70\x62\xf2\x03\x00\xe2\x0f\x00\x24\x78\x16\x16\x01\x00\x00\x00\x73\x02\x8e\x07\x00\xe2\x0f\x00"
"\x10\x78\x17\x1a\x11\x00\x00\x00\xff\xe0\xff\x07\x00\xe2\x0f\x04\x84\x79\x52\x32\x00\x00\x00\x00\x00\x1a\x00\x00\x00\x22\x0e\x00"
"\x24\x78\x1e\x7f\x01\x00\x00\x00\x1e\x02\x8e\x07\x00\xe2\x0f\x00\x0c\x72\x00\x1a\x05\x00\x00\x00\x70\x12\xf2\x04\x00\xe4\x0f\x04"
"\x10\x78\x1b\x1a\x18\x00\x00\x00\xff\xe0\xff\x07\x00\xe2\x0f\x00\x24\x78\x50\x1e\x02\x00\x00\x00\xff\x00\x8e\x07\x00\xe2\x0f\x00"
"\x0c\x72\x00\x16\x71\x00\x00\x00\x70\x12\xf2\x00\x00\xe2\x0f\x00\x84\x79\x32\x32\x00\x00\x02\x00\x00\x1a\x00\x00\x00\xe2\x0f\x00"
"\x10\x78\x1a\x1a\x19\x00\x00\x00\xff\xe0\xff\x07\x00\xc4\x0f\x00\x08\x78\x2c\xff\x00\x00\x80\xff\x00\x00\x80\x00\x00\xe4\x0f\x00"
"\x0c\x72\x00\x17\x70\x00\x00\x00\x70\x62\xf6\x03\x00\xe2\x0f\x08\x84\x79\x54\x50\x00\x80\x00\x00\x00\x1a\x00\x00\x00\x62\x0e\x00"
"\x0c\x72\x00\x1b\x70\x00\x00\x00\x70\x62\xf4\x03\x00\xe2\x0f\x08\x24\x72\x2e\xff\xff\x00\x00\x00\x2c\x00\x8e\x07\x00\xe2\x0f\x00"
"\x0c\x72\x00\x1a\x70\x00\x00\x00\x70\x62\xf2\x03\x00\xe2\x0f\x00\x84\x79\x50\x50\x00\x80\x02\x00\x00\x1a\x00\x00\x00\xe2\x0f\x00"
"\x0c\x72\x00\x17\x05\x00\x00\x00\x70\x12\xf6\x05\x00\xe4\x0f\x08\x0c\x72\x00\x1b\x05\x00\x00\x00\x70\x12\x74\x05\x00\xc4\x0f\x00"
"\x0c\x72\x00\x1a\x05\x00\x00\x00\x70\x12\xf2\x04\x00\xe4\x0f\x00\x12\x72\x6b\x7f\x64\x00\x00\x00\xff\xfc\x8e\x07\x00\xe4\x0f\x00"
"\x12\x78\x74\x72\x04\x00\x00\x00\xff\x3c\x8e\x07\x00\xe4\x0f\x00\x0c\x72\x00\x16\x71\x00\x00\x00\x70\x12\x70\x00\x00\xe4\x0f\x0c"
"\x0c\x72\x00\x16\x71\x00\x00\x00\x70\x12\x7c\x03\x00\xe4\x0f\x0c\x0c\x72\x00\x16\x71\x00\x00\x00\x70\x12\xfa\x02\x00\xc4\x0f\x00"
"\x0c\x72\x00\x16\x71\x00\x00\x00\x70\x12\x78\x02\x00\xe4\x0f\x0c\x0c\x72\x00\x16\x71\x00\x00\x00\x70\x12\xf6\x01\x00\xe4\x0f\x0c"
"\x0c\x72\x00\x16\x71\x00\x00\x00\x70\x12\x74\x01\x00\xe4\x0f\x0c\x0c\x72\x00\x16\x71\x00\x00\x00\x70\x12\xf2\x00\x00\xe4\x0f\x00"
"\x10\x78\x16\x74\x00\x02\x00\x00\x6b\xe0\xff\x07\x00\xe4\x0f\x00\x12\x78\x67\x1d\x08\x00\x00\x00\xff\xc0\x8e\x07\x00\xc4\x0f\x00"
"\x12\x78\x1b\x66\x00\x02\x00\x00\x65\xfe\x8e\x07\x00\xe4\x0f\x00\x12\x78\x61\xff\x08\x00\x00\x00\x1d\x44\x8e\x07\x00\xe2\x0f\x00"
"\x24\x78\x1a\x67\x01\x00\x00\x00\x16\x02\x8e\x07\x00\xe2\x0f\x00\x10\x78\x81\x1d\x08\x00\x00\x00\xff\xe0\xff\x07\x00\xe2\x0f\x00"
"\x84\x79\x16\x20\x00\x00\x02\x00\x00\x1a\x00\x00\x00\xe2\x04\x00\x10\x78\x21\x1c\x01\x00\x00\x00\xff\xe0\xff\x07\x00\xe2\x0f\x00"
"\x24\x78\x5a\x1a\x02\x00\x00\x00\xff\x00\x8e\x07\x00\xe2\x0f\x00\x08\x78\x2d\xff\x00\x00\x80\xff\x00\x00\x00\x00\x00\xe4\x0f\x00"
"\x12\x78\x1b\x1b\x04\x00\x00\x00\x60\xf6\x8e\x07\x00\xc4\x0f\x00\x08\x78\x1c\xff\x00\x00\x80\xff\x00\x00\x00\x03\x00\xe4\x0f\x00"
"\x08\x78\x1d\xff\x00\x00\x80\xff\x00\x00\x80\x02\x00\xe2\x0f\x00\x24\x78\x56\x1b\x02\x00\x00\x00\xff\x00\x8e\x07\x00\xe2\x0f\x00"
"\x02\x72\x2f\x00\x2d\x00\x00\x00\x00\x0f\x00\x00\x00\xe2\x0f\x00\x24\x72\x1e\xff\xff\x00\x00\x00\x1c\x00\x8e\x07\x00\xe2\x0f\x00"
"\x12\x78\x61\x61\x04\x00\x00\x00\x72\xf6\x8e\x07\x00\xe2\x0f\x00\x24\x72\x1f\xff\xff\x00\x00\x00\x1d\x00\x8e\x07\x00\xe2\x0f\x00"
"\x36\x72\x2c\x52\x18\x00\x00\x00\x2c\x54\x00\x00\x00\xe2\x1f\x0c\x84\x79\x1a\x5a\x00\x00\x00\x00\x00\x1a\x00\x00\x00\xe2\x0f\x00"
"\x12\x78\x22\x64\x00\x02\x00\x00\x61\xfe\x8e\x07\x00\xe2\x0f\x00\x36\x72\x2e\x52\x18\x00\x00\x00\x2e\xd4\x00\x00\x00\xe2\x0f\x0c"
"\x08\x78\x24\xff\x00\x00\x80\xff\x00\x00\x00\x02\x00\xe2\x0f\x00\x36\x72\x1c\x52\x18\x00\x00\x00\x1c\x54\x01\x00\x00\xe2\x0f\x0c"
"\x08\x78\x25\xff\x00\x00\x80\xff\x00\x00\x80\x01\x00\xe2\x0f\x00\x36\x72\x1e\x52\x18\x00\x00\x00\x1e\xd4\x01\x00\x00\x62\x0b\x04"
"\x24\x78\x22\x7f\x01\x00\x00\x00\x22\x02\x8e\x07\x00\xe2\x0f\x00\x84\x79\x18\x56\x00\x00\x00\x00\x00\x1a\x00\x00\x00\x22\x0e\x02"
"\x19\x78\x6a\x21\x03\x00\x00\x00\xff\x06\x00\x00\x00\xe2\x0f\x00\x24\x72\x26\xff\xff\x00\x00\x00\x24\x00\x8e\x07\x00\xe2\x0f\x00"
"\x08\x78\x20\xff\x00\x00\x80\xff\x00\x00\x00\x01\x00\xe2\x4f\x00\x24\x78\x58\x22\x02\x00\x00\x00\xff\x00\x8e\x07\x00\xe2\x0f\x00"
"\x08\x78\x21\xff\x00\x00\x80\xff\x00\x00\x80\x00\x00\xe2\x0f\x00\x24\x72\x27\xff\xff\x00\x00\x00\x25\x00\x8e\x07\x00\xe2\x0f\x00"
"\x12\x78\x6a\x6a\x08\x00\x00\x00\xff\xc0\x8e\x07\x00\xe2\x0f\x00\x24\x72\x22\xff\xff\x00\x00\x00\x20\x00\x8e\x07\x00\xe2\x0f\x00"
"\x36\x72\x24\x52\x54\x00\x00\x00\x24\x54\x00\x00\x00\xe2\x2f\x0c\x24\x72\x23\xff\xff\x00\x00\x00\x21\x00\x8e\x07\x00\xe2\x0f\x00"
"\x12\x78\x81\x81\x08\x00\x00\x00\xff\xc0\x8e\x07\x00\xe2\x0f\x00\x84\x79\x30\x58\x00\x80\x00\x00\x00\x1a\x00\x00\x00\x62\x0e\x00"
"\x10\x78\x5c\x72\x00\x04\x00\x00\x6b\xe0\xff\x07\x00\xe2\x0f\x00\x36\x72\x26\x52\x54\x00\x00\x00\x26\xd4\x00\x00\x00\xe2\x0f\x0c"
"\x12\x78\x57\x6a\x00\x04\x00\x00\x65\xfe\x8e\x07\x00\xe2\x0f\x00\x36\x72\x20\x52\x54\x00\x00\x00\x20\x54\x01\x00\x00\xe2\x0f\x0c"
"\x84\x79\x5a\x5a\x00\x00\x02\x00\x00\x1a\x00\x00\x00\xe2\x0f\x00\x36\x72\x22\x52\x54\x00\x00\x00\x22\xd4\x01\x00\x00\x62\x0b\x00"
"\x10\x72\x5c\x5c\x81\x00\x00\x00\xff\xe0\xff\x07\x00\xe2\x0f\x00\x36\x72\x2c\x32\x16\x00\x00\x00\x2c\x54\x00\x00\x00\xe2\x8f\x0c"
"\x84\x79\x54\x56\x00\x00\x02\x00\x00\x1a\x00\x00\x00\xe2\x04\x02\x12\x72\x57\x57\x60\x00\x00\x00\xff\xfc\x8e\x07\x00\xe2\x0f\x08"
"\x36\x72\x2e\x32\x16\x00\x00\x00\x2e\xd4\x00\x00\x00\xe2\x0f\x0c\x12\x78\x83\x72\x08\x00\x00\x00\x81\xf6\x8e\x07\x00\xe2\x0f\x00"
"\x84\x79\x58\x58\x00\x80\x02\x00\x00\x1a\x00\x00\x00\x22\x0f\x00\x24\x78\x5d\x5c\x02\x00\x00\x00\xff\x00\x8e\x07\x00\xe2\x0f\x00"
"\x36\x72\x1c\x32\x16\x00\x00\x00\x1c\x54\x01\x00\x00\xe2\x0f\x0c\x12\x78\x5e\x64\x00\x04\x00\x00\x83\xfe\x8e\x07\x00\xe2\x0f\x00"
"\x24\x78\x5c\x57\x02\x00\x00\x00\xff\x00\x8e\x07\x00\xe2\x0f\x00\x36\x72\x1e\x32\x16\x00\x00\x00\x1e\xd4\x01\x00\x00\x62\x0b\x04"
"\x10\x78\x76\x74\x00\x06\x00\x00\x6b\xe0\xff\x07\x00\xe2\x0f\x00\x36\x72\x24\x32\x50\x00\x00\x00\x24\x54\x00\x00\x00\xe2\x0f\x0c"
"\x24\x78\x5e\x7f\x01\x00\x00\x00\x5e\x02\x8e\x07\x00\xe2\x0f\x00\x84\x79\x52\x5d\x00\x00\x00\x00\x00\x1a\x00\x00\x00\xe2\x0f\x00"
"\x36\x72\x26\x32\x50\x00\x00\x00\x26\xd4\x00\x00\x00\xe2\x0f\x0c\x12\x78\x87\x81\x08\x00\x00\x00\xff\x3c\x8e\x07\x00\xe2\x0f\x04"
"\x24\x78\x56\x5e\x02\x00\x00\x00\xff\x00\x8e\x07\x00\xe2\x4f\x00\x84\x79\x16\x5c\x00\x00\x00\x00\x00\x1a\x00\x00\x00\xa2\x0e\x02"
"\x36\x72\x20\x32\x50\x00\x00\x00\x20\x54\x01\x00\x00\xe2\x0f\x0c\x24\x78\x5e\x81\x01\x00\x00\x00\x76\x02\x8e\x07\x00\xe2\x0f\x00"
"\x36\x72\x22\x32\x50\x00\x00\x00\x22\xd4\x01\x00\x00\x62\x0b\x00\x12\x78\x87\x87\x04\x00\x00\x00\x72\xf6\x8e\x07\x00\xe2\x0f\x00"
"\x36\x72\x2c\x18\x1a\x00\x00\x00\x2c\x54\x00\x00\x00\xe2\x1f\x0c\x12\x78\x33\x6a\x00\x06\x00\x00\x65\xfe\x8e\x07\x00\xe2\x0f\x02"
"\x84\x79\x50\x56\x00\x80\x00\x00\x00\x1a\x00\x00\x00\x22\x0e\x00\x36\x72\x2e\x18\x1a\x00\x00\x00\x2e\xd4\x00\x00\x00\xe2\x0f\x0c"
"\x12\x78\x76\x64\x00\x06\x00\x00\x87\xfe\x8e\x07\x00\xe2\x0f\x00\x36\x72\x1c\x18\x1a\x00\x00\x00\x1c\x54\x01\x00\x00\xe2\x0f\x0c"
"\x12\x78\x5f\x33\x04\x00\x00\x00\x60\xf6\x8e\x07\x00\xe2\x0f\x00\x36\x72\x1e\x18\x1a\x00\x00\x00\x1e\xd4\x01\x00\x00\x62\x0b\x04"
"\x84\x79\x56\x56\x00\x80\x02\x00\x00\x1a\x00\x00\x00\xe2\x0f\x00\x19\x78\x5e\x5e\x01\x00\x00\x00\xff\x06\x00\x00\x00\xe2\x0f\x00"
"\x36\x72\x24\x18\x30\x00\x00\x00\x24\x54\x00\x00\x00\xe2\x2f\x0c\x24\x78\x5f\x5f\x02\x00\x00\x00\xff\x00\x8e\x07\x00\xe2\x0f\x00"
"\x84\x79\x1a\x5d\x00\x00\x02\x00\x00\x1a\x00\x00\x00\xe2\x0f\x02\x24\x78\x76\x7f\x01\x00\x00\x00\x76\x02\x8e\x07\x00\xe2\x0f\x04"
"\x36\x72\x26\x18\x30\x00\x00\x00\x26\xd4\x00\x00\x00\xe2\x0f\x0c\x12\x78\x89\x6a\x00\x16\x00\x00\x65\xfe\x8e\x07\x00\xe2\x0f\x00"
"\x84\x79\x32\x5c\x00\x00\x02\x00\x00\x1a\x00\x00\x00\x22\x02\x00\x36\x72\x20\x18\x30\x00\x00\x00\x20\x54\x01\x00\x00\xe2\x0f\x0c"
"\x24\x78\x7e\x76\x02\x00\x00\x00\xff\x00\x8e\x07\x00\xe2\x0f\x00\x36\x72\x22\x18\x30\x00\x00\x00\x22\xd4\x01\x00\x00\x64\x0b\x00"
"\x36\x72\x2c\x54\x5a\x00\x00\x00\x2c\x54\x00\x00\x00\xe2\x8f\x0c\x84\x79\x30\x5e\x00\x00\x00\x00\x00\x1a\x00\x00\x00\xe2\x0f\x02"
"\x36\x72\x2e\x54\x5a\x00\x00\x00\x2e\xd4\x00\x00\x00\xe2\x0f\x0c\x12\x78\x5c\x64\x00\x08\x00\x00\x85\xfe\x8e\x07\x00\xe2\x2f\x00"
"\x36\x72\x1c\x54\x5a\x00\x00\x00\x1c\x54\x01\x00\x00\xe2\x0f\x0c\x84\x79\x18\x5f\x00\x00\x00\x00\x00\x1a\x00\x00\x00\x62\x0e\x00"
"\x36\x72\x1e\x54\x5a\x00\x00\x00\x1e\xd4\x01\x00\x00\x64\x0b\x04\x36\x72\x24\x54\x58\x00\x00\x00\x24\x54\x00\x00\x00\xe2\x0f\x0d"
"\x84\x79\x5a\x5e\x00\x00\x02\x00\x00\x1a\x00\x00\x00\xe2\x0f\x02\x36\x72\x26\x54\x58\x00\x00\x00\x26\xd4\x00\x00\x00\xe2\x0f\x0c"
"\x24\x78\x5c\x7f\x01\x00\x00\x00\x5c\x02\x8e\x07\x00\xe2\x0f\x00\x36\x72\x20\x54\x58\x00\x00\x00\x20\x54\x01\x00\x00\xe4\x0f\x0c"
"\x36\x72\x22\x54\x58\x00\x00\x00\x22\xd4\x01\x00\x00\x62\x0b\x00\x24\x78\x5c\x5c\x02\x00\x00\x00\xff\x00\x8e\x07\x00\xe2\x0f\x00"
"\x84\x79\x54\x7e\x00\x80\x00\x00\x00\x1a\x00\x00\x00\xe2\x0e\x02\x10\x78\x58\x72\x00\x08\x00\x00\x6b\xe0\xff\x07\x00\xe2\x0f\x00"
"\x36\x72\x2c\x16\x52\x00\x00\x00\x2c\x54\x00\x00\x00\xe2\x4f\x0c\x12\x78\x59\x66\x00\x08\x00\x00\x65\xfe\x8e\x07\x00\xe2\x0f\x00"
"\x36\x72\x2e\x16\x52\x00\x00\x00\x2e\xd4\x00\x00\x00\xe4\x0f\x0c\x24\x78\x58\x67\x01\x00\x00\x00\x58\x02\x8e\x07\x00\xe2\x0f\x00"
"\x12\x72\x59\x59\x60\x00\x00\x00\xff\xfc\x8e\x07\x00\xe2\x0f\x00\x36\x72\x1c\x16\x52\x00\x00\x00\x1c\x54\x01\x00\x00\xe4\x0f\x0c"
"\x36\x72\x1e\x16\x52\x00\x00\x00\x1e\xd4\x01\x00\x00\x62\x0b\x04\x24\x78\x76\x58\x02\x00\x00\x00\xff\x00\x8e\x07\x00\xe2\x0f\x00"
"\x84\x79\x52\x5f\x00\x00\x02\x00\x00\x1a\x00\x00\x00\xa2\x0e\x02\x19\x78\x5d\x59\x01\x00\x00\x00\xff\x06\x00\x00\x00\xe2\x0f\x00"
"\x36\x72\x24\x16\x50\x00\x00\x00\x24\x54\x00\x00\x00\xe4\x1f\x0c\x84\x79\x58\x7e\x00\x80\x02\x00\x00\x1a\x00\x00\x00\x22\x01\x00"
"\x36\x72\x26\x16\x50\x00\x00\x00\x26\xd4\x00\x00\x00\xe4\x0f\x0c\x36\x72\x20\x16\x50\x00\x00\x00\x20\x54\x01\x00\x00\xe4\x0f\x0c"
"\x36\x72\x22\x16\x50\x00\x00\x00\x22\xd4\x01\x00\x00\x64\x0b\x00\x84\x79\x50\x76\x00\x00\x00\x00\x00\x1a\x00\x00\x00\xe2\x0f\x02"
"\x36\x72\x2c\x32\x1a\x00\x00\x00\x2c\x54\x00\x00\x00\xe2\x0f\x0c\x12\x78\x7e\x64\x00\x0a\x00\x00\x61\xfe\x8e\x07\x00\xe2\x1f\x00"
"\x36\x72\x2e\x32\x1a\x00\x00\x00\x2e\xd4\x00\x00\x00\xe2\x0f\x0c\x84\x79\x16\x5d\x00\x00\x00\x00\x00\x1a\x00\x00\x00\x22\x0e\x00"
"\x36\x72\x1c\x32\x1a\x00\x00\x00\x1c\x54\x01\x00\x00\xe2\x0f\x0c\x10\x72\x7e\x7f\x7e\x00\x00\x00\xff\xe0\xff\x07\x00\xe2\x0f\x00"
"\x36\x72\x1e\x32\x1a\x00\x00\x00\x1e\xd4\x01\x00\x00\x64\x0b\x04\x36\x72\x24\x32\x56\x00\x00\x00\x24\x54\x00\x00\x00\xe2\x0f\x0c"
"\x84\x79\x1a\x5c\x00\x80\x00\x00\x00\x1a\x00\x00\x00\x22\x0e\x02\x36\x72\x26\x32\x56\x00\x00\x00\x26\xd4\x00\x00\x00\xe2\x0f\x0c"
"\x24\x78\x7e\x7e\x02\x00\x00\x00\xff\x00\x8e\x07\x00\xe2\x0f\x00\x36\x72\x20\x32\x56\x00\x00\x00\x20\x54\x01\x00\x00\xe4\x0f\x0c"
"\x36\x72\x22\x32\x56\x00\x00\x00\x22\xd4\x01\x00\x00\x64\x0b\x00\x10\x78\x32\x74\x00\x0a\x00\x00\x6b\xe0\xff\x07\x00\xe2\x0f\x02"
"\x36\x72\x2c\x18\x30\x00\x00\x00\x2c\x54\x00\x00\x00\xe2\x2f\x0c\x12\x78\x33\x66\x00\x0a\x00\x00\x65\xfe\x8e\x07\x00\xe2\x0f\x00"
"\x36\x72\x2e\x18\x30\x00\x00\x00\x2e\xd4\x00\x00\x00\xe2\x0f\x0c\x84\x79\x56\x5c\x00\x80\x02\x00\x00\x1a\x00\x00\x00\xe2\x0f\x00"
"\x24\x78\x5e\x67\x01\x00\x00\x00\x32\x02\x8e\x07\x00\xe2\x0f\x00\x12\x78\x5f\x33\x04\x00\x00\x00\x60\xf6\x8e\x07\x00\xe2\x0f\x00"
"\x36\x72\x1c\x18\x30\x00\x00\x00\x1c\x54\x01\x00\x00\xe4\x0f\x0c\x36\x72\x1e\x18\x30\x00\x00\x00\x1e\xd4\x01\x00\x00\x62\x0b\x04"
"\x84\x79\x32\x5d\x00\x00\x02\x00\x00\x1a\x00\x00\x00\xe2\x0f\x00\x24\x78\x5e\x5e\x02\x00\x00\x00\xff\x00\x8e\x07\x00\xe2\x0f\x00"
"\x36\x72\x24\x18\x54\x00\x00\x00\x24\x54\x00\x00\x00\xe2\x8f\x0c\x24\x78\x5f\x5f\x02\x00\x00\x00\xff\x00\x8e\x07\x00\xe2\x0f\x00"
"\x84\x79\x30\x76\x00\x00\x02\x00\x00\x1a\x00\x00\x00\x62\x0e\x02\x36\x72\x26\x18\x54\x00\x00\x00\x26\xd4\x00\x00\x00\xe4\x0f\x0c"
"\x36\x72\x20\x18\x54\x00\x00\x00\x20\x54\x01\x00\x00\xe2\x0f\x0c\x84\x79\x5c\x7e\x00\x80\x00\x00\x00\x1a\x00\x00\x00\xe2\x0f\x00"
"\x36\x72\x22\x18\x54\x00\x00\x00\x22\xd4\x01\x00\x00\x64\x0b\x00\x36\x72\x2c\x52\x5a\x00\x00\x00\x2c\x54\x00\x00\x00\xe2\x4f\x0c"
"\x84\x79\x54\x5e\x00\x00\x00\x00\x00\x1a\x00\x00\x00\xe2\x0f\x02\x36\x72\x2e\x52\x5a\x00\x00\x00\x2e\xd4\x00\x00\x00\xe4\x0f\x0c"
"\x36\x72\x1c\x52\x5a\x00\x00\x00\x1c\x54\x01\x00\x00\xe2\x0f\x0c\x84\x79\x18\x5f\x00\x00\x00\x00\x00\x1a\x00\x00\x00\xa2\x0e\x00"
"\x36\x72\x1e\x52\x5a\x00\x00\x00\x1e\xd4\x01\x00\x00\x64\x0f\x04\x36\x72\x24\x52\x58\x00\x00\x00\x24\x54\x00\x00\x00\xe4\x0f\x0d"
"\x36\x72\x26\x52\x58\x00\x00\x00\x26\xd4\x00\x00\x00\xe4\x0f\x0c\x36\x72\x20\x52\x58\x00\x00\x00\x20\x54\x01\x00\x00\xe4\x0f\x0c"
"\x36\x72\x22\x52\x58\x00\x00\x00\x22\xd4\x01\x00\x00\x64\x0b\x00\x36\x72\x2c\x16\x50\x00\x00\x00\x2c\x54\x00\x00\x00\xe2\x1f\x0e"
"\x12\x78\x58\x64\x00\x0c\x00\x00\x83\xfe\x8e\x07\x00\xe2\x0f\x00\x36\x72\x2e\x16\x50\x00\x00\x00\x2e\xd4\x00\x00\x00\xe4\x0f\x0c"
"\x36\x72\x1c\x16\x50\x00\x00\x00\x1c\x54\x01\x00\x00\xe4\x0f\x0c\x36\x72\x1e\x16\x50\x00\x00\x00\x1e\xd4\x01\x00\x00\x62\x0b\x04"
"\x24\x78\x58\x7f\x01\x00\x00\x00\x58\x02\x8e\x07\x00\xe2\x0f\x00\x10\x78\x50\x72\x00\x0c\x00\x00\x6b\xe0\xff\x07\x00\xe2\x0f\x02"
"\x36\x72\x24\x16\x1a\x00\x00\x00\x24\x54\x00\x00\x00\xe2\x0f\x0c\x12\x78\x51\x6a\x00\x0c\x00\x00\x65\xfe\x8e\x07\x00\xe2\x0f\x00"
"\x36\x72\x26\x16\x1a\x00\x00\x00\x26\xd4\x00\x00\x00\xe2\x0f\x0c\x19\x78\x58\x58\x01\x00\x00\x00\xff\x06\x00\x00\x00\xe2\x0f\x00"
"\x36\x72\x20\x16\x1a\x00\x00\x00\x20\x54\x01\x00\x00\xe2\x0f\x0c\x12\x72\x52\x51\x60\x00\x00\x00\xff\xfc\x8e\x07\x00\xe2\x0f\x00"
"\x36\x72\x22\x16\x1a\x00\x00\x00\x22\xd4\x01\x00\x00\x62\x0b\x00\x24\x78\x50\x81\x01\x00\x00\x00\x50\x02\x8e\x07\x00\xe2\x0f\x00"
"\x84\x79\x1a\x5e\x00\x00\x02\x00\x00\x1a\x00\x00\x00\xe2\x01\x02\x36\x72\x2c\x32\x30\x00\x00\x00\x2c\x54\x00\x00\x00\xe2\x2f\x0c"
"\x24\x78\x76\x52\x02\x00\x00\x00\xff\x00\x8e\x07\x00\xe2\x0f\x00\x36\x72\x2e\x32\x30\x00\x00\x00\x2e\xd4\x00\x00\x00\xe2\x0f\x0c"
"\x84\x79\x16\x5f\x00\x00\x02\x00\x00\x1a\x00\x00\x00\x62\x0e\x00\x24\x78\x5a\x50\x02\x00\x00\x00\xff\x00\x8e\x07\x00\xe2\x0f\x00"
"\x36\x72\x1c\x32\x30\x00\x00\x00\x1c\x54\x01\x00\x00\xe2\x0f\x0c\x12\x78\x5e\x64\x00\x0e\x00\x00\x87\xfe\x8e\x07\x00\xe2\x1f\x00"
"\x84\x79\x50\x7e\x00\x80\x02\x00\x00\x1a\x00\x00\x00\xe2\x00\x00\x36\x72\x1e\x32\x30\x00\x00\x00\x1e\xd4\x01\x00\x00\x64\x0b\x04"
"\x36\x72\x24\x32\x56\x00\x00\x00\x24\x54\x00\x00\x00\xe2\x0f\x0c\x84\x79\x30\x76\x00\x00\x00\x00\x00\x1a\x00\x00\x00\xe2\x0f\x02"
"\x36\x72\x26\x32\x56\x00\x00\x00\x26\xd4\x00\x00\x00\xe2\x0f\x0c\x24\x78\x5e\x7f\x01\x00\x00\x00\x5e\x02\x8e\x07\x00\xe2\x0f\x00"
"\x36\x72\x20\x32\x56\x00\x00\x00\x20\x54\x01\x00\x00\xe2\x0f\x0c\x84\x79\x52\x5a\x00\x00\x00\x00\x00\x1a\x00\x00\x00\x22\x0f\x00"
"\x36\x72\x22\x32\x56\x00\x00\x00\x22\xd4\x01\x00\x00\x62\x0b\x00\x24\x78\x5e\x5e\x02\x00\x00\x00\xff\x00\x8e\x07\x00\xe2\x0f\x00"
"\x36\x72\x2c\x18\x54\x00\x00\x00\x2c\x54\x00\x00\x00\xe2\x4f\x0c\x10\x78\x56\x74\x00\x0e\x00\x00\x6b\xe0\xff\x07\x00\xe2\x0f\x02"
"\x36\x72\x2e\x18\x54\x00\x00\x00\x2e\xd4\x00\x00\x00\xe2\x0f\x0c\x12\x78\x57\x6a\x00\x0e\x00\x00\x65\xfe\x8e\x07\x00\xe2\x0f\x00"
"\x36\x72\x1c\x18\x54\x00\x00\x00\x1c\x54\x01\x00\x00\xe2\x0f\x0c\x84\x79\x32\x58\x00\x80\x00\x00\x00\x1a\x00\x00\x00\xa2\x0e\x00"
"\x36\x72\x1e\x18\x54\x00\x00\x00\x1e\xd4\x01\x00\x00\x64\x0b\x04\x12\x78\x54\x57\x04\x00\x00\x00\x60\xf6\x8e\x07\x00\xe2\x0f\x02"
"\x24\x78\x55\x81\x01\x00\x00\x00\x56\x02\x8e\x07\x00\xe2\x0f\x00\x84\x79\x5a\x5a\x00\x00\x02\x00\x00\x1a\x00\x00\x00\xe2\x0f\x00"
"\x36\x72\x24\x18\x5c\x00\x00\x00\x24\x54\x00\x00\x00\xe4\x0f\x0c\x24\x78\x7e\x55\x02\x00\x00\x00\xff\x00\x8e\x07\x00\xe2\x1f\x00"
"\x84\x79\x56\x76\x00\x00\x02\x00\x00\x1a\x00\x00\x00\xa2\x00\x00\x24\x78\x5f\x54\x02\x00\x00\x00\xff\x00\x8e\x07\x00\xe2\x0f\x00"
"\x36\x72\x26\x18\x5c\x00\x00\x00\x26\xd4\x00\x00\x00\xe4\x0f\x0c\x84\x79\x58\x58\x00\x80\x02\x00\x00\x1a\x00\x00\x00\xa2\x0e\x00"
"\x36\x72\x20\x18\x5c\x00\x00\x00\x20\x54\x01\x00\x00\xe4\x0f\x0c\x36\x72\x22\x18\x5c\x00\x00\x00\x22\xd4\x01\x00\x00\x62\x0b\x00"
"\x84\x79\x54\x7e\x00\x00\x00\x00\x00\x1a\x00\x00\x00\xe2\x0f\x00\x10\x78\x5c\x72\x00\x10\x00\x00\x6b\xe0\xff\x07\x00\xe2\x0f\x02"
"\x36\x72\x2c\x16\x1a\x00\x00\x00\x2c\x54\x00\x00\x00\xe4\x2f\x0c\x84\x79\x18\x5f\x00\x00\x00\x00\x00\x1a\x00\x00\x00\x62\x0e\x00"
"\x36\x72\x2e\x16\x1a\x00\x00\x00\x2e\xd4\x00\x00\x00\xe2\x0f\x0c\x12\x78\x5d\x66\x00\x10\x00\x00\x65\xfe\x8e\x07\x00\xe2\x0f\x00"
"\x36\x72\x1c\x16\x1a\x00\x00\x00\x1c\x54\x01\x00\x00\xe2\x0f\x0c\x10\x72\x76\x67\x5c\x00\x00\x00\xff\xe0\xff\x07\x00\xe2\x1f\x00"
"\x36\x72\x1e\x16\x1a\x00\x00\x00\x1e\xd4\x01\x00\x00\x62\x0b\x04\x12\x72\x5c\x5d\x60\x00\x00\x00\xff\xfc\x8e\x07\x00\xe2\x0f\x08"
"\x84\x79\x1a\x5e\x00\x80\x00\x00\x00\x1a\x00\x00\x00\x22\x0e\x02\x36\x72\x24\x16\x50\x00\x00\x00\x24\x54\x00\x00\x00\xe2\x8f\x0c"
"\x24\x78\x5d\x76\x02\x00\x00\x00\xff\x00\x8e\x07\x00\xe2\x0f\x00\x36\x72\x26\x16\x50\x00\x00\x00\x26\xd4\x00\x00\x00\xe2\x0f\x0c"
"\x12\x78\x76\x64\x00\x10\x00\x00\x85\xfe\x8e\x07\x00\xe2\x0f\x00\x36\x72\x20\x16\x50\x00\x00\x00\x20\x54\x01\x00\x00\xe2\x0f\x0c"
"\x24\x78\x5c\x5c\x02\x00\x00\x00\xff\x00\x8e\x07\x00\xe2\x0f\x00\x36\x72\x22\x16\x50\x00\x00\x00\x22\xd4\x01\x00\x00\x64\x0b\x00"
"\x84\x79\x50\x7e\x00\x00\x02\x00\x00\x1a\x00\x00\x00\xe2\x07\x02\x36\x72\x2c\x30\x52\x00\x00\x00\x2c\x54\x00\x00\x00\xe2\x0f\x0d"
"\x24\x78\x76\x7f\x01\x00\x00\x00\x76\x02\x8e\x07\x00\xe2\x0f\x00\x36\x72\x2e\x30\x52\x00\x00\x00\x2e\xd4\x00\x00\x00\xe2\x0f\x0c"
"\x84\x79\x16\x5f\x00\x00\x02\x00\x00\x1a\x00\x00\x00\x22\x0f\x00\x36\x72\x1c\x30\x52\x00\x00\x00\x1c\x54\x01\x00\x00\xe4\x0f\x0c"
"\x36\x72\x1e\x30\x52\x00\x00\x00\x1e\xd4\x01\x00\x00\x62\x0b\x04\x10\x78\x7e\x74\x00\x16\x00\x00\x6b\xe0\xff\x07\x00\xe2\x8f\x00"
"\x84\x79\x52\x5e\x00\x80\x02\x00\x00\x1a\x00\x00\x00\x22\x07\x02\x36\x72\x24\x30\x32\x00\x00\x00\x24\x54\x00\x00\x00\xe4\x4f\x0c"
"\x36\x72\x26\x30\x32\x00\x00\x00\x26\xd4\x00\x00\x00\xe2\x0f\x0c\x24\x78\x80\x81\x01\x00\x00\x00\x7e\x02\x8e\x07\x00\xe2\x0f\x00"
"\x36\x72\x20\x30\x32\x00\x00\x00\x20\x54\x01\x00\x00\xe2\x0f\x0c\x12\x78\x7e\x89\x04\x00\x00\x00\x60\xf6\x8e\x07\x00\xe2\x0f\x00"
"\x36\x72\x22\x30\x32\x00\x00\x00\x22\xd4\x01\x00\x00\x62\x0b\x00\x12\x78\x5e\x64\x00\x12\x00\x00\x61\xfe\x8e\x07\x00\xe2\x8f\x00"
"\x36\x72\x2c\x56\x5a\x00\x00\x00\x2c\x54\x00\x00\x00\xe2\x0f\x0c\x84\x79\x30\x5d\x00\x00\x00\x00\x00\x1a\x00\x00\x00\xe2\x0f\x02"
"\x36\x72\x2e\x56\x5a\x00\x00\x00\x2e\xd4\x00\x00\x00\xe2\x0f\x0c\x24\x78\x80\x80\x02\x00\x00\x00\xff\x00\x8e\x07\x00\xe2\x0f\x00"
"\x36\x72\x1c\x56\x5a\x00\x00\x00\x1c\x54\x01\x00\x00\xe2\x0f\x0c\x84\x79\x32\x5c\x00\x00\x00\x00\x00\x1a\x00\x00\x00\xa2\x0e\x00"
"\x36\x72\x1e\x56\x5a\x00\x00\x00\x1e\xd4\x01\x00\x00\x62\x0b\x04\x24\x78\x5e\x7f\x01\x00\x00\x00\x5e\x02\x8e\x07\x00\xe2\x0f\x00"
"\x36\x72\x24\x56\x58\x00\x00\x00\x24\x54\x00\x00\x00\xe2\x0f\x0c\x24\x78\x5a\x76\x02\x00\x00\x00\xff\x00\x8e\x07\x00\xe2\x0f\x02"
"\x36\x72\x26\x56\x58\x00\x00\x00\x26\xd4\x00\x00\x00\xe2\x0f\x0c\x24\x78\x76\x5e\x02\x00\x00\x00\xff\x00\x8e\x07\x00\xe2\x0f\x00"
"\x36\x72\x20\x56\x58\x00\x00\x00\x20\x54\x01\x00\x00\xe2\x0f\x0c\x24\x78\x7e\x7e\x02\x00\x00\x00\xff\x00\x8e\x07\x00\xe2\x0f\x00"
"\x36\x72\x22\x56\x58\x00\x00\x00\x22\xd4\x01\x00\x00\x64\x0b\x00\x36\x72\x2c\x18\x54\x00\x00\x00\x2c\x54\x00\x00\x00\xe2\x2f\x0c"
"\x10\x78\x56\x74\x00\x12\x00\x00\x6b\xe0\xff\x07\x00\xe2\x0f\x02\x36\x72\x2e\x18\x54\x00\x00\x00\x2e\xd4\x00\x00\x00\xe2\x0f\x0c"
"\x12\x78\x57\x66\x00\x12\x00\x00\x65\xfe\x8e\x07\x00\xe2\x0f\x00\x36\x72\x1c\x18\x54\x00\x00\x00\x1c\x54\x01\x00\x00\xe2\x0f\x0c"
"\x84\x79\x5e\x76\x00\x80\x00\x00\x00\x1a\x00\x00\x00\xe2\x0f\x00\x36\x72\x1e\x18\x54\x00\x00\x00\x1e\xd4\x01\x00\x00\x62\x0b\x04"
"\x24\x78\x56\x67\x01\x00\x00\x00\x56\x02\x8e\x07\x00\xe2\x0f\x00\x36\x72\x24\x18\x1a\x00\x00\x00\x24\x54\x00\x00\x00\xe2\x1f\x0c"
"\x84\x79\x54\x5a\x00\x80\x00\x00\x00\x1a\x00\x00\x00\x22\x0e\x02\x36\x72\x26\x18\x1a\x00\x00\x00\x26\xd4\x00\x00\x00\xe2\x0f\x0c"
"\x12\x78\x57\x57\x04\x00\x00\x00\x60\xf6\x8e\x07\x00\xe2\x0f\x00\x36\x72\x20\x18\x1a\x00\x00\x00\x20\x54\x01\x00\x00\xe2\x0f\x0c"
"\x19\x78\x56\x56\x01\x00\x00\x00\xff\x06\x00\x00\x00\xe2\x0f\x00\x36\x72\x22\x18\x1a\x00\x00\x00\x22\xd4\x01\x00\x00\x64\x0b\x00"
"\x84\x79\x18\x5d\x00\x00\x02\x00\x00\x1a\x00\x00\x00\xe2\x0f\x02\x36\x72\x2c\x16\x50\x00\x00\x00\x2c\x54\x00\x00\x00\xe2\x0f\x0d"
"\x24\x78\x58\x57\x02\x00\x00\x00\xff\x00\x8e\x07\x00\xe2\x0f\x00\x36\x72\x2e\x16\x50\x00\x00\x00\x2e\xd4\x00\x00\x00\xe2\x0f\x0c"
"\x84\x79\x1a\x5c\x00\x00\x02\x00\x00\x1a\x00\x00\x00\x62\x0e\x00\x36\x72\x1c\x16\x50\x00\x00\x00\x1c\x54\x01\x00\x00\xe4\x0f\x0c"
"\x36\x72\x1e\x16\x50\x00\x00\x00\x1e\xd4\x01\x00\x00\x64\x0b\x04\x36\x72\x24\x16\x52\x00\x00\x00\x24\x54\x00\x00\x00\xe2\x0f\x0c"
"\x84\x79\x50\x5a\x00\x80\x02\x00\x00\x1a\x00\x00\x00\x22\x07\x02\x36\x72\x26\x16\x52\x00\x00\x00\x26\xd4\x00\x00\x00\xe4\x0f\x0c"
"\x36\x72\x20\x16\x52\x00\x00\x00\x20\x54\x01\x00\x00\xe2\x0f\x0c\x84\x79\x5c\x58\x00\x00\x00\x00\x00\x1a\x00\x00\x00\xe2\x0f\x00"
"\x36\x72\x22\x16\x52\x00\x00\x00\x22\xd4\x01\x00\x00\x64\x0b\x00\x10\x78\x52\x72\x00\x14\x00\x00\x6b\xe0\xff\x07\x00\xe2\x0f\x02"
"\x84\x79\x16\x56\x00\x00\x00\x00\x00\x1a\x00\x00\x00\x22\x0f\x00\x12\x78\x53\x6a\x00\x14\x00\x00\x65\xfe\x8e\x07\x00\xe2\x0f\x00"
"\x36\x72\x2c\x32\x30\x00\x00\x00\x2c\x54\x00\x00\x00\xe2\x4f\x0c\x12\x78\x5a\x64\x00\x14\x00\x00\x83\xfe\x8e\x07\x00\xe2\x8f\x00"
"\x24\x78\x52\x81\x01\x00\x00\x00\x52\x02\x8e\x07\x00\xe2\x0f\x00\x12\x72\x53\x53\x60\x00\x00\x00\xff\xfc\x8e\x07\x00\xe2\x0f\x00"
"\x36\x72\x2e\x32\x30\x00\x00\x00\x2e\xd4\x00\x00\x00\xe4\x0f\x0c\x36\x72\x1c\x32\x30\x00\x00\x00\x1c\x54\x01\x00\x00\xe2\x0f\x0c"
"\x24\x78\x84\x52\x02\x00\x00\x00\xff\x00\x8e\x07\x00\xe2\x0f\x00\x36\x72\x1e\x32\x30\x00\x00\x00\x1e\xd4\x01\x00\x00\x62\x0b\x04"
"\x19\x78\x82\x53\x01\x00\x00\x00\xff\x06\x00\x00\x00\xe2\x0f\x00\x84\x79\x30\x56\x00\x00\x02\x00\x00\x1a\x00\x00\x00\xe2\x0f\x02"
"\x24\x78\x57\x7f\x01\x00\x00\x00\x5a\x02\x8e\x07\x00\xe2\x0f\x00\x36\x72\x24\x32\x54\x00\x00\x00\x24\x54\x00\x00\x00\xe4\x1f\x0c"
"\x84\x79\x52\x58\x00\x00\x02\x00\x00\x1a\x00\x00\x00\x22\x0e\x00\x24\x78\x86\x57\x02\x00\x00\x00\xff\x00\x8e\x07\x00\xe2\x0f\x00"
"\x36\x72\x26\x32\x54\x00\x00\x00\x26\xd4\x00\x00\x00\xe4\x0f\x0c\x84\x79\x5a\x76\x00\x80\x02\x00\x00\x1a\x00\x00\x00\xe2\x04\x00"
"\x36\x72\x20\x32\x54\x00\x00\x00\x20\x54\x01\x00\x00\xe4\x0f\x0c\x36\x72\x22\x32\x54\x00\x00\x00\x22\xd4\x01\x00\x00\x62\x0b\x00"
"\x84\x79\x56\x82\x00\x00\x00\x00\x00\x1a\x00\x00\x00\xe2\x0f\x00\x36\x72\x2c\x1a\x18\x00\x00\x00\x2c\x54\x00\x00\x00\xe6\x2f\x0c"
"\x84\x79\x32\x84\x00\x00\x00\x00\x00\x1a\x00\x00\x00\x62\x0e\x02\x36\x72\x2e\x1a\x18\x00\x00\x00\x2e\xd4\x00\x00\x00\xe4\x0f\x0c"
"\x36\x72\x1c\x1a\x18\x00\x00\x00\x1c\x54\x01\x00\x00\xe2\x0f\x0c\x84\x79\x58\x86\x00\x80\x00\x00\x00\x1a\x00\x00\x00\x62\x0e\x00"
"\x36\x72\x1e\x1a\x18\x00\x00\x00\x1e\xd4\x01\x00\x00\x64\x0b\x04\x36\x72\x24\x1a\x50\x00\x00\x00\x24\x54\x00\x00\x00\xe2\x0f\x0d"
"\x84\x79\x54\x84\x00\x00\x02\x00\x00\x1a\x00\x00\x00\xe2\x0f\x00\x36\x72\x26\x1a\x50\x00\x00\x00\x26\xd4\x00\x00\x00\xe4\x0f\x0c"
"\x36\x72\x20\x1a\x50\x00\x00\x00\x20\x54\x01\x00\x00\xe2\x0f\x0c\x84\x79\x18\x82\x00\x00\x02\x00\x00\x1a\x00\x00\x00\x22\x0f\x02"
"\x36\x72\x22\x1a\x50\x00\x00\x00\x22\xd4\x01\x00\x00\x64\x0b\x00\x12\x78\x1a\x64\x00\x16\x00\x00\x87\xfe\x8e\x07\x00\xe2\x0f\x02"
"\x84\x79\x50\x86\x00\x80\x02\x00\x00\x1a\x00\x00\x00\x22\x0f\x00\x36\x72\x2c\x5c\x16\x00\x00\x00\x2c\x54\x00\x00\x00\xe4\x0f\x0c"
"\x36\x72\x2e\x5c\x16\x00\x00\x00\x2e\xd4\x00\x00\x00\xe2\x0f\x0c\x10\x72\x76\x7f\x1a\x00\x00\x00\xff\xe0\xff\x07\x00\xe2\x4f\x00"
"\x36\x72\x1c\x5c\x16\x00\x00\x00\x1c\x54\x01\x00\x00\xe4\x0f\x0c\x36\x72\x1e\x5c\x16\x00\x00\x00\x1e\xd4\x01\x00\x00\x62\x0b\x04"
"\x84\x79\x1a\x7e\x00\x00\x00\x00\x00\x1a\x00\x00\x00\xe2\x0f\x00\x36\x72\x24\x5c\x5e\x00\x00\x00\x24\x54\x00\x00\x00\xe2\x0f\x0c"
"\x24\x78\x76\x76\x02\x00\x00\x00\xff\x00\x8e\x07\x00\xe2\x0f\x00\x36\x72\x26\x5c\x5e\x00\x00\x00\x26\xd4\x00\x00\x00\xe2\x0f\x0c"
"\x84\x79\x16\x80\x00\x00\x00\x00\x00\x1a\x00\x00\x00\xa2\x0e\x02\x36\x72\x20\x5c\x5e\x00\x00\x00\x20\x54\x01\x00\x00\xe4\x0f\x0c"
"\x36\x72\x22\x5c\x5e\x00\x00\x00\x22\xd4\x01\x00\x00\x64\x0f\x00\x36\x72\x2c\x52\x30\x00\x00\x00\x2c\x54\x00\x00\x00\xe4\x1f\x0c"
"\x36\x72\x2e\x52\x30\x00\x00\x00\x2e\xd4\x00\x00\x00\xe4\x0f\x0c\x36\x72\x1c\x52\x30\x00\x00\x00\x1c\x54\x01\x00\x00\xe4\x0f\x0c"
"\x36\x72\x1e\x52\x30\x00\x00\x00\x1e\xd4\x01\x00\x00\x64\x0b\x04\x36\x72\x24\x52\x5a\x00\x00\x00\x24\x54\x00\x00\x00\xe2\x8f\x0e"
"\x84\x79\x30\x76\x00\x80\x00\x00\x00\x1a\x00\x00\x00\x22\x0e\x00\x36\x72\x26\x52\x5a\x00\x00\x00\x26\xd4\x00\x00\x00\xe4\x0f\x0c"
"\x36\x72\x20\x52\x5a\x00\x00\x00\x20\x54\x01\x00\x00\xe4\x0f\x0c\x36\x72\x22\x52\x5a\x00\x00\x00\x22\xd4\x01\x00\x00\x64\x0b\x00"
"\x36\x72\x2c\x56\x32\x00\x00\x00\x2c\x54\x00\x00\x00\xe2\x2f\x0c\x84\x79\x52\x7e\x00\x00\x02\x00\x00\x1a\x00\x00\x00\xe2\x03\x02"
"\x36\x72\x2e\x56\x32\x00\x00\x00\x2e\xd4\x00\x00\x00\xe2\x0f\x0c\x12\x78\x5a\x64\x00\x1c\x00\x00\x83\xfe\x8e\x07\x00\xe2\x0f\x00"
"\x36\x72\x1c\x56\x32\x00\x00\x00\x1c\x54\x01\x00\x00\xe2\x0f\x0c\x12\x78\x5b\x6a\x00\x1e\x00\x00\x65\xfe\x8e\x07\x00\xe2\x0f\x00"
"\x36\x72\x1e\x56\x32\x00\x00\x00\x1e\xd4\x01\x00\x00\x64\x0b\x04\x36\x72\x24\x56\x58\x00\x00\x00\x24\x54\x00\x00\x00\xe2\x0f\x0c"
"\x84\x79\x32\x80\x00\x00\x02\x00\x00\x1a\x00\x00\x00\x22\x06\x02\x36\x72\x26\x56\x58\x00\x00\x00\x26\xd4\x00\x00\x00\xe2\x0f\x0c"
"\x24\x78\x5a\x5a\x01\x00\x00\x00\x7f\x02\x8e\x07\x00\xe2\x0f\x00\x36\x72\x20\x56\x58\x00\x00\x00\x20\x54\x01\x00\x00\xe4\x0f\x0c"
"\x36\x72\x22\x56\x58\x00\x00\x00\x22\xd4\x01\x00\x00\x62\x0b\x00\x24\x78\x7e\x5a\x02\x00\x00\x00\xff\x00\x8e\x07\x00\xe2\x2f\x00"
"\x10\x78\x56\x72\x00\x18\x00\x00\x6b\xe0\xff\x07\x00\xe2\x0f\x12\x36\x72\x2c\x18\x54\x00\x00\x00\x2c\x54\x00\x00\x00\xe2\x0f\x0d"
"\x10\x78\x58\x74\x00\x1a\x00\x00\x6b\xe0\xff\x07\x00\xe2\x0f\x14\x36\x72\x2e\x18\x54\x00\x00\x00\x2e\xd4\x00\x00\x00\xe2\x0f\x0c"
"\x10\x78\x74\x74\x00\x1e\x00\x00\x6b\xe0\xff\x07\x00\xe2\x0f\x00\x36\x72\x1c\x18\x54\x00\x00\x00\x1c\x54\x01\x00\x00\xe2\x0f\x0c"
"\x12\x78\x59\x6a\x00\x1c\x00\x00\x65\xfe\x8e\x07\x00\xe2\x0f\x00\x36\x72\x1e\x18\x54\x00\x00\x00\x1e\xd4\x01\x00\x00\x62\x0b\x04"
"\x12\x78\x80\x64\x00\x1e\x00\x00\x87\xfe\x8e\x07\x00\xe2\x8f\x00\x24\x78\x54\x67\x01\x00\x00\x00\x56\x02\x8e\x07\x00\xe2\x0f\x06"
"\x36\x72\x24\x18\x50\x00\x00\x00\x24\x54\x00\x00\x00\xe2\x0f\x0c\x84\x79\x56\x76\x00\x80\x02\x00\x00\x1a\x00\x00\x00\xe2\x02\x00"
"\x36\x72\x26\x18\x50\x00\x00\x00\x26\xd4\x00\x00\x00\xe2\x0f\x0c\x12\x78\x55\x66\x00\x18\x00\x00\x65\xfe\x8e\x07\x00\xe2\x0f\x00"
"\x36\x72\x20\x18\x50\x00\x00\x00\x20\x54\x01\x00\x00\xe2\x0f\x0c\x24\x78\x67\x67\x01\x00\x00\x00\x58\x02\x8e\x07\x00\xe2\x0f\x00"
"\x36\x72\x22\x18\x50\x00\x00\x00\x22\xd4\x01\x00\x00\x62\x0b\x00\x12\x72\x55\x55\x60\x00\x00\x00\xff\xfc\x8e\x07\x00\xe2\x0f\x08"
"\x24\x78\x51\x54\x02\x00\x00\x00\xff\x00\x8e\x07\x00\xe2\x0f\x02\x12\x78\x18\x64\x00\x18\x00\x00\x85\xfe\x8e\x07\x00\xe2\x0f\x00"
"\x36\x72\x2c\x1a\x16\x00\x00\x00\x2c\x54\x00\x00\x00\xe2\x4f\x0c\x10\x78\x50\x72\x00\x1c\x00\x00\x6b\xe0\xff\x07\x00\xe2\x0f\x00"
"\x24\x78\x5c\x55\x02\x00\x00\x00\xff\x00\x8e\x07\x00\xe2\x0f\x00\x36\x72\x2e\x1a\x16\x00\x00\x00\x2e\xd4\x00\x00\x00\xe2\x0f\x0c"
"\x24\x78\x18\x7f\x01\x00\x00\x00\x18\x02\x8e\x07\x00\xe2\x0f\x00\x36\x72\x1c\x1a\x16\x00\x00\x00\x1c\x54\x01\x00\x00\xe2\x0f\x0c"
"\x84\x79\x54\x51\x00\x00\x00\x00\x00\x1a\x00\x00\x00\xe2\x0f\x00\x36\x72\x1e\x1a\x16\x00\x00\x00\x1e\xd4\x01\x00\x00\x62\x0b\x04"
"\x24\x78\x83\x67\x02\x00\x00\x00\xff\x00\x8e\x07\x00\xe2\x0f\x00\x19\x78\x5e\x18\x01\x00\x00\x00\xff\x06\x00\x00\x00\xe2\x0f\x00"
"\x84\x79\x16\x5c\x00\x00\x00\x00\x00\x1a\x00\x00\x00\xa2\x0e\x02\x36\x72\x24\x1a\x30\x00\x00\x00\x24\x54\x00\x00\x00\xe2\x1f\x0c"
"\x24\x78\x58\x50\x01\x00\x00\x00\x81\x02\x8e\x07\x00\xe2\x0f\x00\x36\x72\x26\x1a\x30\x00\x00\x00\x26\xd4\x00\x00\x00\xe2\x0f\x0c"
"\x12\x72\x59\x59\x60\x00\x00\x00\xff\xfc\x8e\x07\x00\xe2\x0f\x00\x36\x72\x18\x1a\x30\x00\x00\x00\x20\x54\x01\x00\x00\xe2\x0b\x0c"
"\x84\x79\x6a\x83\x00\x00\x00\x00\x00\x1a\x00\x00\x00\xe2\x0f\x00\x36\x72\x1a\x1a\x30\x00\x00\x00\x22\xd4\x01\x00\x00\x64\x0b\x00"
"\x12\x78\x21\x66\x00\x1a\x00\x00\x65\xfe\x8e\x07\x00\xe2\x0f\x02\x36\x72\x2c\x52\x32\x00\x00\x00\x2c\x54\x00\x00\x00\xe2\x0f\x0c"
"\x84\x79\x22\x5e\x00\x80\x00\x00\x00\x1a\x00\x00\x00\x22\x0e\x00\x12\x78\x20\x64\x00\x1a\x00\x00\x61\xfe\x8e\x07\x00\xe2\x0f\x00"
"\x36\x72\x2e\x52\x32\x00\x00\x00\x2e\xd4\x00\x00\x00\xe2\x0f\x0c\x12\x78\x21\x21\x04\x00\x00\x00\x60\xf6\x8e\x07\x00\xe2\x0f\x00"
"\x36\x72\x30\x52\x32\x00\x00\x00\x1c\x54\x01\x00\x00\xe2\x0b\x0c\x24\x78\x81\x74\x01\x00\x00\x00\x81\x02\x8e\x07\x00\xe2\x0f\x00"
"\x36\x72\x32\x52\x32\x00\x00\x00\x1e\xd4\x01\x00\x00\x64\x0b\x04\x84\x79\x1c\x51\x00\x00\x02\x00\x00\x1a\x00\x00\x00\xe2\x07\x02"
"\x24\x78\x5d\x7f\x01\x00\x00\x00\x20\x02\x8e\x07\x00\xe2\x0f\x00\x19\x78\x82\x21\x01\x00\x00\x00\xff\x06\x00\x00\x00\xe2\x0f\x00"
"\x24\x78\x76\x58\x02\x00\x00\x00\xff\x00\x8e\x07\x00\xe2\x2f\x00\x84\x79\x1e\x5c\x00\x00\x02\x00\x00\x1a\x00\x00\x00\x62\x0e\x00"
"\x36\x72\x24\x52\x56\x00\x00\x00\x24\x54\x00\x00\x00\xe2\x8f\x0c\x24\x78\x74\x59\x02\x00\x00\x00\xff\x00\x8e\x07\x00\xe2\x0f\x00"
"\x36\x72\x26\x52\x56\x00\x00\x00\x26\xd4\x00\x00\x00\xe2\x0f\x0c\x84\x79\x20\x5e\x00\x80\x02\x00\x00\x1a\x00\x00\x00\xe2\x0e\x00"
"\x36\x72\x50\x52\x56\x00\x00\x00\x18\x54\x01\x00\x00\xe2\x0b\x0c\x10\x72\x80\x80\x7f\x00\x00\x00\xff\xe0\xff\x07\x00\xe2\x0f\x00"
"\x24\x78\x19\x5d\x02\x00\x00\x00\xff\x00\x8e\x07\x00\xe2\x0f\x02\x84\x79\x64\x83\x00\x00\x02\x00\x00\x1a\x00\x00\x00\xe2\x0f\x00"
"\x12\x78\x18\x5b\x04\x00\x00\x00\x60\xf6\x8e\x07\x00\xe2\x0f\x00\x36\x72\x52\x52\x56\x00\x00\x00\x1a\xd4\x01\x00\x00\x62\x0f\x00"
"\x24\x78\x81\x81\x02\x00\x00\x00\xff\x00\x8e\x07\x00\xe2\x0f\x00\x84\x79\x5c\x82\x00\x00\x00\x00\x00\x1a\x00\x00\x00\x22\x0f\x00"
"\x24\x78\x80\x80\x02\x00\x00\x00\xff\x00\x8e\x07\x00\xc4\x0f\x00\x24\x78\x7f\x18\x02\x00\x00\x00\xff\x00\x8e\x07\x00\xe2\x0f\x00"
"\x84\x79\x66\x19\x00\x80\x00\x00\x00\x1a\x00\x00\x00\x22\x0f\x00\x36\x72\x2c\x16\x54\x00\x00\x00\x2c\x54\x00\x00\x00\xe6\x4f\x0c"
"\x84\x79\x5e\x82\x00\x00\x02\x00\x00\x1a\x00\x00\x00\xa2\x0e\x00\x36\x72\x2e\x16\x54\x00\x00\x00\x2e\xd4\x00\x00\x00\xe4\x0f\x0c"
"\x36\x72\x30\x16\x54\x00\x00\x00\x30\x54\x01\x00\x00\xe2\x0f\x0c\x84\x79\x60\x19\x00\x80\x02\x00\x00\x1a\x00\x00\x00\xa2\x0e\x00"
"\x36\x72\x32\x16\x54\x00\x00\x00\x32\xd4\x01\x00\x00\x66\x0b\x04\x84\x79\x5a\x76\x00\x00\x00\x00\x00\x1a\x00\x00\x00\xe2\x0f\x00"
"\x36\x72\x24\x16\x22\x00\x00\x00\x24\x54\x00\x00\x00\xe4\x1f\x0e\x36\x72\x26\x16\x22\x00\x00\x00\x26\xd4\x00\x00\x00\xe2\x0f\x0c"
"\x84\x79\x56\x74\x00\x00\x00\x00\x00\x1a\x00\x00\x00\x22\x0e\x00\x36\x72\x50\x16\x22\x00\x00\x00\x50\x54\x01\x00\x00\xe4\x0f\x0c"
"\x36\x72\x52\x16\x22\x00\x00\x00\x52\xd4\x01\x00\x00\x62\x0b\x00\x84\x79\x58\x7e\x00\x80\x00\x00\x00\x1a\x00\x00\x00\x28\x0e\x00"
"\x84\x79\x54\x76\x00\x00\x02\x00\x00\x1a\x00\x00\x00\xe2\x0f\x00\x36\x72\x2c\x1e\x1c\x00\x00\x00\x2c\x54\x00\x00\x00\xe4\x2f\x0c"
"\x36\x72\x2e\x1e\x1c\x00\x00\x00\x2e\xd4\x00\x00\x00\xe2\x0f\x0c\x84\x79\x16\x74\x00\x00\x02\x00\x00\x1a\x00\x00\x00\x62\x0e\x02"
"\x36\x72\x30\x1e\x1c\x00\x00\x00\x30\x54\x01\x00\x00\xe4\x0f\x0c\x36\x72\x32\x1e\x1c\x00\x00\x00\x32\xd4\x01\x00\x00\x62\x0b\x04"
"\x84\x79\x18\x7e\x00\x80\x02\x00\x00\x1a\x00\x00\x00\x22\x0e\x00\x36\x72\x24\x1e\x20\x00\x00\x00\x24\x54\x00\x00\x00\xe4\x8f\x0c"
"\x36\x72\x26\x1e\x20\x00\x00\x00\x26\xd4\x00\x00\x00\xe2\x0f\x0c\x84\x79\x1a\x81\x00\x00\x00\x00\x00\x1a\x00\x00\x00\xe2\x0f\x00"
"\x36\x72\x50\x1e\x20\x00\x00\x00\x50\x54\x01\x00\x00\xe4\x0f\x0c\x36\x72\x52\x1e\x20\x00\x00\x00\x52\xd4\x01\x00\x00\x64\x0b\x00"
"\x84\x79\x1c\x7f\x00\x00\x00\x00\x00\x1a\x00\x00\x00\xe2\x0e\x02\x36\x72\x2c\x5c\x6a\x00\x00\x00\x2c\x54\x00\x00\x00\xe4\x0f\x0d"
"\x36\x72\x2e\x5c\x6a\x00\x00\x00\x2e\xd4\x00\x00\x00\xe2\x0f\x0c\x84\x79\x1e\x80\x00\x80\x00\x00\x00\x1a\x00\x00\x00\x22\x0f\x00"
"\x36\x72\x30\x5c\x6a\x00\x00\x00\x30\x54\x01\x00\x00\xe4\x0f\x0c\x36\x72\x32\x5c\x6a\x00\x00\x00\x32\xd4\x01\x00\x00\x62\x0f\x04"
"\x84\x79\x20\x81\x00\x00\x02\x00\x00\x1a\x00\x00\x00\xe2\x0f\x00\x36\x72\x24\x5c\x66\x00\x00\x00\x24\x54\x00\x00\x00\xe4\x0f\x0c"
"\x36\x72\x26\x5c\x66\x00\x00\x00\x26\xd4\x00\x00\x00\xe2\x0f\x0c\x84\x79\x22\x7f\x00\x00\x02\x00\x00\x1a\x00\x00\x00\xe2\x0e\x00"
"\x36\x72\x50\x5c\x66\x00\x00\x00\x50\x54\x01\x00\x00\xe4\x0f\x0c\x36\x72\x52\x5c\x66\x00\x00\x00\x52\xd4\x01\x00\x00\x64\x0b\x00"
"\x36\x72\x2c\x5e\x64\x00\x00\x00\x2c\x54\x00\x00\x00\xe2\x4f\x0e\x84\x79\x5c\x80\x00\x80\x02\x00\x00\x1a\x00\x00\x00\xa2\x0e\x00"
"\x36\x72\x2e\x5e\x64\x00\x00\x00\x2e\xd4\x00\x00\x00\xe4\x0f\x0c\x36\x72\x30\x5e\x64\x00\x00\x00\x30\x54\x01\x00\x00\xe4\x0f\x0c"
"\x36\x72\x32\x5e\x64\x00\x00\x00\x32\xd4\x01\x00\x00\x64\x0f\x04\x36\x72\x24\x5e\x60\x00\x00\x00\x24\x54\x00\x00\x00\xe4\x0f\x0c"
"\x36\x72\x26\x5e\x60\x00\x00\x00\x26\xd4\x00\x00\x00\xe4\x0f\x0c\x36\x72\x50\x5e\x60\x00\x00\x00\x50\x54\x01\x00\x00\xe4\x0f\x0c"
"\x36\x72\x52\x5e\x60\x00\x00\x00\x52\xd4\x01\x00\x00\x64\x0f\x00\x36\x72\x2c\x56\x5a\x00\x00\x00\x2c\x54\x00\x00\x00\xe4\x1f\x0e"
"\x36\x72\x2e\x56\x5a\x00\x00\x00\x2e\xd4\x00\x00\x00\xe4\x0f\x0c\x36\x72\x30\x56\x5a\x00\x00\x00\x30\x54\x01\x00\x00\xe4\x0f\x0c"
"\x36\x72\x32\x56\x5a\x00\x00\x00\x32\xd4\x01\x00\x00\x64\x0f\x04\x36\x72\x24\x56\x58\x00\x00\x00\x24\x54\x00\x00\x00\xe4\x0f\x0c"
"\x36\x72\x26\x56\x58\x00\x00\x00\x26\xd4\x00\x00\x00\xe4\x0f\x0c\x36\x72\x50\x56\x58\x00\x00\x00\x50\x54\x01\x00\x00\xe4\x0f\x0c"
"\x36\x72\x52\x56\x58\x00\x00\x00\x52\xd4\x01\x00\x00\x64\x0f\x00\x36\x72\x2c\x16\x54\x00\x00\x00\x2c\x54\x00\x00\x00\xe4\x2f\x0e"
"\x36\x72\x2e\x16\x54\x00\x00\x00\x2e\xd4\x00\x00\x00\xe4\x0f\x0c\x36\x72\x30\x16\x54\x00\x00\x00\x30\x54\x01\x00\x00\xe4\x0f\x0c"
"\x36\x72\x32\x16\x54\x00\x00\x00\x32\xd4\x01\x00\x00\x64\x0f\x04\x36\x72\x24\x16\x18\x00\x00\x00\x24\x54\x00\x00\x00\xe4\x0f\x0c"
"\x36\x72\x26\x16\x18\x00\x00\x00\x26\xd4\x00\x00\x00\xe4\x0f\x0c\x36\x72\x50\x16\x18\x00\x00\x00\x50\x54\x01\x00\x00\xe4\x0f\x0c"
"\x36\x72\x52\x16\x18\x00\x00\x00\x52\xd4\x01\x00\x00\x64\x0b\x00\x36\x72\x2c\x1c\x1a\x00\x00\x00\x2c\x54\x00\x00\x00\xe2\x8f\x0e"
"\x24\x78\x18\x02\x04\x00\x00\x00\xff\x00\x8e\x07\x00\xe2\x0f\x00\x36\x72\x2e\x1c\x1a\x00\x00\x00\x2e\xd4\x00\x00\x00\xe4\x0f\x0c"
"\x36\x72\x30\x1c\x1a\x00\x00\x00\x30\x54\x01\x00\x00\xe4\x0f\x0c\x36\x72\x32\x1c\x1a\x00\x00\x00\x32\xd4\x01\x00\x00\x62\x0f\x04"
"\x12\x78\x19\x18\x00\x02\x00\x00\xff\x3c\x8e\x07\x00\xe2\x0f\x00\x36\x72\x24\x1c\x1e\x00\x00\x00\x24\x54\x00\x00\x00\xe4\x0f\x0d"
"\x36\x72\x26\x1c\x1e\x00\x00\x00\x26\xd4\x00\x00\x00\xe4\x0f\x0c\x36\x72\x50\x1c\x1e\x00\x00\x00\x50\x54\x01\x00\x00\xe4\x0f\x0c"
"\x36\x72\x52\x1c\x1e\x00\x00\x00\x52\xd4\x01\x00\x00\xe2\x0f\x00\x18\x79\x00\x00\x00\x00\x00\x00\x00\x00\x00\x00\x00\xe2\x0f\x00"
"\x1d\x7b\x00\x00\x00\x00\x00\x00\x00\x00\x00\x00\x00\xea\x0f\x00\x36\x72\x2c\x22\x20\x00\x00\x00\x2c\x54\x00\x00\x00\x62\x0f\x0e"
"\x18\x79\x00\x00\x00\x00\x00\x00\x00\x00\x00\x00\x00\xe2\x0f\x00\x1d\x7b\x00\x00\x00\x00\x00\x00\x00\x00\x00\x00\x00\xea\x0f\x00"
"\x36\x72\x2e\x22\x20\x00\x00\x00\x2e\xd4\x00\x00\x00\x64\x0f\x0c\x36\x72\x30\x22\x20\x00\x00\x00\x30\x54\x01\x00\x00\x64\x0f\x0c"
"\x36\x72\x32\x22\x20\x00\x00\x00\x32\xd4\x01\x00\x00\x64\x0f\x04\x09\x78\x17\x2c\x00\x00\x80\xff\x00\x00\x80\x07\x00\xe2\x0f\x02"
"\x36\x72\x24\x22\x5c\x00\x00\x00\x24\x54\x00\x00\x00\x64\x4f\x0c\x36\x72\x26\x22\x5c\x00\x00\x00\x26\xd4\x00\x00\x00\x64\x0f\x0c"
"\x36\x72\x50\x22\x5c\x00\x00\x00\x50\x54\x01\x00\x00\x62\x0f\x0c\x09\x78\x1b\x2e\x00\x00\x80\xff\x00\x00\x80\x07\x00\xe2\x0f\x00"
"\x36\x72\x52\x22\x5c\x00\x00\x00\x52\xd4\x01\x00\x00\x62\x0f\x00\x09\x72\x17\x30\x17\x00\x00\x00\x00\x00\x80\x07\x00\xc4\x0f\x00"
"\x09\x72\x1b\x32\x1b\x00\x00\x00\x00\x00\x80\x07\x00\xe4\x0f\x00\x09\x72\x17\x24\x17\x00\x00\x00\x00\x00\x80\x07\x00\xe4\x0f\x02"
"\x09\x72\x1b\x26\x1b\x00\x00\x00\x00\x00\x80\x07\x00\xe4\x0f\x00\x09\x72\x16\x50\x17\x00\x00\x00\x00\x00\x80\x07\x00\xe4\x0f\x00"
"\x09\x72\x1a\x52\x1b\x00\x00\x00\x00\x00\x80\x07\x00\xe4\x0f\x00\x09\x72\x16\x2d\x16\x00\x00\x00\x00\x00\x80\x07\x00\xc4\x0f\x00"
"\x09\x72\x1a\x2f\x1a\x00\x00\x00\x00\x00\x80\x07\x00\xe4\x0f\x00\x09\x72\x16\x31\x16\x00\x00\x00\x00\x00\x80\x07\x00\xe4\x0f\x00"
"\x09\x72\x1a\x33\x1a\x00\x00\x00\x00\x00\x80\x07\x00\xe4\x0f\x00\x09\x72\x16\x25\x16\x00\x00\x00\x00\x00\x80\x07\x00\xe4\x0f\x00"
"\x09\x72\x1a\x27\x1a\x00\x00\x00\x00\x00\x80\x07\x00\xe4\x0f\x00\x09\x72\x17\x51\x16\x00\x00\x00\x00\x00\x80\x07\x00\xc4\x0f\x00"
"\x09\x72\x1b\x53\x1a\x00\x00\x00\x00\x00\x80\x07\x00\xcc\x0f\x00\x88\x73\x00\x18\x17\x00\xe4\x00\x00\x08\x00\x00\x00\xe8\x0f\x00"
"\x18\x79\x00\x00\x00\x00\x00\x00\x00\x00\x00\x00\x00\xe2\x0f\x00\x1d\x7b\x00\x00\x00\x00\x00\x00\x00\x00\x00\x00\x00\xea\x0f\x00"
"\x84\x79\x16\x19\x00\x00\xe4\x00\x00\x18\x00\x00\x00\x28\x0e\x00\x18\x79\x00\x00\x00\x00\x00\x00\x00\x00\x00\x00\x00\xe2\x0f\x00"
"\x1d\x7b\x00\x00\x00\x00\x00\x00\x00\x00\x00\x00\x00\xea\x0f\x00\x88\x73\x00\x18\x1b\x00\xe4\x00\x00\x08\x00\x00\x00\xe8\x0f\x00"
"\x18\x79\x00\x00\x00\x00\x00\x00\x00\x00\x00\x00\x00\xe2\x0f\x00\x1d\x7b\x00\x00\x00\x00\x00\x00\x00\x00\x00\x00\x00\xea\x0f\x00"
"\x84\x79\x1c\x19\x00\x00\xe4\x00\x00\x18\x00\x00\x00\x62\x0e\x00\x09\x72\x16\x17\x16\x00\x00\x00\x00\x00\x80\x07\x00\xd0\x1f\x00"
"\x89\x7f\x17\x16\x00\x1f\x00\x0d\x00\x00\x0e\x00\x00\x22\x0e\x00\x09\x72\x1c\x1b\x1c\x00\x00\x00\x00\x00\x80\x07\x00\xd0\x2f\x00"
"\x89\x7f\x1d\x1c\x00\x1f\x00\x0d\x00\x00\x0e\x00\x00\x62\x0e\x00\x09\x72\x17\x16\x17\x00\x00\x00\x00\x00\x80\x07\x00\xd0\x1f\x00"
"\x89\x7f\x1a\x17\x00\x1f\x40\x0c\x00\x00\x0e\x00\x00\x22\x0e\x00\x09\x72\x1d\x1c\x1d\x00\x00\x00\x00\x00\x80\x07\x00\xe4\x2f\x00"
"\x09\x72\x1a\x17\x1a\x00\x00\x00\x00\x00\x80\x07\x00\xc8\x1f\x00\x09\x72\x1a\x1a\x77\x00\x00\x00\x00\x00\x80\x07\x00\xe2\x0f\x00"
"\x18\x79\x00\x00\x00\x00\x00\x00\x00\x00\x00\x00\x00\xe2\x0f\x00\x1d\x7b\x00\x00\x00\x00\x00\x00\x00\x00\x00\x00\x00\xea\x0f\x00"
"\x18\x79\x00\x00\x00\x00\x00\x00\x00\x00\x00\x00\x00\xe2\x0f\x00\x1d\x7b\x00\x00\x00\x00\x00\x00\x00\x00\x00\x00\x00\xea\x0f\x00"
"\x0b\x78\x00\x1a\x00\x00\x80\xff\x00\xd0\xf0\x03\x00\xc8\x0f\x00\x08\x72\x60\x1a\xff\x00\x00\x00\x00\x00\x00\x00\x00\xe4\x0f\x00"
"\x89\x7f\x1a\x1d\x00\x1f\x40\x0c\x00\x00\x0e\x00\x00\x24\x0e\x00\x09\x72\x60\x60\x77\x00\x00\x00\x00\x00\x80\x07\x00\xca\x0f\x00"
"\x21\x72\x1b\x2c\x60\x00\x00\x80\x00\x00\x00\x00\x00\xe4\x0f\x10\x21\x72\x2d\x2d\x60\x00\x00\x80\x00\x00\x00\x00\x00\xe4\x0f\x10"
"\x20\x72\x16\x1b\x08\x00\x00\x00\x00\x00\x40\x00\x00\xe4\x0f\x08\x20\x72\x17\x2d\x08\x00\x00\x00\x00\x00\x40\x00\x00\xe4\x0f\x08"
"\x21\x72\x1b\x30\x60\x00\x00\x80\x00\x00\x00\x00\x00\xe2\x0f\x10\x0b\x78\x00\x16\x00\x00\xfc\xc2\x00\xe0\xf6\x03\x00\xe2\x0f\x00"
"\x21\x72\x31\x31\x60\x00\x00\x80\x00\x00\x00\x00\x00\xe2\x0f\x00\x0b\x78\x00\x17\x00\x00\xfc\xc2\x00\xe0\xf8\x03\x00\xe2\x0f\x00"
"\x20\x72\x1b\x1b\x08\x00\x00\x00\x00\x00\x40\x00\x00\xc4\x0f\x00\x20\x72\x2d\x31\x08\x00\x00\x00\x00\x00\x40\x00\x00\xe4\x0f\x00"
"\x21\x72\x1f\x24\x60\x00\x00\x80\x00\x00\x00\x00\x00\xe2\x0f\x10\x0b\x78\x00\x1b\x00\x00\xfc\xc2\x00\xe0\xfa\x03\x00\xe2\x0f\x00"
"\x21\x72\x25\x25\x60\x00\x00\x80\x00\x00\x00\x00\x00\xe2\x0f\x10\x09\x72\x1a\x1d\x1a\x00\x00\x00\x00\x00\x80\x07\x00\xe2\x1f\x00"
"\x20\x72\x1f\x1f\x08\x00\x00\x00\x00\x00\x40\x00\x00\xe2\x0f\x08\x0b\x78\x00\x2d\x00\x00\xfc\xc2\x00\xe0\xfc\x03\x00\xe2\x0f\x00"
"\x21\x72\x1d\x50\x60\x00\x00\x80\x00\x00\x00\x00\x00\xe2\x0f\x00\x09\x72\x1a\x1a\x75\x00\x00\x00\x00\x00\x80\x07\x00\xe2\x0f\x00"
"\x20\xc8\x17\x17\x00\x00\x00\x3f\x00\x00\x40\x00\x00\xe2\x0f\x00\x0b\x78\x00\x1f\x00\x00\xfc\xc2\x00\xe0\xf0\x03\x00\xe2\x0f\x00"
"\x20\x72\x54\x1d\x08\x00\x00\x00\x00\x00\x40\x00\x00\xe2\x0f\x00\x0b\x78\x00\x1a\x00\x00\x80\xff\x00\xd0\xf4\x03\x00\xe2\x0f\x00"
"\x20\xb8\x16\x16\x00\x00\x00\x3f\x00\x00\x40\x00\x00\xc4\x0f\x00\x20\xd8\x1b\x1b\x00\x00\x00\x3f\x00\x00\x40\x00\x00\xe2\x0f\x00"
"\x08\x72\x64\x1a\xff\x00\x00\x00\x00\x00\x00\x01\x00\xe2\x0f\x00\x08\x73\x17\x00\x17\x00\x00\x00\x00\x08\x00\x00\x00\x22\x0e\x00"
"\x20\xe8\x2d\x2d\x00\x00\x00\x3f\x00\x00\x40\x00\x00\xe2\x0f\x00\x0b\x78\x00\x54\x00\x00\xfc\xc2\x00\xe0\xf4\x03\x00\xe2\x0f\x00"
"\x20\x72\x25\x25\x08\x00\x00\x00\x00\x00\x40\x00\x00\xe2\x0f\x00\x09\x72\x64\x64\x75\x00\x00\x00\x00\x00\x80\x07\x00\xe2\x0f\x00"
"\x20\x88\x1f\x1f\x00\x00\x00\x3f\x00\x00\x40\x00\x00\xe4\x0f\x00\x21\x72\x51\x51\x60\x00\x00\x80\x00\x00\x00\x00\x00\xe2\x0f\x00"
"\x08\x73\x2c\x00\x1b\x00\x00\x00\x00\x08\x00\x00\x00\xa2\x02\x00\x21\x72\x1d\x32\x64\x00\x00\x80\x00\x00\x00\x00\x00\xe2\x0f\x10"
"\x0b\x78\x00\x25\x00\x00\xfc\xc2\x00\xe0\xf2\x03\x00\xe2\x0f\x00\x21\x72\x21\x52\x64\x00\x00\x80\x00\x00\x00\x00\x00\xc4\x0f\x00"
"\x20\x72\x1d\x1d\x08\x00\x00\x00\x00\x00\x40\x00\x00\xe4\x0f\x08\x20\xa8\x54\x54\x00\x00\x00\x3f\x00\x00\x40\x00\x00\xe2\x0f\x00"
"\x08\x73\x2d\x00\x2d\x00\x00\x00\x00\x08\x00\x00\x00\xe2\x0e\x00\x21\x72\x1b\x2e\x64\x00\x00\x80\x00\x00\x00\x00\x00\xe2\x2f\x00"
"\x19\x78\x2e\xff\x04\x00\x00\x00\x02\x14\x01\x00\x00\xe2\x0f\x00\x20\xc2\x17\x17\x17\x00\x00\x00\x00\x00\x40\x00\x00\xe4\x1f\x00"
"\x20\x72\x1b\x1b\x08\x00\x00\x00\x00\x00\x40\x00\x00\xe4\x0f\x00\x21\x72\x2f\x2f\x64\x00\x00\x80\x00\x00\x00\x00\x00\xe2\x0f\x00"
"\x08\x73\x30\x00\x1f\x00\x00\x00\x00\x08\x00\x00\x00\x62\x00\x00\x20\xd2\x2c\x2c\x2c\x00\x00\x00\x00\x00\x40\x00\x00\xe2\x4f\x00"
"\x0b\x78\x00\x1b\x00\x00\xfc\xc2\x00\xe0\xf8\x03\x00\xe2\x0f\x00\x20\x72\x21\x21\x08\x00\x00\x00\x00\x00\x40\x00\x00\xe2\x0f\x08"
"\x0b\x78\x00\x1d\x00\x00\xfc\xc2\x00\xe0\xfa\x03\x00\xe2\x0f\x00\x20\x72\x2f\x2f\x08\x00\x00\x00\x00\x00\x40\x00\x00\xc4\x0f\x00"
"\x21\x72\x33\x33\x64\x00\x00\x80\x00\x00\x00\x00\x00\xe2\x0f\x10\x08\x73\x54\x00\x54\x00\x00\x00\x00\x08\x00\x00\x00\xa2\x0e\x00"
"\x21\x72\x1f\x26\x64\x00\x00\x80\x00\x00\x00\x00\x00\xe4\x1f\x00\x20\xe2\x2d\x2d\x2d\x00\x00\x00\x00\x00\x40\x00\x00\xe4\x8f\x00"
"\x20\x72\x1f\x1f\x08\x00\x00\x00\x00\x00\x40\x00\x00\xe4\x0f\x00\x20\xc8\x1b\x1b\x00\x00\x00\x3f\x00\x00\x40\x00\x00\xe2\x0f\x00"
"\x08\x73\x16\x00\x16\x00\x00\x00\x00\x08\x00\x00\x00\x22\x0e\x00\x20\xd8\x1d\x1d\x00\x00\x00\x3f\x00\x00\x40\x00\x00\xe2\x0f\x00"
"\x0b\x78\x00\x1f\x00\x00\xfc\xc2\x00\xe0\xfc\x03\x00\xe2\x0f\x00\x20\x82\x30\x30\x30\x00\x00\x00\x00\x00\x40\x00\x00\xe2\x2f\x00"
"\x0b\x78\x00\x2f\x00\x00\xfc\xc2\x00\xe0\xf0\x03\x00\xe2\x0f\x00\x20\x72\x33\x33\x08\x00\x00\x00\x00\x00\x40\x00\x00\xc4\x0f\x00"
"\x21\x72\x27\x27\x64\x00\x00\x80\x00\x00\x00\x00\x00\xe2\x0f\x10\x08\x73\x56\x00\x1b\x00\x00\x00\x00\x08\x00\x00\x00\xe2\x02\x00"
"\x20\xa2\x54\x54\x54\x00\x00\x00\x00\x00\x40\x00\x00\xe2\x4f\x00\x0b\x78\x00\x21\x00\x00\xfc\xc2\x00\xe0\xf4\x03\x00\xe2\x0f\x00"
"\x20\x72\x51\x51\x08\x00\x00\x00\x00\x00\x40\x00\x00\xe4\x0f\x08\x20\x72\x27\x27\x08\x00\x00\x00\x00\x00\x40\x00\x00\xe4\x0f\x00"
"\x20\xe8\x1f\x1f\x00\x00\x00\x3f\x00\x00\x40\x00\x00\xe2\x0f\x00\x08\x73\x52\x00\x1d\x00\x00\x00\x00\x08\x00\x00\x00\x22\x05\x00"
"\x21\x72\x1b\x53\x64\x00\x00\x80\x00\x00\x00\x00\x00\xc4\x2f\x00\x20\xb2\x16\x16\x16\x00\x00\x00\x00\x00\x40\x00\x00\xe2\x1f\x00"
"\x0b\x78\x00\x51\x00\x00\xfc\xc2\x00\xe0\xf6\x03\x00\xe2\x0f\x00\x20\x72\x1b\x1b\x08\x00\x00\x00\x00\x00\x40\x00\x00\xe4\x0f\x00"
"\x20\xa8\x21\x21\x00\x00\x00\x3f\x00\x00\x40\x00\x00\xe2\x0f\x00\x08\x73\x57\x00\x1f\x00\x00\x00\x00\x08\x00\x00\x00\x22\x0e\x00"
"\x20\xc2\x56\x56\x56\x00\x00\x00\x00\x00\x40\x00\x00\xe2\x8f\x00\x0b\x78\x00\x33\x00\x00\xfc\xc2\x00\xe0\xf8\x03\x00\xe2\x0f\x00"
"\x20\x88\x2f\x2f\x00\x00\x00\x3f\x00\x00\x40\x00\x00\xe4\x0f\x00\x20\x98\x25\x25\x00\x00\x00\x3f\x00\x00\x40\x00\x00\xc4\x0f\x00"
"\x21\x72\x1d\xff\x16\x00\x00\x00\x00\x00\x00\x00\x00\xe2\x4f\x00\x08\x73\x53\x00\x21\x00\x00\x00\x00\x08\x00\x00\x00\x62\x0e\x00"
"\x20\xd2\x52\x52\x52\x00\x00\x00\x00\x00\x40\x00\x00\xe2\x0f\x01\x0b\x78\x00\x27\x00\x00\xfc\xc2\x00\xe0\xfa\x03\x00\xe2\x0f\x00"
"\x20\xb8\x51\x51\x00\x00\x00\x3f\x00\x00\x40\x00\x00\xe4\x0f\x00\x21\x72\x1d\x2c\x1d\x00\x00\x00\x00\x00\x00\x00\x00\xe4\x0f\x00"
"\x20\xc8\x33\x33\x00\x00\x00\x3f\x00\x00\x40\x00\x00\xe2\x0f\x00\x08\x73\x58\x00\x2f\x00\x00\x00\x00\x08\x00\x00\x00\xa2\x0e\x00"
"\x20\xe2\x57\x57\x57\x00\x00\x00\x00\x00\x40\x00\x00\xe2\x1f\x00\x0b\x78\x00\x1b\x00\x00\xfc\xc2\x00\xe0\xfc\x03\x00\xe2\x0f\x00"
"\x21\x72\x1f\xff\x56\x00\x00\x00\x00\x00\x00\x00\x00\xc4\x0f\x00\x21\x72\x1d\x30\x1d\x00\x00\x00\x00\x00\x00\x00\x00\xe4\x0f\x00"
"\x20\xd8\x27\x27\x00\x00\x00\x3f\x00\x00\x40\x00\x00\xe2\x0f\x00\x08\x73\x31\x00\x25\x00\x00\x00\x00\x08\x00\x00\x00\x22\x0e\x00"
"\x21\x72\x1c\x52\x1f\x00\x00\x00\x00\x00\x00\x00\x00\xe4\x0f\x00\x21\x72\x1a\x54\x1d\x00\x00\x00\x00\x00\x00\x00\x00\xe4\x0f\x00"
"\x20\xa2\x53\x53\x53\x00\x00\x00\x00\x00\x40\x00\x00\xe4\x2f\x00\x20\xe8\x1b\x1b\x00\x00\x00\x3f\x00\x00\x40\x00\x00\xe2\x0f\x00"
"\x08\x73\x59\x00\x33\x00\x00\x00\x00\x08\x00\x00\x00\x62\x0e\x00\x21\x72\x1c\x57\x1c\x00\x00\x00\x00\x00\x00\x00\x00\xc4\x0f\x00"
"\x21\x72\x1a\x17\x1a\x00\x00\x00\x00\x00\x00\x00\x00\xe4\x0f\x00\x20\x82\x58\x58\x58\x00\x00\x00\x00\x00\x40\x00\x00\xe4\x4f\x00"
"\x21\x72\x1d\x53\x1c\x00\x00\x00\x00\x00\x00\x00\x00\xe2\x0f\x00\x08\x73\x55\x00\x51\x00\x00\x00\x00\x08\x00\x00\x00\xa2\x0e\x00"
"\x20\x92\x31\x31\x31\x00\x00\x00\x00\x00\x40\x00\x00\xe4\x1f\x00\x21\x72\x1a\x2d\x1a\x00\x00\x00\x00\x00\x00\x00\x00\xe4\x0f\x00"
"\x21\x72\x1c\x58\x1d\x00\x00\x00\x00\x00\x00\x00\x00\xc4\x0f\x00\x21\x72\x1a\x31\x1a\x00\x00\x00\x00\x00\x00\x00\x00\xe2\x0f\x00"
"\x08\x73\x5a\x00\x27\x00\x00\x00\x00\x08\x00\x00\x00\x22\x0e\x00\x20\xc2\x59\x59\x59\x00\x00\x00\x00\x00\x40\x00\x00\xe4\x2f\x00"
"\x24\x78\x5d\x06\x01\x00\x00\x00\x2e\x02\x8e\x07\x00\xe4\x0f\x00\x21\x72\x1d\x59\x1c\x00\x00\x00\x00\x00\x00\x00\x00\xc6\x0f\x00"
"\x08\x73\x5b\x00\x1b\x00\x00\x00\x00\x08\x00\x00\x00\xe2\x02\x00\x20\xb2\x55\x55\x55\x00\x00\x00\x00\x00\x40\x00\x00\xe2\x4f\x00"
"\x11\x72\x5c\x12\x5d\x00\x00\x00\xff\x30\x8e\x07\x00\xe2\x0f\x00\x20\xd2\x5a\x5a\x5a\x00\x00\x00\x00\x00\x40\x00\x00\xe4\x1f\x00"
"\x21\x72\x1b\x55\x1a\x00\x00\x00\x00\x00\x00\x00\x00\xe4\x2f\x00\x21\x72\x1a\x5a\x1d\x00\x00\x00\x00\x00\x00\x00\x00\xe4\x0f\x00"
"\x20\xe2\x5b\x5b\x5b\x00\x00\x00\x00\x00\x40\x00\x00\xc8\x8f\x00\x88\x73\x00\x18\x1b\x00\xe0\x00\x00\x08\x00\x00\x00\xe2\x0f\x00"
"\x21\x72\x1f\x5b\x1a\x00\x00\x00\x00\x00\x00\x00\x00\xc6\x0f\x00\x18\x79\x00\x00\x00\x00\x00\x00\x00\x00\x00\x00\x00\xe2\x0f\x00"
"\x1d\x7b\x00\x00\x00\x00\x00\x00\x00\x00\x00\x00\x00\xea\x0f\x00\x84\x79\x1a\x19\x00\x00\xe0\x00\x00\x18\x00\x00\x00\x28\x0e\x00"
"\x18\x79\x00\x00\x00\x00\x00\x00\x00\x00\x00\x00\x00\xe2\x0f\x00\x1d\x7b\x00\x00\x00\x00\x00\x00\x00\x00\x00\x00\x00\xea\x0f\x00"
"\x88\x73\x00\x18\x1f\x00\xe0\x00\x00\x08\x00\x00\x00\xe8\x0f\x00\x18\x79\x00\x00\x00\x00\x00\x00\x00\x00\x00\x00\x00\xe2\x0f\x00"
"\x1d\x7b\x00\x00\x00\x00\x00\x00\x00\x00\x00\x00\x00\xea\x0f\x00\x84\x79\x1c\x19\x00\x00\xe0\x00\x00\x18\x00\x00\x00\x68\x0e\x00"
"\x18\x79\x00\x00\x00\x00\x00\x00\x00\x00\x00\x00\x00\xe2\x0f\x00\x1d\x7b\x00\x00\x00\x00\x00\x00\x00\x00\x00\x00\x00\xea\x0f\x00"
"\x21\x72\x19\x64\x75\x00\x00\x00\x00\x01\x00\x00\x00\xe2\x0f\x00\x88\x73\x00\x13\xff\x00\x80\x00\x00\x0c\x00\x00\x00\xe6\x0f\x00"
"\x20\x72\x19\x19\x08\x00\x00\x00\x00\x00\x40\x00\x00\xe2\x0f\x00\x88\x73\x00\x13\xff\x00\x90\x00\x00\x0c\x00\x00\x00\xe8\x0f\x00"
"\x0b\x78\x00\x19\x00\x00\xfc\xc2\x00\xe0\xf2\x03\x00\xe2\x0f\x00\x88\x73\x00\x13\xff\x00\xa0\x00\x00\x0c\x00\x00\x00\xe2\x0f\x00"
"\x21\x72\x1a\x1b\x1a\x00\x00\x00\x00\x00\x00\x00\x00\xc6\x1f\x00\x88\x73\x00\x13\xff\x00\xb0\x00\x00\x0c\x00\x00\x00\xe2\x0f\x00"
"\x21\x72\x1b\x60\x77\x00\x00\x00\x00\x01\x00\x00\x00\xc8\x0f\x00\x20\x72\x1b\x1b\x08\x00\x00\x00\x00\x00\x40\x00\x00\xe2\x0f\x00"
"\x89\x7f\x1d\x1a\x00\x1f\x00\x0d\x00\x00\x0e\x00\x00\x22\x0e\x00\x20\x98\x19\x19\x00\x00\x00\x3f\x00\x00\x40\x00\x00\xc6\x0f\x00"
"\x18\x79\x00\x00\x00\x00\x00\x00\x00\x00\x00\x00\x00\xe2\x0f\x00\x1d\x7b\x00\x00\x00\x00\x00\x00\x00\x00\x00\x00\x00\xea\x0f\x00"
"\x0b\x78\x00\x1b\x00\x00\xfc\xc2\x00\xe0\xf0\x03\x00\xe2\x0f\x00\x21\x72\x1c\x1f\x1c\x00\x00\x00\x00\x00\x00\x00\x00\xd0\x2f\x00"
"\x89\x7f\x21\x1c\x00\x1f\x00\x0d\x00\x00\x0e\x00\x00\x66\x0e\x00\x20\x88\x1b\x1b\x00\x00\x00\x3f\x00\x00\x40\x00\x00\xe4\x0f\x00"
"\x21\x72\x1d\x1a\x1d\x00\x00\x00\x00\x00\x00\x00\x00\xc8\x1f\x00\x08\x73\x1a\x00\x1b\x00\x00\x00\x00\x08\x00\x00\x00\x28\x0e\x00"
"\x89\x7f\x18\x1d\x00\x1f\x40\x0c\x00\x00\x0e\x00\x00\xa2\x0e\x00\x21\x72\x21\x1c\x21\x00\x00\x00\x00\x00\x00\x00\x00\xe4\x2f\x00"
"\x20\x82\x1a\x1a\x1a\x00\x00\x00\x00\x00\x40\x00\x00\xe2\x1f\x00\x0c\x72\x00\x5c\x70\x00\x00\x00\x70\x62\xf0\x03\x00\xc6\x0f\x00"
"\x20\x72\x24\x1a\x34\x00\x00\x00\x00\x00\x40\x00\x00\xe2\x0f\x00\x0c\x72\x00\x5c\x05\x00\x00\x00\x70\x66\x70\x00\x00\xe2\x0f\x00"
"\x89\x7f\x1e\x21\x00\x1f\x40\x0c\x00\x00\x0e\x00\x00\x22\x0e\x00\x20\x72\x25\x1a\x35\x00\x00\x00\x00\x00\x40\x00\x00\xe4\x0f\x04"
"\x20\x72\x28\x1a\x28\x00\x00\x00\x00\x00\x40\x00\x00\xe4\x0f\x04\x20\x72\x29\x1a\x29\x00\x00\x00\x00\x00\x40\x00\x00\xe4\x0f\x04"
"\x21\x72\x18\x1d\x18\x00\x00\x00\x00\x00\x00\x00\x00\xe4\x4f\x00\x20\x72\x38\x1a\x38\x00\x00\x00\x00\x00\x40\x00\x00\xc4\x0f\x00"
"\x23\x72\x15\x1a\x15\x00\x00\x00\x18\x00\x00\x00\x00\xe4\x0f\x04\x20\x72\x39\x1a\x39\x00\x00\x00\x00\x00\x40\x00\x00\xe4\x0f\x04"
"\x20\x72\x1c\x1a\x3c\x00\x00\x00\x00\x00\x40\x00\x00\xe4\x0f\x04\x20\x72\x1d\x1a\x3d\x00\x00\x00\x00\x00\x40\x00\x00\xe4\x0f\x04"
"\x20\x72\x40\x1a\x40\x00\x00\x00\x00\x00\x40\x00\x00\xe4\x0f\x04\x20\x72\x41\x1a\x41\x00\x00\x00\x00\x00\x40\x00\x00\xc4\x0f\x00"
"\x20\x72\x34\x1a\x44\x00\x00\x00\x00\x00\x40\x00\x00\xe4\x0f\x04\x21\x72\x20\x21\x1e\x00\x00\x00\x00\x00\x00\x00\x00\xe4\x1f\x00"
"\x08\x73\x21\x00\x19\x00\x00\x00\x00\x08\x00\x00\x00\x62\x00\x00\x20\x72\x35\x1a\x45\x00\x00\x00\x00\x00\x40\x00\x00\xe4\x0f\x04"
"\x20\x72\x48\x1a\x48\x00\x00\x00\x00\x00\x40\x00\x00\xe4\x0f\x04\x20\x72\x49\x1a\x49\x00\x00\x00\x00\x00\x40\x00\x00\xe4\x0f\x04"
"\x20\x72\x18\x1a\x4c\x00\x00\x00\x00\x00\x40\x00\x00\xc4\x0f\x00\x20\x72\x19\x1a\x4d\x00\x00\x00\x00\x00\x40\x00\x00\xe4\x1f\x00"
"\x20\x92\x21\x21\x21\x00\x00\x00\x00\x00\x40\x00\x00\xc8\x2f\x00\x20\x72\x26\x21\x36\x00\x00\x00\x00\x00\x40\x00\x00\xe4\x0f\x04"
"\x20\x72\x27\x21\x37\x00\x00\x00\x00\x00\x40\x00\x00\xe4\x0f\x04\x20\x72\x2a\x21\x2a\x00\x00\x00\x00\x00\x40\x00\x00\xe4\x0f\x04"
"\x20\x72\x2b\x21\x2b\x00\x00\x00\x00\x00\x40\x00\x00\xe4\x0f\x04\x20\x72\x3a\x21\x3a\x00\x00\x00\x00\x00\x40\x00\x00\xe4\x0f\x04"
"\x20\x72\x3b\x21\x3b\x00\x00\x00\x00\x00\x40\x00\x00\xc4\x0f\x00\x20\x72\x1e\x21\x3e\x00\x00\x00\x00\x00\x40\x00\x00\xe4\x0f\x04"
"\x20\x72\x1f\x21\x3f\x00\x00\x00\x00\x00\x40\x00\x00\xe4\x0f\x04\x20\x72\x42\x21\x42\x00\x00\x00\x00\x00\x40\x00\x00\xe4\x0f\x04"
"\x20\x72\x43\x21\x43\x00\x00\x00\x00\x00\x40\x00\x00\xe4\x0f\x04\x20\x72\x36\x21\x46\x00\x00\x00\x00\x00\x40\x00\x00\xe4\x0f\x04"
"\x20\x72\x37\x21\x47\x00\x00\x00\x00\x00\x40\x00\x00\xc4\x0f\x00\x20\x72\x4a\x21\x4a\x00\x00\x00\x00\x00\x40\x00\x00\xe4\x0f\x04"
"\x20\x72\x4b\x21\x4b\x00\x00\x00\x00\x00\x40\x00\x00\xe4\x0f\x04\x20\x72\x1a\x21\x4e\x00\x00\x00\x00\x00\x40\x00\x00\xe4\x0f\x04"
"\x20\x72\x1b\x21\x4f\x00\x00\x00\x00\x00\x40\x00\x00\xe4\x0f\x04\x23\x72\x14\x21\x14\x00\x00\x00\x20\x00\x00\x00\x00\xe2\x0f\x00"
"\x47\x09\x00\x00\x60\x07\x00\x00\x00\x00\x80\x03\x00\xea\x0f\x00\x11\x72\x20\x5d\x12\x00\x00\x00\xff\xd2\x8f\x07\x00\xe2\x0f\x00"
"\x55\x73\xff\x01\x00\x00\x00\x00\x00\x00\x10\x00\x00\xe2\x0f\x00\x45\x79\x01\x00\x90\x03\x00\x00\x00\x00\x80\x03\x00\xe2\x0f\x00"
"\x24\x72\x3c\xff\xff\x00\x00\x00\xff\x00\x8e\x07\x00\xe2\x0f\x00\x0c\x78\x00\x20\xff\x00\x00\x00\x70\x42\xf0\x03\x00\xd8\x0f\x00"
"\x47\x09\x00\x00\x50\x03\x00\x00\x00\x00\x80\x03\x00\xea\x0f\x00\x0c\x72\x00\x79\xff\x00\x00\x00\x70\x50\xf0\x03\x00\xd8\x0f\x00"
"\x47\x89\x00\x00\xf0\x00\x00\x00\x00\x00\x80\x03\x00\xea\x0f\x00\x24\x72\x65\xff\xff\x00\x00\x00\x78\x00\x8e\x07\x00\xe2\x0f\x00"
"\x02\x78\x5e\x00\x50\xb7\x00\x00\x00\x0f\x00\x00\x00\xe2\x0f\x00\x24\x72\x66\xff\xff\x00\x00\x00\x79\x00\x8e\x07\x00\xe4\x0f\x00"
"\x24\x72\x61\xff\xff\x00\x00\x00\x0b\x00\x8e\x07\x00\xe4\x0f\x00\x24\x72\x5f\xff\xff\x00\x00\x00\x0c\x00\x8e\x07\x00\xc8\x0f\x00"
"\x44\x79\x00\x00\x20\x62\x00\x00\x00\x00\xc0\x03\x00\xea\x0f\x00\x10\x72\x33\xff\x22\x00\x00\x80\xff\xe0\xf1\x07\x00\xe2\x0f\x00"
"\x24\x72\x21\xff\xff\x00\x00\x00\x79\x00\x8e\x07\x00\xc6\x0f\x00\x10\x72\x20\xff\x23\x00\x00\x80\xff\xe4\x7f\x00\x00\xca\x0f\x00"
"\x24\x72\x32\x20\x0b\x00\x00\x00\xff\x02\x8e\x07\x00\xe4\x0f\x00\x24\x72\x20\xff\xff\x00\x00\x00\x78\x00\x8e\x07\x00\xc8\x0f\x00"
"\x25\x72\x20\x0b\x33\x00\x00\x00\x20\x00\x8e\x07\x00\xc8\x0f\x00\x24\x72\x33\x0c\x33\x00\x00\x00\x32\x02\x8e\x07\x00\xc8\x0f\x00"
"\x24\x78\x21\x21\x01\x00\x00\x00\x33\x02\x8e\x07\x00\xe2\x0f\x00\x47\x79\x00\x00\x50\x01\x00\x00\x00\x00\x80\x03\x00\xea\x0f\x00"
"\x06\x73\x22\x00\x0b\x00\x00\x00\x00\x90\x20\x00\x00\x22\x0e\x00\x0c\x72\x00\x0b\xff\x00\x00\x00\x70\x50\xf4\x03\x00\xce\x0f\x00"
"\x08\x73\x22\x00\x22\x00\x00\x00\x00\x10\x00\x00\x00\x24\x1e\x00\x10\x78\x23\x22\xfe\xff\xff\x0f\xff\xe0\xff\x07\x00\xcc\x1f\x00"
"\x05\x73\x21\x00\x23\x00\x00\x00\x00\xf0\x21\x00\x00\x64\x00\x00\x24\x72\x23\xff\xff\x00\x00\x00\xff\x00\x8e\x07\x00\xe4\x1f\x00"
"\x24\x72\x20\xff\xff\x00\x00\x00\x21\x0a\x8e\x07\x00\xc8\x2f\x00\x24\x72\x33\x20\x0b\x00\x00\x00\xff\x02\x8e\x07\x00\xe4\x0f\x00"
"\x24\x72\x20\xff\xff\x00\x00\x00\xff\x00\x8e\x07\x00\xc8\x0f\x00\x25\x72\x20\x21\x33\x00\x00\x00\x20\x00\x8e\x07\x00\xcc\x0f\x00"
"\x25\x72\x20\x21\x78\x00\x00\x00\xff\x00\x8e\x07\x00\xca\x0f\x00\x02\x72\x22\x00\x21\x00\x00\x00\x00\x0f\x00\x00\x00\xe2\x0f\x00"
"\x24\x72\x21\xff\xff\x00\x00\x00\xff\x00\x8e\x07\x00\xc8\x0f\x00\x24\x72\x20\xff\xff\x00\x00\x00\x22\x0a\x8e\x07\x00\xc8\x0f\x00"
"\x24\x72\x20\x0b\x20\x00\x00\x00\x78\x02\x8e\x07\x00\xca\x0f\x00\x0c\x72\x00\x20\x0b\x00\x00\x00\x70\x60\xf0\x03\x00\xd8\x0f\x00"
"\x24\x08\x20\x20\x01\x00\x00\x00\x0b\x0a\x8e\x07\x00\xe2\x0f\x00\x10\x08\x22\x22\x01\x00\x00\x00\xff\xe0\xff\x07\x00\xc8\x0f\x00"
"\x0c\x72\x00\x20\x0b\x00\x00\x00\x70\x60\xf2\x03\x00\xd8\x0f\x00\x10\x18\x22\x22\x01\x00\x00\x00\xff\xe0\xff\x07\x00\xc8\x0f\x00"
"\x12\xa2\x22\xff\x0b\x00\x00\x00\xff\x33\x8e\x07\x00\xe4\x0f\x00\x19\x78\x33\xff\x1f\x00\x00\x00\x21\x14\x01\x00\x00\xe4\x0f\x10"
"\x19\x78\x21\xff\x1f\x00\x00\x00\x21\x14\x01\x00\x00\xe4\x0f\x00\x10\x78\x33\x22\x01\x00\x00\x00\x33\xe0\x91\x07\x00\xe4\x0f\x00"
"\x19\x78\x2f\xff\x1f\x00\x00\x00\x2e\x14\x01\x00\x00\xe4\x0f\x00\x10\x72\x23\x23\xff\x00\x00\x00\x21\x24\x7e\x00\x00\xc6\x0f\x00"
"\x25\x72\x20\x00\x33\x00\x00\x00\x2e\x00\x8e\x07\x00\xc8\x0f\x00\x24\x72\x22\x23\x00\x00\x00\x00\xff\x02\x8e\x07\x00\xc8\x0f\x00"
"\x24\x72\x33\x11\x33\x00\x00\x00\x22\x02\x8e\x07\x00\xc8\x0f\x00\x24\x78\x21\x21\x01\x00\x00\x00\x33\x02\x8e\x07\x00\xca\x0f\x00"
"\x19\x78\x20\x20\x04\x00\x00\x00\x21\x10\x00\x00\x00\xe4\x0f\x10\x19\x78\x21\xff\x04\x00\x00\x00\x21\x14\x01\x00\x00\xca\x0f\x00"
"\x25\x78\x20\x12\x04\x00\x00\x00\x20\x00\x8e\x07\x00\xca\x0f\x00\x11\x7a\x3c\x20\x00\x62\x00\x00\xff\x10\x80\x07\x00\xc8\x0f\x00"
"\x11\x7a\x3d\x20\x00\x63\x00\x00\x21\x14\x0f\x00\x00\xd0\x0f\x00\x81\x73\x3c\x3c\x00\x00\x00\x00\x00\x69\x1e\x00\x00\x24\x01\x00"
"\x41\x79\x01\x00\x00\x00\x00\x00\x00\x00\x80\x03\x00\xea\x0f\x00\x0c\x78\x00\x3c\x00\x04\x00\x00\x70\x60\xf0\x03\x00\xe2\x0f\x01"
"\x55\x73\xff\x01\x00\x00\x00\x00\x00\x00\x10\x00\x00\xe2\x0f\x00\x45\x79\x01\x00\x60\x03\x00\x00\x00\x00\x80\x03\x00\xf4\x0f\x00"
"\x05\x08\x20\x00\x00\x00\x00\x00\x00\xff\x01\x00\x00\xe2\x0f\x00\x05\x08\x22\x00\x00\x00\x00\x00\x00\xff\x01\x00\x00\xe2\x0f\x00"
"\x47\x09\x00\x00\x20\x03\x00\x00\x00\x00\x80\x03\x00\xea\x0f\x00\x0c\x72\x00\x79\xff\x00\x00\x00\x70\x50\xf0\x03\x00\xd8\x0f\x00"
"\x47\x89\x00\x00\xf0\x00\x00\x00\x00\x00\x80\x03\x00\xea\x0f\x00\x02\x72\x65\x00\x78\x00\x00\x00\x00\x0f\x00\x00\x00\xe2\x0f\x00"
"\x24\x72\x66\xff\xff\x00\x00\x00\x79\x00\x8e\x07\x00\xe2\x0f\x00\x02\x78\x5e\x00\x10\xbb\x00\x00\x00\x0f\x00\x00\x00\xe2\x0f\x00"
"\x24\x72\x61\xff\xff\x00\x00\x00\x0b\x00\x8e\x07\x00\xe4\x0f\x00\x24\x72\x5f\xff\xff\x00\x00\x00\x0c\x00\x8e\x07\x00\xc8\x0f\x00"
"\x44\x79\x00\x00\x60\x5e\x00\x00\x00\x00\xc0\x03\x00\xea\x1f\x00\x10\x72\x33\xff\x22\x00\x00\x80\xff\xe0\xf1\x07\x00\xe4\x0f\x00"
"\x02\x72\x21\x00\x79\x00\x00\x00\x00\x0f\x00\x00\x00\xc6\x0f\x00\x24\x72\x20\xff\xff\x00\x00\x00\x23\x0e\x0e\x00\x00\xc8\x0f\x00"
"\x24\x72\x23\x20\x0b\x00\x00\x00\xff\x02\x8e\x07\x00\xe4\x0f\x00\x24\x72\x20\xff\xff\x00\x00\x00\x78\x00\x8e\x07\x00\xe4\x0f\x00"
"\x24\x72\x23\x0c\x33\x00\x00\x00\x23\x02\x8e\x07\x00\xe4\x0f\x08\x25\x72\x20\x0b\x33\x00\x00\x00\x20\x00\x8e\x07\x00\xc8\x0f\x00"
"\x24\x78\x21\x21\x01\x00\x00\x00\x23\x02\x8e\x07\x00\xe2\x0f\x00\x47\x79\x00\x00\x40\x01\x00\x00\x00\x00\x80\x03\x00\xea\x0f\x00"
"\x06\x73\x22\x00\x0b\x00\x00\x00\x00\x90\x20\x00\x00\x62\x0e\x00\x0c\x72\x00\x0b\xff\x00\x00\x00\x70\x50\xf4\x03\x00\xce\x0f\x00"
"\x08\x73\x22\x00\x22\x00\x00\x00\x00\x10\x00\x00\x00\x64\x2e\x00\x10\x78\x23\x22\xfe\xff\xff\x0f\xff\xe0\xff\x07\x00\xcc\x2f\x00"
"\x05\x73\x21\x00\x23\x00\x00\x00\x00\xf0\x21\x00\x00\x64\x0e\x00\x24\x72\x20\xff\xff\x00\x00\x00\x21\x0a\x8e\x07\x00\xc8\x2f\x00"
"\x24\x72\x33\x20\x0b\x00\x00\x00\xff\x02\x8e\x07\x00\xe4\x0f\x00\x24\x72\x20\xff\xff\x00\x00\x00\xff\x00\x8e\x07\x00\xc8\x0f\x00"
"\x25\x72\x20\x21\x33\x00\x00\x00\x20\x00\x8e\x07\x00\xcc\x0f\x00\x25\x72\x20\x21\x78\x00\x00\x00\xff\x00\x8e\x07\x00\xc8\x0f\x00"
"\x24\x72\x22\xff\xff\x00\x00\x00\x21\x00\x8e\x07\x00\xe4\x0f\x00\x24\x72\x21\xff\xff\x00\x00\x00\xff\x00\x8e\x07\x00\xe4\x0f\x00"
"\x24\x72\x20\xff\xff\x00\x00\x00\x22\x0a\x8e\x07\x00\xc8\x0f\x00\x24\x72\x20\x0b\x20\x00\x00\x00\x78\x02\x8e\x07\x00\xca\x0f\x00"
"\x0c\x72\x00\x20\x0b\x00\x00\x00\x70\x60\xf0\x03\x00\xd8\x0f\x00\x10\x02\x20\x20\x0b\x00\x00\x80\xff\xe0\xff\x07\x00\xe4\x0f\x08"
"\x10\x08\x22\x22\x01\x00\x00\x00\xff\xe0\xff\x07\x00\xe4\x0f\x00\x0c\x72\x00\x20\x0b\x00\x00\x00\x70\x60\xf2\x03\x00\xd8\x0f\x00"
"\x10\x18\x22\x22\x01\x00\x00\x00\xff\xe0\xff\x07\x00\xc8\x0f\x00\x12\xa2\x22\xff\x0b\x00\x00\x00\xff\x33\x8e\x07\x00\xe4\x0f\x00"
"\x19\x78\x21\xff\x1f\x00\x00\x00\x21\x14\x01\x00\x00\xe4\x0f\x00\x12\x78\x20\x7c\x78\x00\x00\x00\x10\xf8\x8e\x07\x00\xe4\x0f\x00"
"\x10\x78\x22\x22\x01\x00\x00\x00\x21\xe0\xff\x07\x00\xe2\x0f\x00\x24\x72\x21\xff\xff\x00\x00\x00\x7d\x00\x8e\x07\x00\xc8\x0f\x00"
"\x24\x72\x22\x00\x22\x00\x00\x00\x0d\x02\x8e\x07\x00\xe4\x0f\x00\x25\x78\x3c\x3c\x00\x10\x00\x00\x20\x02\x8e\x07\x00\xc8\x1f\x00"
"\x24\x78\x22\x22\x00\x01\x00\x00\xff\x00\x8e\x07\x00\xca\x0f\x00\x12\x78\x21\x22\x00\x0f\x00\x00\xff\xc0\x8e\x07\x00\xc8\x0f\x00"
"\x10\x72\x21\x3c\x21\x00\x00\x00\xff\xe0\xf1\x07\x00\xca\x0f\x00\x24\x72\x3c\xff\xff\x00\x00\x00\x3d\x06\x0e\x00\x00\xe2\x0f\x00"
"\x11\x7a\x20\x21\x00\x60\x00\x00\xff\x08\x80\x07\x00\xc8\x0f\x00\x11\x7a\x21\x21\x00\x61\x00\x00\x3c\x0c\x0f\x00\x00\xd0\x0f\x00"
"\x81\x73\x20\x20\x00\x00\x00\x00\x00\x6d\x1e\x00\x00\x24\x0f\x00\x41\x79\x01\x00\x00\x00\x00\x00\x00\x00\x80\x03\x00\xea\x0f\x00"
"\x88\x73\x00\x13\x20\x00\x80\x00\x00\x0c\x00\x00\x00\xe4\x03\x01\x41\x79\x00\x00\x00\x00\x00\x00\x00\x00\x80\x03\x00\xea\x0f\x00"
"\x10\x78\x20\x5c\x10\x00\x00\x00\xff\xe0\xff\x07\x00\xe2\x2f\x00\x55\x73\xff\x00\x00\x00\x00\x00\x00\x00\x10\x00\x00\xe2\x0f\x00"
"\x45\x79\x00\x00\xc0\x07\x00\x00\x00\x00\x80\x03\x00\xe4\x0f\x00\x0c\x72\x00\x20\x70\x00\x00\x00\x70\x62\xf0\x03\x00\xc8\x0f\x00"
"\x0c\x72\x00\x20\x05\x00\x00\x00\x70\x66\x70\x00\x00\xd8\x0f\x00\x47\x09\x00\x00\x80\x07\x00\x00\x00\x00\x80\x03\x00\xea\x0f\x00"
"\x11\x78\x21\x5d\x01\x00\x00\x00\xff\xe2\x8f\x07\x00\xe2\x0f\x00\x55\x73\xff\x01\x00\x00\x00\x00\x00\x00\x10\x00\x00\xe2\x0f\x00"
"\x45\x79\x01\x00\xb0\x03\x00\x00\x00\x00\x80\x03\x00\xe2\x0f\x00\x24\x72\x3c\xff\xff\x00\x00\x00\xff\x00\x8e\x07\x00\xe2\x0f\x00"
"\x11\x72\x21\x21\x12\x00\x00\x00\xff\xf2\x8f\x07\x00\xc8\x0f\x00\x0c\x78\x00\x21\xff\x00\x00\x00\x70\x42\xf0\x03\x00\xd8\x0f\x00"
"\x47\x09\x00\x00\x60\x03\x00\x00\x00\x00\x80\x03\x00\xea\x0f\x00\x0c\x72\x00\x79\xff\x00\x00\x00\x70\x50\xf0\x03\x00\xd8\x0f\x00"
"\x47\x89\x00\x00\xf0\x00\x00\x00\x00\x00\x80\x03\x00\xea\x0f\x00\x02\x72\x65\x00\x78\x00\x00\x00\x00\x0f\x00\x00\x00\xe2\x0f\x00"
"\x24\x72\x66\xff\xff\x00\x00\x00\x79\x00\x8e\x07\x00\xe2\x0f\x00\x02\x78\x5e\x00\x30\xbf\x00\x00\x00\x0f\x00\x00\x00\xe2\x0f\x00"
"\x24\x72\x61\xff\xff\x00\x00\x00\x0b\x00\x8e\x07\x00\xe4\x0f\x00\x24\x72\x5f\xff\xff\x00\x00\x00\x0c\x00\x8e\x07\x00\xc8\x0f\x00"
"\x44\x79\x00\x00\x40\x5a\x00\x00\x00\x00\xc0\x03\x00\xea\x1f\x00\x10\x72\x33\xff\x22\x00\x00\x80\xff\xe0\xf1\x07\x00\xe4\x0f\x00"
"\x02\x72\x21\x00\x79\x00\x00\x00\x00\x0f\x00\x00\x00\xc6\x0f\x00\x24\x72\x20\xff\xff\x00\x00\x00\x23\x0e\x0e\x00\x00\xc8\x0f\x00"
"\x24\x72\x32\x20\x0b\x00\x00\x00\xff\x02\x8e\x07\x00\xe4\x0f\x00\x24\x72\x20\xff\xff\x00\x00\x00\x78\x00\x8e\x07\x00\xc8\x0f\x00"
"\x25\x72\x20\x0b\x33\x00\x00\x00\x20\x00\x8e\x07\x00\xc8\x0f\x00\x24\x72\x33\x0c\x33\x00\x00\x00\x32\x02\x8e\x07\x00\xc8\x0f\x00"
"\x24\x78\x21\x21\x01\x00\x00\x00\x33\x02\x8e\x07\x00\xe2\x0f\x00\x47\x79\x00\x00\x50\x01\x00\x00\x00\x00\x80\x03\x00\xea\x0f\x00"
"\x06\x73\x22\x00\x0b\x00\x00\x00\x00\x90\x20\x00\x00\x62\x0e\x00\x0c\x72\x00\x0b\xff\x00\x00\x00\x70\x50\xf4\x03\x00\xce\x0f\x00"
"\x08\x73\x22\x00\x22\x00\x00\x00\x00\x10\x00\x00\x00\x64\x2e\x00\x10\x78\x23\x22\xfe\xff\xff\x0f\xff\xe0\xff\x07\x00\xcc\x2f\x00"
"\x05\x73\x21\x00\x23\x00\x00\x00\x00\xf0\x21\x00\x00\xa4\x02\x00\x24\x72\x23\xff\xff\x00\x00\x00\xff\x00\x8e\x07\x00\xe4\x2f\x00"
"\x24\x72\x20\xff\xff\x00\x00\x00\x21\x0a\x8e\x07\x00\xc8\x4f\x00\x24\x72\x33\x20\x0b\x00\x00\x00\xff\x02\x8e\x07\x00\xe4\x0f\x00"
"\x24\x72\x20\xff\xff\x00\x00\x00\xff\x00\x8e\x07\x00\xc8\x0f\x00\x25\x72\x20\x21\x33\x00\x00\x00\x20\x00\x8e\x07\x00\xcc\x0f\x00"
"\x25\x72\x20\x21\x78\x00\x00\x00\xff\x00\x8e\x07\x00\xc8\x0f\x00\x24\x72\x22\xff\xff\x00\x00\x00\x21\x00\x8e\x07\x00\xe4\x0f\x00"
"\x24\x72\x21\xff\xff\x00\x00\x00\xff\x00\x8e\x07\x00\xe4\x0f\x00\x24\x72\x20\xff\xff\x00\x00\x00\x22\x0a\x8e\x07\x00\xc8\x0f\x00"
"\x24\x72\x20\x0b\x20\x00\x00\x00\x78\x02\x8e\x07\x00\xca\x0f\x00\x0c\x72\x00\x20\x0b\x00\x00\x00\x70\x60\xf0\x03\x00\xd8\x0f\x00"
"\x10\x02\x20\x20\x0b\x00\x00\x80\xff\xe0\xff\x07\x00\xe4\x0f\x08\x10\x08\x22\x22\x01\x00\x00\x00\xff\xe0\xff\x07\x00\xe4\x0f\x00"
"\x0c\x72\x00\x20\x0b\x00\x00\x00\x70\x60\xf2\x03\x00\xd8\x0f\x00\x10\x18\x22\x22\x01\x00\x00\x00\xff\xe0\xff\x07\x00\xc8\x0f\x00"
"\x12\xa2\x22\xff\x0b\x00\x00\x00\xff\x33\x8e\x07\x00\xe4\x0f\x00\x19\x78\x33\xff\x1f\x00\x00\x00\x21\x14\x01\x00\x00\xe2\x0f\x10"
"\x24\x72\x20\xff\xff\x00\x00\x00\x2e\x00\x8e\x07\x00\xe2\x0f\x00\x19\x78\x21\xff\x1f\x00\x00\x00\x21\x14\x01\x00\x00\xe4\x0f\x00"
"\x10\x78\x33\x22\x01\x00\x00\x00\x33\xe0\x91\x07\x00\xc8\x0f\x00\x10\x72\x23\x23\xff\x00\x00\x00\x21\x24\x7e\x00\x00\xe4\x0f\x00"
"\x19\x78\x21\xff\x1f\x00\x00\x00\x2e\x14\x01\x00\x00\xc6\x0f\x00\x24\x72\x22\x23\x00\x00\x00\x00\xff\x02\x8e\x07\x00\xe4\x0f\x00"
"\x25\x72\x20\x00\x33\x00\x00\x00\x20\x00\x8e\x07\x00\xc8\x0f\x00\x24\x72\x33\x11\x33\x00\x00\x00\x22\x02\x8e\x07\x00\xc8\x0f\x00"
"\x24\x78\x21\x21\x01\x00\x00\x00\x33\x02\x8e\x07\x00\xca\x0f\x00\x19\x78\x20\x20\x04\x00\x00\x00\x21\x10\x00\x00\x00\xe4\x0f\x10"
"\x19\x78\x21\xff\x04\x00\x00\x00\x21\x14\x01\x00\x00\xca\x0f\x00\x25\x78\x20\x12\x04\x00\x00\x00\x20\x00\x8e\x07\x00\xca\x0f\x00"
"\x11\x7a\x3c\x20\x00\x62\x00\x00\xff\x10\x80\x07\x00\xc8\x0f\x00\x11\x7a\x3d\x20\x00\x63\x00\x00\x21\x14\x0f\x00\x00\xd0\x1f\x00"
"\x81\x73\x3c\x3c\x00\x04\x00\x00\x00\x69\x1e\x00\x00\x24\x01\x00\x41\x79\x01\x00\x00\x00\x00\x00\x00\x00\x80\x03\x00\xea\x0f\x00"
"\x0c\x78\x00\x3c\x00\x04\x00\x00\x70\x60\xf0\x03\x00\xe2\x0f\x01\x55\x73\xff\x01\x00\x00\x00\x00\x00\x00\x10\x00\x00\xe2\x0f\x00"
"\x45\x79\x01\x00\x60\x03\x00\x00\x00\x00\x80\x03\x00\xf4\x0f\x00\x05\x08\x20\x00\x00\x00\x00\x00\x00\xff\x01\x00\x00\xe2\x0f\x00"
"\x05\x08\x22\x00\x00\x00\x00\x00\x00\xff\x01\x00\x00\xe2\x0f\x00\x47\x09\x00\x00\x20\x03\x00\x00\x00\x00\x80\x03\x00\xea\x0f\x00"
"\x0c\x72\x00\x79\xff\x00\x00\x00\x70\x50\xf0\x03\x00\xd8\x0f\x00\x47\x89\x00\x00\xf0\x00\x00\x00\x00\x00\x80\x03\x00\xea\x0f\x00"
"\x24\x72\x65\xff\xff\x00\x00\x00\x78\x00\x8e\x07\x00\xe2\x0f\x00\x02\x72\x66\x00\x79\x00\x00\x00\x00\x0f\x00\x00\x00\xe2\x0f\x00"
"\x24\x72\x61\xff\xff\x00\x00\x00\x0b\x00\x8e\x07\x00\xe2\x0f\x00\x02\x78\x5e\x00\x00\xc3\x00\x00\x00\x0f\x00\x00\x00\xe2\x0f\x00"
"\x24\x72\x5f\xff\xff\x00\x00\x00\x0c\x00\x8e\x07\x00\xc8\x0f\x00\x44\x79\x00\x00\x70\x56\x00\x00\x00\x00\xc0\x03\x00\xea\x1f\x00"
"\x10\x72\x33\xff\x22\x00\x00\x80\xff\xe0\xf1\x07\x00\xe2\x0f\x00\x24\x72\x21\xff\xff\x00\x00\x00\x79\x00\x8e\x07\x00\xc8\x0f\x00"
"\x24\x72\x20\xff\xff\x00\x00\x00\x23\x0e\x0e\x00\x00\xc8\x0f\x00\x24\x72\x23\x20\x0b\x00\x00\x00\xff\x02\x8e\x07\x00\xe4\x0f\x00"
"\x24\x72\x20\xff\xff\x00\x00\x00\x78\x00\x8e\x07\x00\xe4\x0f\x00\x24\x72\x23\x0c\x33\x00\x00\x00\x23\x02\x8e\x07\x00\xe4\x0f\x08"
"\x25\x72\x20\x0b\x33\x00\x00\x00\x20\x00\x8e\x07\x00\xca\x0f\x00\x10\x72\x21\x21\x23\x00\x00\x00\xff\xe0\xff\x07\x00\xe2\x0f\x00"
"\x47\x79\x00\x00\x40\x01\x00\x00\x00\x00\x80\x03\x00\xea\x0f\x00\x06\x73\x22\x00\x0b\x00\x00\x00\x00\x90\x20\x00\x00\x62\x0e\x00"
"\x0c\x72\x00\x0b\xff\x00\x00\x00\x70\x50\xf4\x03\x00\xce\x0f\x00\x08\x73\x22\x00\x22\x00\x00\x00\x00\x10\x00\x00\x00\x64\x2e\x00"
"\x10\x78\x23\x22\xfe\xff\xff\x0f\xff\xe0\xff\x07\x00\xcc\x2f\x00\x05\x73\x21\x00\x23\x00\x00\x00\x00\xf0\x21\x00\x00\x64\x0e\x00"
"\x24\x72\x20\xff\xff\x00\x00\x00\x21\x0a\x8e\x07\x00\xc8\x2f\x00\x24\x72\x33\x20\x0b\x00\x00\x00\xff\x02\x8e\x07\x00\xe4\x0f\x00"
"\x24\x72\x20\xff\xff\x00\x00\x00\xff\x00\x8e\x07\x00\xc8\x0f\x00\x25\x72\x20\x21\x33\x00\x00\x00\x20\x00\x8e\x07\x00\xcc\x0f\x00"
"\x25\x72\x20\x21\x78\x00\x00\x00\xff\x00\x8e\x07\x00\xc8\x0f\x00\x24\x72\x22\xff\xff\x00\x00\x00\x21\x00\x8e\x07\x00\xe2\x0f\x00"
"\x02\x72\x21\x00\xff\x00\x00\x00\x00\x0f\x00\x00\x00\xc6\x0f\x00\x24\x72\x20\xff\xff\x00\x00\x00\x22\x0a\x8e\x07\x00\xc8\x0f\x00"
"\x24\x72\x20\x0b\x20\x00\x00\x00\x78\x02\x8e\x07\x00\xca\x0f\x00\x0c\x72\x00\x20\x0b\x00\x00\x00\x70\x60\xf0\x03\x00\xd8\x0f\x00"
"\x24\x08\x20\x20\x01\x00\x00\x00\x0b\x0a\x8e\x07\x00\xe2\x0f\x00\x10\x08\x22\x22\x01\x00\x00\x00\xff\xe0\xff\x07\x00\xc8\x0f\x00"
"\x0c\x72\x00\x20\x0b\x00\x00\x00\x70\x60\xf2\x03\x00\xd8\x0f\x00\x10\x18\x22\x22\x01\x00\x00\x00\xff\xe0\xff\x07\x00\xc8\x0f\x00"
"\x12\xa2\x22\xff\x0b\x00\x00\x00\xff\x33\x8e\x07\x00\xe4\x0f\x00\x19\x78\x21\xff\x1f\x00\x00\x00\x21\x14\x01\x00\x00\xe4\x0f\x00"
"\x12\x78\x20\x7c\x78\x00\x00\x00\x10\xf8\x8e\x07\x00\xe4\x0f\x00\x10\x78\x22\x22\x01\x00\x00\x00\x21\xe0\xff\x07\x00\xe2\x0f\x00"
"\x24\x72\x21\xff\xff\x00\x00\x00\x7d\x00\x8e\x07\x00\xc8\x0f\x00\x24\x72\x22\x00\x22\x00\x00\x00\x0d\x02\x8e\x07\x00\xe4\x0f\x00"
"\x25\x78\x3c\x3c\x00\x10\x00\x00\x20\x02\x8e\x07\x00\xc8\x1f\x00\x24\x78\x22\x22\x00\x01\x00\x00\xff\x00\x8e\x07\x00\xca\x0f\x00"
"\x12\x78\x21\x22\x00\x0f\x00\x00\xff\xc0\x8e\x07\x00\xc8\x0f\x00\x10\x72\x21\x3c\x21\x00\x00\x00\xff\xe0\xf1\x07\x00\xca\x0f\x00"
"\x24\x72\x3c\xff\xff\x00\x00\x00\x3d\x06\x0e\x00\x00\xe2\x0f\x00\x11\x7a\x20\x21\x00\x60\x00\x00\xff\x08\x80\x07\x00\xc8\x0f\x00"
"\x11\x7a\x21\x21\x00\x61\x00\x00\x3c\x0c\x0f\x00\x00\xd0\x0f\x00\x81\x73\x20\x20\x00\x00\x00\x00\x00\x6d\x1e\x00\x00\x24\x0f\x00"
"\x41\x79\x01\x00\x00\x00\x00\x00\x00\x00\x80\x03\x00\xea\x0f\x00\x88\x73\x00\x13\x20\x00\x90\x00\x00\x0c\x00\x00\x00\xe4\x03\x01"
"\x41\x79\x00\x00\x00\x00\x00\x00\x00\x00\x80\x03\x00\xea\x0f\x00\x10\x78\x20\x5c\x20\x00\x00\x00\xff\xe0\xff\x07\x00\xe2\x2f\x00"
"\x55\x73\xff\x00\x00\x00\x00\x00\x00\x00\x10\x00\x00\xe2\x0f\x00\x45\x79\x00\x00\xc0\x07\x00\x00\x00\x00\x80\x03\x00\xe4\x0f\x00"
"\x0c\x72\x00\x20\x70\x00\x00\x00\x70\x62\xf0\x03\x00\xc8\x0f\x00\x0c\x72\x00\x20\x05\x00\x00\x00\x70\x66\x70\x00\x00\xd8\x0f\x00"
"\x47\x09\x00\x00\x80\x07\x00\x00\x00\x00\x80\x03\x00\xea\x0f\x00\x11\x78\x21\x5d\x02\x00\x00\x00\xff\xe2\x8f\x07\x00\xe2\x0f\x00"
"\x55\x73\xff\x01\x00\x00\x00\x00\x00\x00\x10\x00\x00\xe2\x0f\x00\x45\x79\x01\x00\xb0\x03\x00\x00\x00\x00\x80\x03\x00\xe2\x0f\x00"
"\x24\x72\x3c\xff\xff\x00\x00\x00\xff\x00\x8e\x07\x00\xe2\x0f\x00\x11\x72\x21\x21\x12\x00\x00\x00\xff\xf2\x8f\x07\x00\xc8\x0f\x00"
"\x0c\x78\x00\x21\xff\x00\x00\x00\x70\x42\xf0\x03\x00\xd8\x0f\x00\x47\x09\x00\x00\x60\x03\x00\x00\x00\x00\x80\x03\x00\xea\x0f\x00"
"\x0c\x72\x00\x79\xff\x00\x00\x00\x70\x50\xf0\x03\x00\xd8\x0f\x00\x47\x89\x00\x00\xf0\x00\x00\x00\x00\x00\x80\x03\x00\xea\x0f\x00"
"\x24\x72\x65\xff\xff\x00\x00\x00\x78\x00\x8e\x07\x00\xe2\x0f\x00\x02\x72\x66\x00\x79\x00\x00\x00\x00\x0f\x00\x00\x00\xe2\x0f\x00"
"\x24\x72\x61\xff\xff\x00\x00\x00\x0b\x00\x8e\x07\x00\xe2\x0f\x00\x02\x78\x5e\x00\x20\xc7\x00\x00\x00\x0f\x00\x00\x00\xe2\x0f\x00"
"\x24\x72\x5f\xff\xff\x00\x00\x00\x0c\x00\x8e\x07\x00\xc8\x0f\x00\x44\x79\x00\x00\x50\x52\x00\x00\x00\x00\xc0\x03\x00\xea\x1f\x00"
"\x10\x72\x33\xff\x22\x00\x00\x80\xff\xe0\xf1\x07\x00\xe2\x0f\x00\x24\x72\x21\xff\xff\x00\x00\x00\x79\x00\x8e\x07\x00\xc8\x0f\x00"
"\x24\x72\x20\xff\xff\x00\x00\x00\x23\x0e\x0e\x00\x00\xc8\x0f\x00\x24\x72\x32\x20\x0b\x00\x00\x00\xff\x02\x8e\x07\x00\xe4\x0f\x00"
"\x24\x72\x20\xff\xff\x00\x00\x00\x78\x00\x8e\x07\x00\xc8\x0f\x00\x25\x72\x20\x0b\x33\x00\x00\x00\x20\x00\x8e\x07\x00\xc8\x0f\x00"
"\x24\x72\x33\x0c\x33\x00\x00\x00\x32\x02\x8e\x07\x00\xca\x0f\x00\x10\x72\x21\x21\x33\x00\x00\x00\xff\xe0\xff\x07\x00\xe2\x0f\x00"
"\x47\x79\x00\x00\x50\x01\x00\x00\x00\x00\x80\x03\x00\xea\x0f\x00\x06\x73\x22\x00\x0b\x00\x00\x00\x00\x90\x20\x00\x00\x62\x0e\x00"
"\x0c\x72\x00\x0b\xff\x00\x00\x00\x70\x50\xf4\x03\x00\xce\x0f\x00\x08\x73\x22\x00\x22\x00\x00\x00\x00\x10\x00\x00\x00\x64\x2e\x00"
"\x10\x78\x23\x22\xfe\xff\xff\x0f\xff\xe0\xff\x07\x00\xcc\x2f\x00\x05\x73\x21\x00\x23\x00\x00\x00\x00\xf0\x21\x00\x00\xa4\x02\x00"
"\x24\x72\x23\xff\xff\x00\x00\x00\xff\x00\x8e\x07\x00\xe4\x2f\x00\x24\x72\x20\xff\xff\x00\x00\x00\x21\x0a\x8e\x07\x00\xc8\x4f\x00"
"\x24\x72\x33\x20\x0b\x00\x00\x00\xff\x02\x8e\x07\x00\xe4\x0f\x00\x24\x72\x20\xff\xff\x00\x00\x00\xff\x00\x8e\x07\x00\xc8\x0f\x00"
"\x25\x72\x20\x21\x33\x00\x00\x00\x20\x00\x8e\x07\x00\xcc\x0f\x00\x25\x72\x20\x21\x78\x00\x00\x00\xff\x00\x8e\x07\x00\xc8\x0f\x00"
"\x24\x72\x22\xff\xff\x00\x00\x00\x21\x00\x8e\x07\x00\xe2\x0f\x00\x02\x72\x21\x00\xff\x00\x00\x00\x00\x0f\x00\x00\x00\xc6\x0f\x00"
"\x24\x72\x20\xff\xff\x00\x00\x00\x22\x0a\x8e\x07\x00\xc8\x0f\x00\x24\x72\x20\x0b\x20\x00\x00\x00\x78\x02\x8e\x07\x00\xca\x0f\x00"
"\x0c\x72\x00\x20\x0b\x00\x00\x00\x70\x60\xf0\x03\x00\xd8\x0f\x00\x24\x08\x20\x20\x01\x00\x00\x00\x0b\x0a\x8e\x07\x00\xe2\x0f\x00"
"\x10\x08\x22\x22\x01\x00\x00\x00\xff\xe0\xff\x07\x00\xc8\x0f\x00\x0c\x72\x00\x20\x0b\x00\x00\x00\x70\x60\xf2\x03\x00\xd8\x0f\x00"
"\x10\x18\x22\x22\x01\x00\x00\x00\xff\xe0\xff\x07\x00\xc8\x0f\x00\x12\xa2\x22\xff\x0b\x00\x00\x00\xff\x33\x8e\x07\x00\xe4\x0f\x00"
"\x19\x78\x33\xff\x1f\x00\x00\x00\x21\x14\x01\x00\x00\xe2\x0f\x10\x24\x72\x20\xff\xff\x00\x00\x00\x2e\x00\x8e\x07\x00\xe2\x0f\x00"
"\x19\x78\x21\xff\x1f\x00\x00\x00\x21\x14\x01\x00\x00\xe4\x0f\x00\x10\x78\x33\x22\x01\x00\x00\x00\x33\xe0\x91\x07\x00\xc8\x0f\x00"
"\x10\x72\x23\x23\xff\x00\x00\x00\x21\x24\x7e\x00\x00\xe4\x0f\x00\x19\x78\x21\xff\x1f\x00\x00\x00\x2e\x14\x01\x00\x00\xc6\x0f\x00"
"\x24\x72\x22\x23\x00\x00\x00\x00\xff\x02\x8e\x07\x00\xe4\x0f\x00\x25\x72\x20\x00\x33\x00\x00\x00\x20\x00\x8e\x07\x00\xc8\x0f\x00"
"\x24\x72\x33\x11\x33\x00\x00\x00\x22\x02\x8e\x07\x00\xc8\x0f\x00\x24\x78\x21\x21\x01\x00\x00\x00\x33\x02\x8e\x07\x00\xca\x0f\x00"
"\x19\x78\x20\x20\x04\x00\x00\x00\x21\x10\x00\x00\x00\xe4\x0f\x10\x19\x78\x21\xff\x04\x00\x00\x00\x21\x14\x01\x00\x00\xca\x0f\x00"
"\x25\x78\x20\x12\x04\x00\x00\x00\x20\x00\x8e\x07\x00\xca\x0f\x00\x11\x7a\x3c\x20\x00\x62\x00\x00\xff\x10\x80\x07\x00\xc8\x0f\x00"
"\x11\x7a\x3d\x20\x00\x63\x00\x00\x21\x14\x0f\x00\x00\xd0\x1f\x00\x81\x73\x3c\x3c\x00\x08\x00\x00\x00\x69\x1e\x00\x00\x24\x01\x00"
"\x41\x79\x01\x00\x00\x00\x00\x00\x00\x00\x80\x03\x00\xea\x0f\x00\x0c\x78\x00\x3c\x00\x04\x00\x00\x70\x60\xf0\x03\x00\xe2\x0f\x01"
"\x55\x73\xff\x01\x00\x00\x00\x00\x00\x00\x10\x00\x00\xe2\x0f\x00\x45\x79\x01\x00\x60\x03\x00\x00\x00\x00\x80\x03\x00\xf4\x0f\x00"
"\x05\x08\x20\x00\x00\x00\x00\x00\x00\xff\x01\x00\x00\xe2\x0f\x00\x05\x08\x22\x00\x00\x00\x00\x00\x00\xff\x01\x00\x00\xe2\x0f\x00"
"\x47\x09\x00\x00\x20\x03\x00\x00\x00\x00\x80\x03\x00\xea\x0f\x00\x0c\x72\x00\x79\xff\x00\x00\x00\x70\x50\xf0\x03\x00\xd8\x0f\x00"
"\x47\x89\x00\x00\xf0\x00\x00\x00\x00\x00\x80\x03\x00\xea\x0f\x00\x24\x72\x65\xff\xff\x00\x00\x00\x78\x00\x8e\x07\x00\xe2\x0f\x00"
"\x02\x72\x61\x00\x0b\x00\x00\x00\x00\x0f\x00\x00\x00\xe2\x0f\x00\x24\x72\x66\xff\xff\x00\x00\x00\x79\x00\x8e\x07\x00\xe2\x0f\x00"
"\x02\x78\x5e\x00\xf0\xca\x00\x00\x00\x0f\x00\x00\x00\xe2\x0f\x00\x24\x72\x5f\xff\xff\x00\x00\x00\x0c\x00\x8e\x07\x00\xc8\x0f\x00"
"\x44\x79\x00\x00\x80\x4e\x00\x00\x00\x00\xc0\x03\x00\xea\x1f\x00\x10\x72\x33\xff\x22\x00\x00\x80\xff\xe0\xf1\x07\x00\xe2\x0f\x00"
"\x24\x72\x21\xff\xff\x00\x00\x00\x79\x00\x8e\x07\x00\xc8\x0f\x00\x24\x72\x20\xff\xff\x00\x00\x00\x23\x0e\x0e\x00\x00\xc8\x0f\x00"
"\x24\x72\x23\x20\x0b\x00\x00\x00\xff\x02\x8e\x07\x00\xe4\x0f\x00\x24\x72\x20\xff\xff\x00\x00\x00\x78\x00\x8e\x07\x00\xe4\x0f\x00"
"\x24\x72\x23\x0c\x33\x00\x00\x00\x23\x02\x8e\x07\x00\xe4\x0f\x08\x25\x72\x20\x0b\x33\x00\x00\x00\x20\x00\x8e\x07\x00\xc8\x0f\x00"
"\x24\x78\x21\x21\x01\x00\x00\x00\x23\x02\x8e\x07\x00\xe2\x0f\x00\x47\x79\x00\x00\x40\x01\x00\x00\x00\x00\x80\x03\x00\xea\x0f\x00"
"\x06\x73\x22\x00\x0b\x00\x00\x00\x00\x90\x20\x00\x00\x62\x0e\x00\x0c\x72\x00\x0b\xff\x00\x00\x00\x70\x50\xf4\x03\x00\xce\x0f\x00"
"\x08\x73\x22\x00\x22\x00\x00\x00\x00\x10\x00\x00\x00\x64\x2e\x00\x10\x78\x23\x22\xfe\xff\xff\x0f\xff\xe0\xff\x07\x00\xcc\x2f\x00"
"\x05\x73\x21\x00\x23\x00\x00\x00\x00\xf0\x21\x00\x00\x64\x0e\x00\x10\x72\x20\xff\x21\x00\x00\x80\xff\xe0\xff\x07\x00\xca\x2f\x00"
"\x24\x72\x33\x20\x0b\x00\x00\x00\xff\x02\x8e\x07\x00\xe4\x0f\x00\x24\x72\x20\xff\xff\x00\x00\x00\xff\x00\x8e\x07\x00\xc8\x0f\x00"
"\x25\x72\x20\x21\x33\x00\x00\x00\x20\x00\x8e\x07\x00\xcc\x0f\x00\x25\x72\x20\x21\x78\x00\x00\x00\xff\x00\x8e\x07\x00\xc8\x0f\x00"
"\x24\x72\x22\xff\xff\x00\x00\x00\x21\x00\x8e\x07\x00\xe4\x0f\x00\x24\x72\x21\xff\xff\x00\x00\x00\xff\x00\x8e\x07\x00\xe4\x0f\x00"
"\x24\x72\x20\xff\xff\x00\x00\x00\x22\x0a\x8e\x07\x00\xc8\x0f\x00\x24\x72\x20\x0b\x20\x00\x00\x00\x78\x02\x8e\x07\x00\xca\x0f\x00"
"\x0c\x72\x00\x20\x0b\x00\x00\x00\x70\x60\xf0\x03\x00\xd8\x0f\x00\x24\x08\x20\x20\x01\x00\x00\x00\x0b\x0a\x8e\x07\x00\xe2\x0f\x00"
"\x10\x08\x22\x22\x01\x00\x00\x00\xff\xe0\xff\x07\x00\xc8\x0f\x00\x0c\x72\x00\x20\x0b\x00\x00\x00\x70\x60\xf2\x03\x00\xd8\x0f\x00"
"\x10\x18\x22\x22\x01\x00\x00\x00\xff\xe0\xff\x07\x00\xc8\x0f\x00\x12\xa2\x22\xff\x0b\x00\x00\x00\xff\x33\x8e\x07\x00\xe4\x0f\x00"
"\x19\x78\x21\xff\x1f\x00\x00\x00\x21\x14\x01\x00\x00\xe4\x0f\x00\x12\x78\x20\x7c\x78\x00\x00\x00\x10\xf8\x8e\x07\x00\xe4\x0f\x00"
"\x10\x78\x22\x22\x01\x00\x00\x00\x21\xe0\xff\x07\x00\xe2\x0f\x00\x24\x72\x21\xff\xff\x00\x00\x00\x7d\x00\x8e\x07\x00\xc8\x0f\x00"
"\x24\x72\x22\x00\x22\x00\x00\x00\x0d\x02\x8e\x07\x00\xe4\x0f\x00\x25\x78\x3c\x3c\x00\x10\x00\x00\x20\x02\x8e\x07\x00\xc6\x1f\x00"
"\x19\x78\x22\x22\x08\x00\x00\x00\xff\x06\x00\x00\x00\xc8\x0f\x00\x12\x78\x21\x22\x00\x0f\x00\x00\xff\xc0\x8e\x07\x00\xc8\x0f\x00"
"\x10\x72\x21\x3c\x21\x00\x00\x00\xff\xe0\xf1\x07\x00\xca\x0f\x00\x24\x72\x3c\xff\xff\x00\x00\x00\x3d\x06\x0e\x00\x00\xe2\x0f\x00"
"\x11\x7a\x20\x21\x00\x60\x00\x00\xff\x08\x80\x07\x00\xc8\x0f\x00\x11\x7a\x21\x21\x00\x61\x00\x00\x3c\x0c\x0f\x00\x00\xd0\x0f\x00"
"\x81\x73\x20\x20\x00\x00\x00\x00\x00\x6d\x1e\x00\x00\x24\x0f\x00\x41\x79\x01\x00\x00\x00\x00\x00\x00\x00\x80\x03\x00\xea\x0f\x00"
"\x88\x73\x00\x13\x20\x00\xa0\x00\x00\x0c\x00\x00\x00\xe4\x03\x01\x41\x79\x00\x00\x00\x00\x00\x00\x00\x00\x80\x03\x00\xea\x0f\x00"
"\x10\x78\x5c\x5c\x30\x00\x00\x00\xff\xe0\xff\x07\x00\xe2\x0f\x00\x55\x73\xff\x00\x00\x00\x00\x00\x00\x00\x10\x00\x00\xe2\x0f\x00"
"\x45\x79\x00\x00\xb0\x07\x00\x00\x00\x00\x80\x03\x00\xe4\x0f\x00\x0c\x72\x00\x5c\x70\x00\x00\x00\x70\x62\xf0\x03\x00\xc8\x0f\x00"
"\x0c\x72\x00\x5c\x05\x00\x00\x00\x70\x66\x70\x00\x00\xd8\x0f\x00\x47\x09\x00\x00\x70\x07\x00\x00\x00\x00\x80\x03\x00\xea\x0f\x00"
"\x11\x78\x5d\x5d\x03\x00\x00\x00\xff\xe2\x8f\x07\x00\xe2\x0f\x00\x55\x73\xff\x01\x00\x00\x00\x00\x00\x00\x10\x00\x00\xe2\x0f\x00"
"\x45\x79\x01\x00\xa0\x03\x00\x00\x00\x00\x80\x03\x00\xe2\x0f\x00\x24\x72\x3c\xff\xff\x00\x00\x00\xff\x00\x8e\x07\x00\xe2\x0f\x00"
"\x11\x72\x5d\x5d\x12\x00\x00\x00\xff\xf2\x8f\x07\x00\xc8\x0f\x00\x0c\x78\x00\x5d\xff\x00\x00\x00\x70\x42\xf0\x03\x00\xd8\x0f\x00"
"\x47\x09\x00\x00\x50\x03\x00\x00\x00\x00\x80\x03\x00\xea\x0f\x00\x0c\x72\x00\x79\xff\x00\x00\x00\x70\x50\xf0\x03\x00\xd8\x0f\x00"
"\x47\x89\x00\x00\xf0\x00\x00\x00\x00\x00\x80\x03\x00\xea\x0f\x00\x24\x72\x65\xff\xff\x00\x00\x00\x78\x00\x8e\x07\x00\xe2\x0f\x00"
"\x02\x72\x61\x00\x0b\x00\x00\x00\x00\x0f\x00\x00\x00\xe2\x0f\x00\x24\x72\x66\xff\xff\x00\x00\x00\x79\x00\x8e\x07\x00\xe2\x0f\x00"
"\x02\x78\x5e\x00\x10\xcf\x00\x00\x00\x0f\x00\x00\x00\xe2\x0f\x00\x24\x72\x5f\xff\xff\x00\x00\x00\x0c\x00\x8e\x07\x00\xc8\x0f\x00"
"\x44\x79\x00\x00\x60\x4a\x00\x00\x00\x00\xc0\x03\x00\xea\x3f\x00\x10\x72\x33\xff\x22\x00\x00\x80\xff\xe0\xf1\x07\x00\xe2\x0f\x00"
"\x24\x72\x21\xff\xff\x00\x00\x00\x79\x00\x8e\x07\x00\xc8\x0f\x00\x24\x72\x20\xff\xff\x00\x00\x00\x23\x0e\x0e\x00\x00\xc8\x0f\x00"
"\x24\x72\x32\x20\x0b\x00\x00\x00\xff\x02\x8e\x07\x00\xe4\x0f\x00\x24\x72\x20\xff\xff\x00\x00\x00\x78\x00\x8e\x07\x00\xc8\x0f\x00"
"\x25\x72\x20\x0b\x33\x00\x00\x00\x20\x00\x8e\x07\x00\xc8\x0f\x00\x24\x72\x33\x0c\x33\x00\x00\x00\x32\x02\x8e\x07\x00\xc8\x0f\x00"
"\x24\x78\x21\x21\x01\x00\x00\x00\x33\x02\x8e\x07\x00\xe2\x0f\x00\x47\x79\x00\x00\x50\x01\x00\x00\x00\x00\x80\x03\x00\xea\x0f\x00"
"\x06\x73\x22\x00\x0b\x00\x00\x00\x00\x90\x20\x00\x00\x62\x2e\x00\x0c\x72\x00\x0b\xff\x00\x00\x00\x70\x50\xf4\x03\x00\xce\x0f\x00"
"\x08\x73\x22\x00\x22\x00\x00\x00\x00\x10\x00\x00\x00\x64\x2e\x00\x10\x78\x23\x22\xfe\xff\xff\x0f\xff\xe0\xff\x07\x00\xcc\x2f\x00"
"\x05\x73\x21\x00\x23\x00\x00\x00\x00\xf0\x21\x00\x00\xa4\x02\x00\x02\x72\x23\x00\xff\x00\x00\x00\x00\x0f\x00\x00\x00\xe4\x2f\x00"
"\x10\x72\x20\xff\x21\x00\x00\x80\xff\xe0\xff\x07\x00\xca\x4f\x00\x24\x72\x33\x20\x0b\x00\x00\x00\xff\x02\x8e\x07\x00\xe4\x0f\x00"
"\x24\x72\x20\xff\xff\x00\x00\x00\xff\x00\x8e\x07\x00\xc8\x0f\x00\x25\x72\x20\x21\x33\x00\x00\x00\x20\x00\x8e\x07\x00\xcc\x0f\x00"
"\x25\x72\x20\x21\x78\x00\x00\x00\xff\x00\x8e\x07\x00\xc8\x0f\x00\x24\x72\x22\xff\xff\x00\x00\x00\x21\x00\x8e\x07\x00\xe4\x0f\x00"
"\x24\x72\x21\xff\xff\x00\x00\x00\xff\x00\x8e\x07\x00\xe4\x0f\x00\x24\x72\x20\xff\xff\x00\x00\x00\x22\x0a\x8e\x07\x00\xc8\x0f\x00"
"\x24\x72\x20\x0b\x20\x00\x00\x00\x78\x02\x8e\x07\x00\xca\x0f\x00\x0c\x72\x00\x20\x0b\x00\x00\x00\x70\x60\xf0\x03\x00\xd8\x0f\x00"
"\x24\x08\x20\x20\x01\x00\x00\x00\x0b\x0a\x8e\x07\x00\xe2\x0f\x00\x10\x08\x22\x22\x01\x00\x00\x00\xff\xe0\xff\x07\x00\xc8\x0f\x00"
"\x0c\x72\x00\x20\x0b\x00\x00\x00\x70\x60\xf2\x03\x00\xd8\x0f\x00\x10\x18\x22\x22\x01\x00\x00\x00\xff\xe0\xff\x07\x00\xc8\x0f\x00"
"\x12\xa2\x22\xff\x0b\x00\x00\x00\xff\x33\x8e\x07\x00\xe4\x0f\x00\x19\x78\x33\xff\x1f\x00\x00\x00\x21\x14\x01\x00\x00\xe4\x0f\x10"
"\x19\x78\x21\xff\x1f\x00\x00\x00\x21\x14\x01\x00\x00\xe4\x0f\x00\x10\x78\x33\x22\x01\x00\x00\x00\x33\xe0\x91\x07\x00\xe4\x0f\x00"
"\x19\x78\x2f\xff\x1f\x00\x00\x00\x2e\x14\x01\x00\x00\xe4\x0f\x00\x10\x72\x23\x23\xff\x00\x00\x00\x21\x24\x7e\x00\x00\xc6\x0f\x00"
"\x25\x72\x20\x00\x33\x00\x00\x00\x2e\x00\x8e\x07\x00\xc8\x0f\x00\x24\x72\x22\x23\x00\x00\x00\x00\xff\x02\x8e\x07\x00\xc8\x0f\x00"
"\x24\x72\x33\x11\x33\x00\x00\x00\x22\x02\x8e\x07\x00\xc8\x0f\x00\x24\x78\x21\x21\x01\x00\x00\x00\x33\x02\x8e\x07\x00\xca\x0f\x00"
"\x19\x78\x20\x20\x04\x00\x00\x00\x21\x10\x00\x00\x00\xe4\x0f\x10\x19\x78\x21\xff\x04\x00\x00\x00\x21\x14\x01\x00\x00\xca\x0f\x00"
"\x25\x78\x20\x12\x04\x00\x00\x00\x20\x00\x8e\x07\x00\xca\x0f\x00\x11\x7a\x3c\x20\x00\x62\x00\x00\xff\x10\x80\x07\x00\xc8\x0f\x00"
"\x11\x7a\x3d\x20\x00\x63\x00\x00\x21\x14\x0f\x00\x00\xd0\x1f\x00\x81\x73\x3c\x3c\x00\x0c\x00\x00\x00\x69\x1e\x00\x00\x24\x01\x00"
"\x41\x79\x01\x00\x00\x00\x00\x00\x00\x00\x80\x03\x00\xea\x0f\x00\x0c\x78\x00\x3c\x00\x04\x00\x00\x70\x60\xf0\x03\x00\xe2\x0f\x01"
"\x55\x73\xff\x01\x00\x00\x00\x00\x00\x00\x10\x00\x00\xe2\x0f\x00\x45\x79\x01\x00\x60\x03\x00\x00\x00\x00\x80\x03\x00\xf4\x0f\x00"
"\x05\x08\x20\x00\x00\x00\x00\x00\x00\xff\x01\x00\x00\xe2\x2f\x00\x05\x08\x22\x00\x00\x00\x00\x00\x00\xff\x01\x00\x00\xe2\x0f\x00"
"\x47\x09\x00\x00\x20\x03\x00\x00\x00\x00\x80\x03\x00\xea\x0f\x00\x0c\x72\x00\x79\xff\x00\x00\x00\x70\x50\xf0\x03\x00\xd8\x0f\x00"
"\x47\x89\x00\x00\xf0\x00\x00\x00\x00\x00\x80\x03\x00\xea\x0f\x00\x24\x72\x65\xff\xff\x00\x00\x00\x78\x00\x8e\x07\x00\xe2\x0f\x00"
"\x02\x78\x5e\x00\xd0\xd2\x00\x00\x00\x0f\x00\x00\x00\xe2\x0f\x00\x24\x72\x66\xff\xff\x00\x00\x00\x79\x00\x8e\x07\x00\xe4\x0f\x00"
"\x24\x72\x61\xff\xff\x00\x00\x00\x0b\x00\x8e\x07\x00\xe4\x0f\x00\x24\x72\x5f\xff\xff\x00\x00\x00\x0c\x00\x8e\x07\x00\xc8\x0f\x00"
"\x44\x79\x00\x00\xa0\x46\x00\x00\x00\x00\xc0\x03\x00\xea\x1f\x00\x10\x72\x2f\xff\x22\x00\x00\x80\xff\xe0\xf1\x07\x00\xe2\x0f\x00"
"\x24\x72\x21\xff\xff\x00\x00\x00\x79\x00\x8e\x07\x00\xc6\x0f\x00\x10\x72\x20\xff\x23\x00\x00\x80\xff\xe4\x7f\x00\x00\xca\x0f\x00"
"\x24\x72\x23\x20\x0b\x00\x00\x00\xff\x02\x8e\x07\x00\xe4\x0f\x00\x24\x72\x20\xff\xff\x00\x00\x00\x78\x00\x8e\x07\x00\xe4\x0f\x00"
"\x24\x72\x23\x0c\x2f\x00\x00\x00\x23\x02\x8e\x07\x00\xe4\x0f\x08\x25\x72\x20\x0b\x2f\x00\x00\x00\x20\x00\x8e\x07\x00\xc8\x0f\x00"
"\x24\x78\x21\x21\x01\x00\x00\x00\x23\x02\x8e\x07\x00\xe2\x0f\x00\x47\x79\x00\x00\x40\x01\x00\x00\x00\x00\x80\x03\x00\xea\x0f\x00"
"\x06\x73\x22\x00\x0b\x00\x00\x00\x00\x90\x20\x00\x00\x62\x0e\x00\x0c\x72\x00\x0b\xff\x00\x00\x00\x70\x50\xf4\x03\x00\xce\x0f\x00"
"\x08\x73\x22\x00\x22\x00\x00\x00\x00\x10\x00\x00\x00\x64\x2e\x00\x10\x78\x23\x22\xfe\xff\xff\x0f\xff\xe0\xff\x07\x00\xcc\x2f\x00"
"\x05\x73\x21\x00\x23\x00\x00\x00\x00\xf0\x21\x00\x00\x64\x0e\x00\x24\x72\x20\xff\xff\x00\x00\x00\x21\x0a\x8e\x07\x00\xc8\x2f\x00"
"\x24\x72\x2f\x20\x0b\x00\x00\x00\xff\x02\x8e\x07\x00\xe4\x0f\x00\x24\x72\x20\xff\xff\x00\x00\x00\xff\x00\x8e\x07\x00\xc8\x0f\x00"
"\x25\x72\x20\x21\x2f\x00\x00\x00\x20\x00\x8e\x07\x00\xcc\x0f\x00\x25\x72\x20\x21\x78\x00\x00\x00\xff\x00\x8e\x07\x00\xca\x0f\x00"
"\x02\x72\x22\x00\x21\x00\x00\x00\x00\x0f\x00\x00\x00\xe2\x0f\x00\x24\x72\x21\xff\xff\x00\x00\x00\xff\x00\x8e\x07\x00\xc8\x0f\x00"
"\x24\x72\x20\xff\xff\x00\x00\x00\x22\x0a\x8e\x07\x00\xc8\x0f\x00\x24\x72\x20\x0b\x20\x00\x00\x00\x78\x02\x8e\x07\x00\xca\x0f\x00"
"\x0c\x72\x00\x20\x0b\x00\x00\x00\x70\x60\xf0\x03\x00\xd8\x0f\x00\x24\x08\x20\x20\x01\x00\x00\x00\x0b\x0a\x8e\x07\x00\xe2\x0f\x00"
"\x10\x08\x22\x22\x01\x00\x00\x00\xff\xe0\xff\x07\x00\xc8\x0f\x00\x0c\x72\x00\x20\x0b\x00\x00\x00\x70\x60\xf2\x03\x00\xd8\x0f\x00"
"\x10\x18\x22\x22\x01\x00\x00\x00\xff\xe0\xff\x07\x00\xc8\x0f\x00\x12\xa2\x22\xff\x0b\x00\x00\x00\xff\x33\x8e\x07\x00\xe4\x0f\x00"
"\x19\x78\x21\xff\x1f\x00\x00\x00\x21\x14\x01\x00\x00\xe4\x0f\x00\x12\x78\x20\x7c\x78\x00\x00\x00\x10\xf8\x8e\x07\x00\xe4\x0f\x00"
"\x10\x78\x22\x22\x01\x00\x00\x00\x21\xe0\xff\x07\x00\xe2\x0f\x00\x24\x72\x21\xff\xff\x00\x00\x00\x7d\x00\x8e\x07\x00\xc8\x0f\x00"
"\x24\x72\x22\x00\x22\x00\x00\x00\x0d\x02\x8e\x07\x00\xe4\x0f\x00\x25\x78\x3c\x3c\x00\x10\x00\x00\x20\x02\x8e\x07\x00\xc8\x1f\x00"
"\x24\x78\x22\x22\x00\x01\x00\x00\xff\x00\x8e\x07\x00\xca\x0f\x00\x12\x78\x21\x22\x00\x0f\x00\x00\xff\xc0\x8e\x07\x00\xc8\x0f\x00"
"\x10\x72\x21\x3c\x21\x00\x00\x00\xff\xe0\xf1\x07\x00\xc8\x0f\x00\x10\x72\x3c\xff\x3d\x00\x00\x00\xff\xe4\x7f\x00\x00\xe4\x0f\x00"
"\x11\x7a\x20\x21\x00\x60\x00\x00\xff\x08\x80\x07\x00\xc8\x0f\x00\x11\x7a\x21\x21\x00\x61\x00\x00\x3c\x0c\x0f\x00\x00\xd0\x0f\x00"
"\x81\x73\x20\x20\x00\x00\x00\x00\x00\x6d\x1e\x00\x00\x24\x0f\x00\x41\x79\x01\x00\x00\x00\x00\x00\x00\x00\x80\x03\x00\xea\x0f\x00"
"\x88\x73\x00\x13\x20\x00\xb0\x00\x00\x0c\x00\x00\x00\xe4\x03\x01\x41\x79\x00\x00\x00\x00\x00\x00\x00\x00\x80\x03\x00\xea\x0f\x00"
"\x04\x73\x16\x00\x16\x00\x00\x00\x00\x08\x20\x00\x00\xe2\x0f\x00\x12\x78\x23\x04\x00\x02\x00\x00\xff\xc0\x8e\x07\x00\xe2\x2f\x00"
"\x24\x78\x20\x6f\x01\x00\x00\x00\x62\x02\x8e\x07\x00\xe2\x0f\x00\x10\x72\x3c\x0d\x02\x00\x00\x00\xff\xe0\xff\x07\x00\xe2\x0f\x00"
"\x24\x78\x32\x02\x20\x00\x00\x00\xff\x00\x8e\x07\x00\xe2\x0f\x00\x10\x78\x12\x12\x01\x00\x00\x00\xff\xe0\xff\x07\x00\xe2\x0f\x00"
"\x24\x78\x22\x20\x20\x00\x00\x00\x23\x02\x8e\x07\x00\xe4\x0f\x00\x04\x73\x17\x00\x17\x00\x00\x00\x00\x08\x20\x00\x00\x62\x0e\x00"
"\x12\x78\x32\x23\x00\x0c\x00\x00\x32\xf8\x8e\x07\x00\xe2\x0f\x00\x24\x72\x77\xff\xff\x00\x00\x00\x60\x00\x8e\x07\x00\xe2\x0f\x00"
"\x0c\x72\x00\x12\x07\x00\x00\x00\x70\x62\xf0\x03\x00\xe2\x0f\x00\x24\x72\x75\xff\xff\x00\x00\x00\x64\x00\x8e\x07\x00\xc8\x0f\x00"
"\x04\x73\x56\x00\x56\x00\x00\x00\x00\x08\x20\x00\x00\xf0\x0f\x00\x04\x73\x21\x00\x58\x00\x00\x00\x00\x08\x20\x00\x00\xa2\x0e\x00"
"\x16\x78\x16\x16\x10\x54\x00\x00\x17\x00\x00\x00\x00\xe2\x2f\x00\x24\x78\x17\x02\x40\x00\x00\x00\xff\x00\x8e\x07\x00\xca\x0f\x00"
"\x12\x78\x20\x17\x40\x00\x00\x00\xff\xc0\x8e\x07\x00\xe2\x0f\x00\x04\x73\x2c\x00\x2c\x00\x00\x00\x00\x08\x20\x00\x00\xe2\x0f\x00"
"\x12\x78\x32\x32\xc0\x00\x00\x00\x17\xf8\x8e\x07\x00\xe4\x0f\x00\x16\x78\x56\x56\x10\x54\x00\x00\x21\x00\x00\x00\x00\xca\x4f\x00"
"\x04\x73\x2d\x00\x2d\x00\x00\x00\x00\x08\x20\x00\x00\x62\x0e\x00\x24\x78\x21\x73\x00\x01\x00\x00\xff\x00\x8e\x07\x00\xe4\x0f\x04"
"\x24\x78\x73\x73\x80\x00\x00\x00\xff\x00\x8e\x07\x00\xc6\x0f\x00\x10\x72\x22\x72\x22\x00\x00\x00\x21\xe0\xff\x07\x00\xe4\x0f\x00"
"\x04\x73\x52\x00\x52\x00\x00\x00\x00\x08\x20\x00\x00\xe2\x0f\x00\x12\x72\x32\x32\x21\x00\x00\x00\xff\xfc\x8e\x07\x00\xe4\x0f\x00"
"\x10\x72\x20\x6d\x22\x00\x00\x00\x20\xe0\xff\x07\x00\xe4\x0f\x04\x12\x78\x22\x6d\x01\x00\x00\x00\x3c\xf8\x8e\x07\x00\xe2\x0f\x00"
"\x24\x78\x66\x32\x02\x00\x00\x00\xff\x00\x8e\x07\x00\xe4\x0f\x00\x04\x73\x59\x00\x59\x00\x00\x00\x00\x08\x20\x00\x00\xa2\x0e\x00"
"\x16\x78\x2c\x2c\x10\x54\x00\x00\x2d\x00\x00\x00\x00\xe2\x2f\x00\x24\x78\x17\x22\x08\x00\x00\x00\x73\x02\x8e\x07\x00\xc4\x0f\x00"
"\x24\x78\x2d\x20\x02\x00\x00\x00\xff\x00\x8e\x07\x00\xe2\x0f\x00\x12\x78\x20\x0f\x10\x00\x00\x00\x10\xf4\x8e\x07\x00\xe2\x0f\x00"
"\x24\x78\x17\x17\x01\x00\x00\x00\x72\x02\x8e\x07\x00\xe4\x0f\x00\x04\x73\x30\x00\x30\x00\x00\x00\x00\x08\x20\x00\x00\xe2\x0f\x00"
"\x12\x72\x73\x72\x20\x00\x00\x00\x73\xfe\x8e\x07\x00\xe2\x0f\x00\x24\x78\x17\x62\x40\x00\x00\x00\x17\x02\x8e\x07\x00\xe4\x0f\x04"
"\x88\x73\x00\x2d\x16\x00\xc0\x00\x00\x08\x00\x00\x00\xe2\x0f\x00\x11\x72\x61\x62\x73\x00\x00\x00\xff\x30\x8e\x07\x00\xe2\x0f\x00"
"\x24\x78\x65\x17\x02\x00\x00\x00\xff\x00\x8e\x07\x00\xc4\x0f\x00\x04\x73\x31\x00\x31\x00\x00\x00\x00\x08\x20\x00\x00\x62\x0e\x00"
"\x16\x78\x52\x52\x10\x54\x00\x00\x59\x00\x00\x00\x00\xe2\x4f\x00\x24\x78\x61\x61\x02\x00\x00\x00\xff\x00\x8e\x07\x00\xe2\x0f\x00"
"\x88\x73\x00\x2d\x56\x00\xc1\x00\x00\x08\x00\x00\x00\xe8\x0f\x00\x88\x73\x00\x2d\x2c\x10\xc0\x00\x00\x08\x00\x00\x00\xe2\x0f\x00"
"\x04\x73\x57\x00\x57\x00\x00\x00\x00\x08\x20\x00\x00\xe6\x0f\x00\x88\x73\x00\x2d\x52\x10\xc1\x00\x00\x08\x00\x00\x00\xea\x0f\x00"
"\x04\x73\x5a\x00\x5a\x00\x00\x00\x00\x08\x20\x00\x00\xa2\x0e\x00\x16\x78\x30\x30\x10\x54\x00\x00\x31\x00\x00\x00\x00\xce\x2f\x00"
"\x04\x73\x54\x00\x54\x00\x00\x00\x00\x08\x20\x00\x00\xe2\x0f\x00\x88\x73\x00\x2d\x30\x20\xc0\x00\x00\x08\x00\x00\x00\xee\x0f\x00"
"\x04\x73\x55\x00\x55\x00\x00\x00\x00\x08\x20\x00\x00\x62\x0e\x00\x16\x78\x5a\x57\x10\x54\x00\x00\x5a\x00\x00\x00\x00\xce\x4f\x00"
"\x04\x73\x53\x00\x53\x00\x00\x00\x00\x08\x20\x00\x00\xe2\x0f\x00\x88\x73\x00\x2d\x5a\x20\xc1\x00\x00\x08\x00\x00\x00\xee\x0f\x00"
"\x04\x73\x2e\x00\x5b\x00\x00\x00\x00\x08\x20\x00\x00\xa2\x0e\x00\x16\x78\x54\x54\x10\x54\x00\x00\x55\x00\x00\x00\x00\xd0\x2f\x00"
"\x88\x73\x00\x2d\x54\x30\xc0\x00\x00\x08\x00\x00\x00\xe2\x0f\x00\x16\x78\x2e\x53\x10\x54\x00\x00\x2e\x00\x00\x00\x00\xd0\x4f\x00"
"\x88\x73\x00\x2d\x2e\x30\xc1\x00\x00\x08\x00\x00\x00\xe8\x0f\x00\x18\x79\x00\x00\x00\x00\x00\x00\x00\x00\x00\x00\x00\xe2\x0f\x00"
"\x1d\x7b\x00\x00\x00\x00\x00\x00\x00\x00\x00\x00\x00\xea\x0f\x00\x84\x79\x32\x65\x00\x00\x80\x00\x00\x1a\x00\x00\x00\xe8\x0f\x00"
"\x84\x79\x20\x66\x00\x00\xc0\x00\x00\x1c\x00\x00\x00\x68\x0e\x00\x84\x79\x4e\x61\x00\x00\x82\x00\x00\x1a\x00\x00\x00\xa8\x0e\x00"
"\x84\x79\x30\x65\x00\x40\x80\x00\x00\x1a\x00\x00\x00\xe8\x0e\x00\x84\x79\x52\x61\x00\x40\x82\x00\x00\x1a\x00\x00\x00\x28\x0f\x00"
"\x84\x79\x50\x65\x00\x00\x84\x00\x00\x1a\x00\x00\x00\x28\x0e\x00\x84\x79\x16\x61\x00\x00\x86\x00\x00\x1a\x00\x00\x00\x28\x0e\x00"
"\x84\x79\x46\x65\x00\x40\x84\x00\x00\x1a\x00\x00\x00\x28\x0e\x00\x84\x79\x3e\x61\x00\x40\x86\x00\x00\x1a\x00\x00\x00\x28\x0e\x00"
"\x84\x79\x44\x65\x00\x00\x88\x00\x00\x1a\x00\x00\x00\xe8\x0f\x00\x84\x79\x2c\x66\x00\x10\xc0\x00\x00\x1c\x00\x00\x00\x22\x0e\x00"
"\x36\x72\x28\x20\x32\x00\x00\x00\x28\x50\x00\x00\x00\xe6\x2f\x0c\x84\x79\x3c\x61\x00\x00\x8a\x00\x00\x1a\x00\x00\x00\x22\x1e\x00"
"\x36\x72\x2a\x20\x32\x00\x00\x00\x2a\xd0\x00\x00\x00\xe4\x0f\x0c\x36\x72\x24\x20\x32\x00\x00\x00\x24\x50\x01\x00\x00\xe2\x0f\x0c"
"\x84\x79\x5a\x65\x00\x00\xac\x00\x00\x1a\x00\x00\x00\xe2\x0f\x00\x36\x72\x26\x20\x32\x00\x00\x00\x26\xd0\x01\x00\x00\x64\x0b\x04"
"\x36\x72\x38\x20\x4e\x00\x00\x00\x38\x50\x00\x00\x00\xe2\x4f\x0c\x84\x79\x32\x65\x00\x40\x88\x00\x00\x1a\x00\x00\x00\x62\x0e\x02"
"\x36\x72\x3a\x20\x4e\x00\x00\x00\x3a\xd0\x00\x00\x00\xe4\x0f\x0c\x36\x72\x4c\x20\x4e\x00\x00\x00\x1c\x50\x01\x00\x00\xe2\x0f\x0c"
"\x84\x79\x56\x61\x00\x00\xae\x00\x00\x1a\x00\x00\x00\xe2\x0f\x00\x36\x72\x4e\x20\x4e\x00\x00\x00\x1e\xd0\x01\x00\x00\x64\x0b\x04"
"\x36\x72\x40\x20\x30\x00\x00\x00\x40\x50\x00\x00\x00\xe2\x8f\x0c\x84\x79\x1e\x65\x00\x00\x8c\x00\x00\x1a\x00\x00\x00\xe2\x0f\x02"
"\x36\x72\x42\x20\x30\x00\x00\x00\x42\xd0\x00\x00\x00\xe4\x0f\x0c\x36\x72\x34\x20\x30\x00\x00\x00\x34\x50\x01\x00\x00\xe2\x0f\x0c"
"\x84\x79\x1c\x61\x00\x00\x8e\x00\x00\x1a\x00\x00\x00\xe2\x0f\x00\x36\x72\x36\x20\x30\x00\x00\x00\x36\xd0\x01\x00\x00\x64\x0b\x04"
"\x36\x72\x48\x20\x52\x00\x00\x00\x48\x50\x00\x00\x00\xe2\x0f\x0d\x84\x79\x30\x61\x00\x40\x8a\x00\x00\x1a\x00\x00\x00\xa2\x0e\x02"
"\x36\x72\x4a\x20\x52\x00\x00\x00\x4a\xd0\x00\x00\x00\xe4\x0f\x0c\x36\x72\x18\x20\x52\x00\x00\x00\x18\x50\x01\x00\x00\xe2\x0f\x0c"
"\x84\x79\x5e\x61\x00\x40\xae\x00\x00\x1a\x00\x00\x00\xe2\x0f\x00\x36\x72\x1a\x20\x52\x00\x00\x00\x1a\xd0\x01\x00\x00\x64\x0b\x00"
"\x36\x72\x28\x22\x50\x00\x00\x00\x28\x50\x00\x00\x00\xe2\x0f\x0c\x84\x79\x52\x65\x00\x40\xac\x00\x00\x1a\x00\x00\x00\xe2\x0f\x02"
"\x36\x72\x2a\x22\x50\x00\x00\x00\x2a\xd0\x00\x00\x00\xe4\x0f\x0c\x36\x72\x24\x22\x50\x00\x00\x00\x24\x50\x01\x00\x00\xe4\x0f\x0c"
"\x36\x72\x26\x22\x50\x00\x00\x00\x26\xd0\x01\x00\x00\x64\x0f\x04\x36\x72\x38\x22\x16\x00\x00\x00\x38\x50\x00\x00\x00\xe4\x0f\x0c"
"\x36\x72\x3a\x22\x16\x00\x00\x00\x3a\xd0\x00\x00\x00\xe4\x0f\x0c\x36\x72\x4c\x22\x16\x00\x00\x00\x4c\x50\x01\x00\x00\xe4\x0f\x0c"
"\x36\x72\x4e\x22\x16\x00\x00\x00\x4e\xd0\x01\x00\x00\x64\x0b\x04\x36\x72\x40\x22\x46\x00\x00\x00\x40\x50\x00\x00\x00\xe2\x0f\x0c"
"\x84\x79\x16\x65\x00\x40\x8c\x00\x00\x1a\x00\x00\x00\xe2\x0e\x02\x36\x72\x42\x22\x46\x00\x00\x00\x42\xd0\x00\x00\x00\xe4\x0f\x0c"
"\x36\x72\x34\x22\x46\x00\x00\x00\x34\x50\x01\x00\x00\xe4\x0f\x0c\x36\x72\x36\x22\x46\x00\x00\x00\x36\xd0\x01\x00\x00\x64\x0b\x04"
"\x36\x72\x48\x22\x3e\x00\x00\x00\x48\x50\x00\x00\x00\xe2\x0f\x0c\x84\x79\x46\x61\x00\x40\x8e\x00\x00\x1a\x00\x00\x00\x22\x0f\x02"
"\x36\x72\x4a\x22\x3e\x00\x00\x00\x4a\xd0\x00\x00\x00\xe4\x0f\x0c\x36\x72\x20\x22\x3e\x00\x00\x00\x18\x50\x01\x00\x00\xe4\x0f\x0c"
"\x36\x72\x22\x22\x3e\x00\x00\x00\x1a\xd0\x01\x00\x00\x64\x0b\x00\x84\x79\x3e\x65\x00\x00\x90\x00\x00\x1a\x00\x00\x00\xe2\x0f\x02"
"\x36\x72\x28\x2c\x44\x00\x00\x00\x28\x50\x00\x00\x00\xe4\x0f\x0c\x36\x72\x2a\x2c\x44\x00\x00\x00\x2a\xd0\x00\x00\x00\xe2\x0f\x0c"
"\x84\x79\x18\x66\x00\x20\xc0\x00\x00\x1c\x00\x00\x00\xe2\x0e\x00\x36\x72\x24\x2c\x44\x00\x00\x00\x24\x50\x01\x00\x00\xe4\x0f\x0c"
"\x36\x72\x26\x2c\x44\x00\x00\x00\x26\xd0\x01\x00\x00\x64\x0b\x04\x36\x72\x38\x2c\x3c\x00\x00\x00\x38\x50\x00\x00\x00\xe2\x1f\x0c"
"\x84\x79\x44\x61\x00\x00\x92\x00\x00\x1a\x00\x00\x00\x22\x0e\x02\x36\x72\x3a\x2c\x3c\x00\x00\x00\x3a\xd0\x00\x00\x00\xe4\x0f\x0c"
"\x36\x72\x4c\x2c\x3c\x00\x00\x00\x4c\x50\x01\x00\x00\xe4\x0f\x0c\x36\x72\x4e\x2c\x3c\x00\x00\x00\x4e\xd0\x01\x00\x00\x64\x0b\x04"
"\x36\x72\x40\x2c\x32\x00\x00\x00\x40\x50\x00\x00\x00\xe2\x2f\x0c\x84\x79\x3c\x65\x00\x40\x90\x00\x00\x1a\x00\x00\x00\x62\x0e\x02"
"\x36\x72\x42\x2c\x32\x00\x00\x00\x42\xd0\x00\x00\x00\xe4\x0f\x0c\x36\x72\x34\x2c\x32\x00\x00\x00\x34\x50\x01\x00\x00\xe4\x0f\x0c"
"\x36\x72\x36\x2c\x32\x00\x00\x00\x36\xd0\x01\x00\x00\x64\x0b\x04\x36\x72\x48\x2c\x30\x00\x00\x00\x48\x50\x00\x00\x00\xe2\x4f\x0c"
"\x84\x79\x32\x61\x00\x40\x92\x00\x00\x1a\x00\x00\x00\xa2\x0e\x02\x36\x72\x4a\x2c\x30\x00\x00\x00\x4a\xd0\x00\x00\x00\xe4\x0f\x0c"
"\x36\x72\x20\x2c\x30\x00\x00\x00\x20\x50\x01\x00\x00\xe4\x0f\x0c\x36\x72\x22\x2c\x30\x00\x00\x00\x22\xd0\x01\x00\x00\x64\x0b\x00"
"\x36\x72\x28\x2e\x1e\x00\x00\x00\x28\x50\x00\x00\x00\xe2\x0f\x0c\x84\x79\x30\x65\x00\x00\x94\x00\x00\x1a\x00\x00\x00\x22\x0e\x02"
"\x36\x72\x2a\x2e\x1e\x00\x00\x00\x2a\xd0\x00\x00\x00\xe4\x0f\x0c\x36\x72\x24\x2e\x1e\x00\x00\x00\x24\x50\x01\x00\x00\xe4\x0f\x0c"
"\x36\x72\x26\x2e\x1e\x00\x00\x00\x26\xd0\x01\x00\x00\x64\x0b\x04\x84\x79\x1e\x61\x00\x00\x96\x00\x00\x1a\x00\x00\x00\x62\x0e\x02"
"\x36\x72\x38\x2e\x1c\x00\x00\x00\x38\x50\x00\x00\x00\xe4\x0f\x0c\x36\x72\x3a\x2e\x1c\x00\x00\x00\x3a\xd0\x00\x00\x00\xe4\x0f\x0c"
"\x36\x72\x4c\x2e\x1c\x00\x00\x00\x4c\x50\x01\x00\x00\xe4\x0f\x0c\x36\x72\x4e\x2e\x1c\x00\x00\x00\x4e\xd0\x01\x00\x00\x64\x0b\x04"
"\x36\x72\x40\x2e\x16\x00\x00\x00\x40\x50\x00\x00\x00\xe2\x8f\x0c\x84\x79\x1c\x65\x00\x40\x94\x00\x00\x1a\x00\x00\x00\xe2\x0e\x02"
"\x36\x72\x42\x2e\x16\x00\x00\x00\x42\xd0\x00\x00\x00\xe4\x0f\x0c\x36\x72\x34\x2e\x16\x00\x00\x00\x34\x50\x01\x00\x00\xe4\x0f\x0c"
"\x36\x72\x36\x2e\x16\x00\x00\x00\x36\xd0\x01\x00\x00\x64\x0b\x04\x36\x72\x48\x2e\x46\x00\x00\x00\x48\x50\x00\x00\x00\xe2\x0f\x0d"
"\x84\x79\x16\x61\x00\x40\x96\x00\x00\x1a\x00\x00\x00\x22\x0f\x02\x36\x72\x4a\x2e\x46\x00\x00\x00\x4a\xd0\x00\x00\x00\xe4\x0f\x0c"
"\x36\x72\x2c\x2e\x46\x00\x00\x00\x20\x50\x01\x00\x00\xe4\x0f\x0c\x36\x72\x2e\x2e\x46\x00\x00\x00\x22\xd0\x01\x00\x00\x64\x0b\x00"
"\x84\x79\x46\x65\x00\x00\x98\x00\x00\x1a\x00\x00\x00\xe2\x0f\x02\x36\x72\x28\x18\x3e\x00\x00\x00\x28\x50\x00\x00\x00\xe4\x0f\x0c"
"\x36\x72\x2a\x18\x3e\x00\x00\x00\x2a\xd0\x00\x00\x00\xe2\x0f\x0c\x84\x79\x20\x66\x00\x30\xc0\x00\x00\x1c\x00\x00\x00\xe2\x0e\x00"
"\x36\x72\x24\x18\x3e\x00\x00\x00\x24\x50\x01\x00\x00\xe4\x0f\x0c\x36\x72\x26\x18\x3e\x00\x00\x00\x26\xd0\x01\x00\x00\x64\x0b\x04"
"\x84\x79\x3e\x61\x00\x00\x9a\x00\x00\x1a\x00\x00\x00\xe2\x0e\x02\x36\x72\x38\x18\x44\x00\x00\x00\x38\x50\x00\x00\x00\xe4\x1f\x0c"
"\x36\x72\x3a\x18\x44\x00\x00\x00\x3a\xd0\x00\x00\x00\xe4\x0f\x0c\x36\x72\x4c\x18\x44\x00\x00\x00\x4c\x50\x01\x00\x00\xe4\x0f\x0c"
"\x36\x72\x4e\x18\x44\x00\x00\x00\x4e\xd0\x01\x00\x00\x64\x0b\x04\x36\x72\x40\x18\x3c\x00\x00\x00\x40\x50\x00\x00\x00\xe2\x2f\x0c"
"\x84\x79\x44\x65\x00\x40\x98\x00\x00\x1a\x00\x00\x00\x22\x0e\x02\x36\x72\x42\x18\x3c\x00\x00\x00\x42\xd0\x00\x00\x00\xe4\x0f\x0c"
"\x36\x72\x34\x18\x3c\x00\x00\x00\x34\x50\x01\x00\x00\xe4\x0f\x0c\x36\x72\x36\x18\x3c\x00\x00\x00\x36\xd0\x01\x00\x00\x64\x0b\x04"
"\x36\x72\x48\x18\x32\x00\x00\x00\x48\x50\x00\x00\x00\xe2\x4f\x0c\x84\x79\x3c\x61\x00\x40\x9a\x00\x00\x1a\x00\x00\x00\x62\x0e\x02"
"\x36\x72\x4a\x18\x32\x00\x00\x00\x4a\xd0\x00\x00\x00\xe4\x0f\x0c\x36\x72\x2c\x18\x32\x00\x00\x00\x2c\x50\x01\x00\x00\xe4\x0f\x0c"
"\x36\x72\x2e\x18\x32\x00\x00\x00\x2e\xd0\x01\x00\x00\x64\x0b\x00\x36\x72\x28\x1a\x30\x00\x00\x00\x28\x50\x00\x00\x00\xe2\x0f\x0c"
"\x84\x79\x32\x65\x00\x00\x9c\x00\x00\x1a\x00\x00\x00\xa2\x0e\x02\x36\x72\x2a\x1a\x30\x00\x00\x00\x2a\xd0\x00\x00\x00\xe4\x0f\x0c"
"\x36\x72\x24\x1a\x30\x00\x00\x00\x24\x50\x01\x00\x00\xe4\x0f\x0c\x36\x72\x26\x1a\x30\x00\x00\x00\x26\xd0\x01\x00\x00\x64\x0b\x04"
"\x36\x72\x38\x1a\x1e\x00\x00\x00\x38\x50\x00\x00\x00\xe2\x0f\x0c\x84\x79\x30\x61\x00\x00\x9e\x00\x00\x1a\x00\x00\x00\x22\x0e\x02"
"\x36\x72\x3a\x1a\x1e\x00\x00\x00\x3a\xd0\x00\x00\x00\xe4\x0f\x0c\x36\x72\x4c\x1a\x1e\x00\x00\x00\x4c\x50\x01\x00\x00\xe4\x0f\x0c"
"\x36\x72\x4e\x1a\x1e\x00\x00\x00\x4e\xd0\x01\x00\x00\x64\x0b\x04\x84\x79\x1e\x65\x00\x40\x9c\x00\x00\x1a\x00\x00\x00\x62\x0e\x02"
"\x36\x72\x40\x1a\x1c\x00\x00\x00\x40\x50\x00\x00\x00\xe4\x8f\x0c\x36\x72\x42\x1a\x1c\x00\x00\x00\x42\xd0\x00\x00\x00\xe4\x0f\x0c"
"\x36\x72\x34\x1a\x1c\x00\x00\x00\x34\x50\x01\x00\x00\xe4\x0f\x0c\x36\x72\x36\x1a\x1c\x00\x00\x00\x36\xd0\x01\x00\x00\x64\x0b\x04"
"\x36\x72\x48\x1a\x16\x00\x00\x00\x48\x50\x00\x00\x00\xe2\x0f\x0d\x84\x79\x1c\x61\x00\x40\x9e\x00\x00\x1a\x00\x00\x00\xe2\x0e\x02"
"\x36\x72\x4a\x1a\x16\x00\x00\x00\x4a\xd0\x00\x00\x00\xe4\x0f\x0c\x36\x72\x18\x1a\x16\x00\x00\x00\x2c\x50\x01\x00\x00\xe4\x0f\x0c"
"\x36\x72\x1a\x1a\x16\x00\x00\x00\x2e\xd0\x01\x00\x00\x64\x0b\x00\x84\x79\x16\x65\x00\x00\xa0\x00\x00\x1a\x00\x00\x00\xe2\x0f\x02"
"\x36\x72\x28\x20\x46\x00\x00\x00\x28\x50\x00\x00\x00\xe4\x0f\x0c\x36\x72\x2a\x20\x46\x00\x00\x00\x2a\xd0\x00\x00\x00\xe2\x0f\x0c"
"\x84\x79\x2c\x66\x00\x40\xc0\x00\x00\x1c\x00\x00\x00\x22\x0f\x00\x36\x72\x24\x20\x46\x00\x00\x00\x24\x50\x01\x00\x00\xe4\x0f\x0c"
"\x36\x72\x26\x20\x46\x00\x00\x00\x26\xd0\x01\x00\x00\x64\x0b\x04\x36\x72\x38\x20\x3e\x00\x00\x00\x38\x50\x00\x00\x00\xe2\x0f\x0c"
"\x84\x79\x46\x61\x00\x00\xa2\x00\x00\x1a\x00\x00\x00\xe2\x0e\x02\x36\x72\x3a\x20\x3e\x00\x00\x00\x3a\xd0\x00\x00\x00\xe4\x0f\x0c"
"\x36\x72\x4c\x20\x3e\x00\x00\x00\x4c\x50\x01\x00\x00\xe4\x0f\x0c\x36\x72\x4e\x20\x3e\x00\x00\x00\x4e\xd0\x01\x00\x00\x64\x0b\x04"
"\x84\x79\x3e\x65\x00\x40\xa0\x00\x00\x1a\x00\x00\x00\xe2\x0e\x02\x36\x72\x40\x20\x44\x00\x00\x00\x40\x50\x00\x00\x00\xe4\x1f\x0c"
"\x36\x72\x42\x20\x44\x00\x00\x00\x42\xd0\x00\x00\x00\xe4\x0f\x0c\x36\x72\x34\x20\x44\x00\x00\x00\x34\x50\x01\x00\x00\xe4\x0f\x0c"
"\x36\x72\x36\x20\x44\x00\x00\x00\x36\xd0\x01\x00\x00\x64\x0b\x04\x36\x72\x48\x20\x3c\x00\x00\x00\x48\x50\x00\x00\x00\xe2\x2f\x0c"
"\x84\x79\x44\x61\x00\x40\xa2\x00\x00\x1a\x00\x00\x00\x22\x0e\x02\x36\x72\x4a\x20\x3c\x00\x00\x00\x4a\xd0\x00\x00\x00\xe4\x0f\x0c"
"\x36\x72\x18\x20\x3c\x00\x00\x00\x18\x50\x01\x00\x00\xe4\x0f\x0c\x36\x72\x1a\x20\x3c\x00\x00\x00\x1a\xd0\x01\x00\x00\x64\x0b\x00"
"\x36\x72\x28\x22\x32\x00\x00\x00\x28\x50\x00\x00\x00\xe2\x4f\x0c\x84\x79\x3c\x65\x00\x00\xa4\x00\x00\x1a\x00\x00\x00\x62\x0e\x02"
"\x36\x72\x2a\x22\x32\x00\x00\x00\x2a\xd0\x00\x00\x00\xe4\x0f\x0c\x36\x72\x24\x22\x32\x00\x00\x00\x24\x50\x01\x00\x00\xe4\x0f\x0c"
"\x36\x72\x26\x22\x32\x00\x00\x00\x26\xd0\x01\x00\x00\x64\x0b\x04\x36\x72\x38\x22\x30\x00\x00\x00\x38\x50\x00\x00\x00\xe2\x0f\x0c"
"\x84\x79\x32\x61\x00\x00\xa6\x00\x00\x1a\x00\x00\x00\xa2\x0e\x02\x36\x72\x3a\x22\x30\x00\x00\x00\x3a\xd0\x00\x00\x00\xe4\x0f\x0c"
"\x36\x72\x4c\x22\x30\x00\x00\x00\x4c\x50\x01\x00\x00\xe4\x0f\x0c\x36\x72\x4e\x22\x30\x00\x00\x00\x4e\xd0\x01\x00\x00\x64\x0b\x04"
"\x36\x72\x40\x22\x1e\x00\x00\x00\x40\x50\x00\x00\x00\xe2\x0f\x0c\x84\x79\x30\x65\x00\x40\xa4\x00\x00\x1a\x00\x00\x00\x22\x0e\x02"
"\x36\x72\x42\x22\x1e\x00\x00\x00\x42\xd0\x00\x00\x00\xe4\x0f\x0c\x36\x72\x34\x22\x1e\x00\x00\x00\x34\x50\x01\x00\x00\xe4\x0f\x0c"
"\x36\x72\x36\x22\x1e\x00\x00\x00\x36\xd0\x01\x00\x00\x64\x0b\x04\x84\x79\x1e\x61\x00\x40\xa6\x00\x00\x1a\x00\x00\x00\x62\x0e\x02"
"\x36\x72\x48\x22\x1c\x00\x00\x00\x48\x50\x00\x00\x00\xe4\x8f\x0c\x36\x72\x4a\x22\x1c\x00\x00\x00\x4a\xd0\x00\x00\x00\xe4\x0f\x0c"
"\x36\x72\x20\x22\x1c\x00\x00\x00\x18\x50\x01\x00\x00\xe4\x0f\x0c\x36\x72\x22\x22\x1c\x00\x00\x00\x1a\xd0\x01\x00\x00\x64\x0b\x00"
"\x84\x79\x1c\x65\x00\x00\xa8\x00\x00\x1a\x00\x00\x00\xe2\x0f\x02\x36\x72\x28\x2c\x16\x00\x00\x00\x28\x50\x00\x00\x00\xe4\x0f\x0d"
"\x36\x72\x2a\x2c\x16\x00\x00\x00\x2a\xd0\x00\x00\x00\xe2\x0f\x0c\x84\x79\x18\x66\x00\x50\xc0\x00\x00\x1c\x00\x00\x00\xe2\x0e\x00"
"\x36\x72\x24\x2c\x16\x00\x00\x00\x24\x50\x01\x00\x00\xe4\x0f\x0c\x36\x72\x26\x2c\x16\x00\x00\x00\x26\xd0\x01\x00\x00\x64\x0b\x04"
"\x36\x72\x38\x2c\x46\x00\x00\x00\x38\x50\x00\x00\x00\xe2\x0f\x0c\x84\x79\x16\x61\x00\x00\xaa\x00\x00\x1a\x00\x00\x00\x22\x0f\x02"
"\x36\x72\x3a\x2c\x46\x00\x00\x00\x3a\xd0\x00\x00\x00\xe4\x0f\x0c\x36\x72\x4c\x2c\x46\x00\x00\x00\x4c\x50\x01\x00\x00\xe4\x0f\x0c"
"\x36\x72\x4e\x2c\x46\x00\x00\x00\x4e\xd0\x01\x00\x00\x64\x0b\x04\x36\x72\x40\x2c\x3e\x00\x00\x00\x40\x50\x00\x00\x00\xe2\x0f\x0c"
"\x84\x79\x46\x65\x00\x40\xa8\x00\x00\x1a\x00\x00\x00\xe2\x0e\x02\x36\x72\x42\x2c\x3e\x00\x00\x00\x42\xd0\x00\x00\x00\xe4\x0f\x0c"
"\x36\x72\x34\x2c\x3e\x00\x00\x00\x34\x50\x01\x00\x00\xe4\x0f\x0c\x36\x72\x36\x2c\x3e\x00\x00\x00\x36\xd0\x01\x00\x00\x64\x0b\x04"
"\x84\x79\x3e\x61\x00\x40\xaa\x00\x00\x1a\x00\x00\x00\xe2\x0e\x02\x36\x72\x48\x2c\x44\x00\x00\x00\x48\x50\x00\x00\x00\xe4\x1f\x0c"
"\x36\x72\x4a\x2c\x44\x00\x00\x00\x4a\xd0\x00\x00\x00\xe4\x0f\x0c\x36\x72\x20\x2c\x44\x00\x00\x00\x20\x50\x01\x00\x00\xe4\x0f\x0c"
"\x36\x72\x22\x2c\x44\x00\x00\x00\x22\xd0\x01\x00\x00\x64\x0f\x00\x36\x72\x28\x2e\x3c\x00\x00\x00\x28\x50\x00\x00\x00\xe4\x2f\x0c"
"\x36\x72\x2a\x2e\x3c\x00\x00\x00\x2a\xd0\x00\x00\x00\xe4\x0f\x0c\x36\x72\x24\x2e\x3c\x00\x00\x00\x24\x50\x01\x00\x00\xe4\x0f\x0c"
"\x36\x72\x26\x2e\x3c\x00\x00\x00\x26\xd0\x01\x00\x00\x64\x0f\x04\x36\x72\x38\x2e\x32\x00\x00\x00\x38\x50\x00\x00\x00\xe4\x4f\x0c"
"\x36\x72\x3a\x2e\x32\x00\x00\x00\x3a\xd0\x00\x00\x00\xe4\x0f\x0c\x36\x72\x4c\x2e\x32\x00\x00\x00\x4c\x50\x01\x00\x00\xe4\x0f\x0c"
"\x36\x72\x4e\x2e\x32\x00\x00\x00\x4e\xd0\x01\x00\x00\x64\x0f\x04\x36\x72\x40\x2e\x30\x00\x00\x00\x40\x50\x00\x00\x00\xe4\x0f\x0c"
"\x36\x72\x42\x2e\x30\x00\x00\x00\x42\xd0\x00\x00\x00\xe4\x0f\x0c\x36\x72\x34\x2e\x30\x00\x00\x00\x34\x50\x01\x00\x00\xe4\x0f\x0c"
"\x36\x72\x36\x2e\x30\x00\x00\x00\x36\xd0\x01\x00\x00\x64\x0b\x04\x36\x72\x48\x2e\x1e\x00\x00\x00\x48\x50\x00\x00\x00\xe2\x0f\x0e"
"\x84\x79\x30\x66\x00\x60\xc0\x00\x00\x1c\x00\x00\x00\xe2\x0f\x00\x36\x72\x4a\x2e\x1e\x00\x00\x00\x4a\xd0\x00\x00\x00\xe4\x0f\x0c"
"\x36\x72\x2c\x2e\x1e\x00\x00\x00\x20\x50\x01\x00\x00\xe4\x0b\x0c\x36\x72\x2e\x2e\x1e\x00\x00\x00\x22\xd0\x01\x00\x00\x64\x0b\x00"
"\x84\x79\x20\x61\x00\x00\xb6\x00\x00\x1a\x00\x00\x00\xe2\x0f\x02\x36\x72\x28\x18\x1c\x00\x00\x00\x28\x50\x00\x00\x00\xe4\x8f\x0c"
"\x36\x72\x2a\x18\x1c\x00\x00\x00\x2a\xd0\x00\x00\x00\xe2\x0f\x0c\x84\x79\x22\x65\x00\x00\xb0\x00\x00\x1a\x00\x00\x00\x22\x0e\x00"
"\x36\x72\x24\x18\x1c\x00\x00\x00\x24\x50\x01\x00\x00\xe4\x0f\x0c\x36\x72\x26\x18\x1c\x00\x00\x00\x26\xd0\x01\x00\x00\x62\x0b\x04"
"\x84\x79\x1e\x61\x00\x00\xb2\x00\x00\x1a\x00\x00\x00\x62\x0e\x00\x36\x72\x38\x18\x16\x00\x00\x00\x38\x50\x00\x00\x00\xe4\x0f\x0d"
"\x36\x72\x3a\x18\x16\x00\x00\x00\x3a\xd0\x00\x00\x00\xe2\x0f\x0c\x84\x79\x1c\x65\x00\x40\xb4\x00\x00\x1a\x00\x00\x00\xe2\x0f\x02"
"\x36\x72\x4c\x18\x16\x00\x00\x00\x4c\x50\x01\x00\x00\xe4\x0f\x0c\x36\x72\x4e\x18\x16\x00\x00\x00\x4e\xd0\x01\x00\x00\x64\x0b\x04"
"\x36\x72\x40\x18\x46\x00\x00\x00\x40\x50\x00\x00\x00\xe2\x0f\x0c\x84\x79\x16\x61\x00\x40\xb6\x00\x00\x1a\x00\x00\x00\xe2\x0f\x02"
"\x36\x72\x42\x18\x46\x00\x00\x00\x42\xd0\x00\x00\x00\xe4\x0f\x0c\x36\x72\x44\x18\x46\x00\x00\x00\x34\x50\x01\x00\x00\xe4\x0b\x0c"
"\x36\x72\x46\x18\x46\x00\x00\x00\x36\xd0\x01\x00\x00\x64\x0b\x04\x84\x79\x34\x65\x00\x40\xb0\x00\x00\x1a\x00\x00\x00\xa2\x0e\x02"
"\x36\x72\x48\x18\x3e\x00\x00\x00\x48\x50\x00\x00\x00\xe4\x0f\x0c\x36\x72\x4a\x18\x3e\x00\x00\x00\x4a\xd0\x00\x00\x00\xe2\x0f\x0c"
"\x84\x79\x36\x65\x00\x00\xbc\x00\x00\x1a\x00\x00\x00\xe2\x0f\x00\x36\x72\x3c\x18\x3e\x00\x00\x00\x2c\x50\x01\x00\x00\xe4\x0b\x0c"
"\x36\x72\x3e\x18\x3e\x00\x00\x00\x2e\xd0\x01\x00\x00\x64\x0b\x00\x84\x79\x2c\x61\x00\x40\xb2\x00\x00\x1a\x00\x00\x00\xe2\x0e\x02"
"\x36\x72\x28\x1a\x5a\x00\x00\x00\x28\x50\x00\x00\x00\xe4\x0f\x0c\x36\x72\x2a\x1a\x5a\x00\x00\x00\x2a\xd0\x00\x00\x00\xe2\x0f\x0c"
"\x84\x79\x2e\x65\x00\x00\xb8\x00\x00\x1a\x00\x00\x00\xe2\x0f\x00\x36\x72\x58\x1a\x5a\x00\x00\x00\x24\x50\x01\x00\x00\xe4\x0b\x0c"
"\x36\x72\x5a\x1a\x5a\x00\x00\x00\x26\xd0\x01\x00\x00\x64\x0b\x04\x84\x79\x24\x65\x00\x00\xb4\x00\x00\x1a\x00\x00\x00\x22\x0f\x02"
"\x36\x72\x38\x1a\x56\x00\x00\x00\x38\x50\x00\x00\x00\xe4\x0f\x0c\x36\x72\x3a\x1a\x56\x00\x00\x00\x3a\xd0\x00\x00\x00\xe2\x0f\x0c"
"\x84\x79\x26\x61\x00\x00\xba\x00\x00\x1a\x00\x00\x00\xe2\x0f\x00\x36\x72\x54\x1a\x56\x00\x00\x00\x4c\x50\x01\x00\x00\xe4\x0f\x0c"
"\x36\x72\x56\x1a\x56\x00\x00\x00\x4e\xd0\x01\x00\x00\x64\x0b\x04\x36\x72\x40\x1a\x52\x00\x00\x00\x40\x50\x00\x00\x00\xe2\x0f\x0c"
"\x84\x79\x4e\x61\x00\x40\xbe\x00\x00\x1a\x00\x00\x00\xe2\x0f\x02\x36\x72\x42\x1a\x52\x00\x00\x00\x42\xd0\x00\x00\x00\xe4\x0f\x0c"
"\x36\x72\x50\x1a\x52\x00\x00\x00\x44\x50\x01\x00\x00\xe4\x0f\x0c\x36\x72\x52\x1a\x52\x00\x00\x00\x46\xd0\x01\x00\x00\x64\x0b\x04"
"\x36\x72\x48\x1a\x5e\x00\x00\x00\x48\x50\x00\x00\x00\xe2\x0f\x0c\x84\x79\x46\x65\x00\x40\xbc\x00\x00\x1a\x00\x00\x00\xe2\x0f\x02"
"\x36\x72\x4a\x1a\x5e\x00\x00\x00\x4a\xd0\x00\x00\x00\xe4\x0f\x0c\x36\x72\x5c\x1a\x5e\x00\x00\x00\x3c\x50\x01\x00\x00\xe4\x0f\x0c"
"\x36\x72\x5e\x1a\x5e\x00\x00\x00\x3e\xd0\x01\x00\x00\x64\x0b\x00\x84\x79\x18\x66\x00\x70\xc0\x00\x00\x1c\x00\x00\x00\x22\x0f\x02"
"\x36\x72\x28\x30\x22\x00\x00\x00\x28\x50\x00\x00\x00\xe4\x1f\x0c\x36\x72\x2a\x30\x22\x00\x00\x00\x2a\xd0\x00\x00\x00\xe2\x0f\x0c"
"\x84\x79\x3e\x61\x00\x00\xbe\x00\x00\x1a\x00\x00\x00\xe2\x0f\x00\x36\x72\x58\x30\x22\x00\x00\x00\x58\x50\x01\x00\x00\xe4\x0f\x0c"
"\x36\x72\x5a\x30\x22\x00\x00\x00\x5a\xd0\x01\x00\x00\x64\x0b\x04\x36\x72\x38\x30\x1e\x00\x00\x00\x38\x50\x00\x00\x00\xe2\x2f\x0c"
"\x84\x79\x22\x65\x00\x40\xb8\x00\x00\x1a\x00\x00\x00\x22\x0e\x02\x36\x72\x3a\x30\x1e\x00\x00\x00\x3a\xd0\x00\x00\x00\xe4\x0f\x0c"
"\x36\x72\x54\x30\x1e\x00\x00\x00\x54\x50\x01\x00\x00\xe4\x0f\x0c\x36\x72\x56\x30\x1e\x00\x00\x00\x56\xd0\x01\x00\x00\x64\x0b\x04"
"\x84\x79\x1e\x61\x00\x40\xba\x00\x00\x1a\x00\x00\x00\x62\x0e\x02\x36\x72\x40\x30\x34\x00\x00\x00\x40\x50\x00\x00\x00\xe4\x4f\x0c"
"\x36\x72\x42\x30\x34\x00\x00\x00\x42\xd0\x00\x00\x00\xe4\x0f\x0c\x36\x72\x50\x30\x34\x00\x00\x00\x50\x50\x01\x00\x00\xe4\x0f\x0c"
"\x36\x72\x52\x30\x34\x00\x00\x00\x52\xd0\x01\x00\x00\x64\x0f\x04\x36\x72\x48\x30\x2c\x00\x00\x00\x48\x50\x00\x00\x00\xe4\x8f\x0c"
"\x36\x72\x4a\x30\x2c\x00\x00\x00\x4a\xd0\x00\x00\x00\xe4\x0f\x0c\x36\x72\x5c\x30\x2c\x00\x00\x00\x5c\x50\x01\x00\x00\xe4\x0f\x0c"
"\x36\x72\x5e\x30\x2c\x00\x00\x00\x5e\xd0\x01\x00\x00\x64\x0f\x00\x36\x72\x28\x32\x24\x00\x00\x00\x28\x50\x00\x00\x00\xe4\x0f\x0d"
"\x36\x72\x2a\x32\x24\x00\x00\x00\x2a\xd0\x00\x00\x00\xe4\x0f\x0c\x36\x72\x58\x32\x24\x00\x00\x00\x58\x50\x01\x00\x00\xe4\x0f\x0c"
"\x36\x72\x5a\x32\x24\x00\x00\x00\x5a\xd0\x01\x00\x00\x64\x0f\x04\x36\x72\x38\x32\x20\x00\x00\x00\x38\x50\x00\x00\x00\xe4\x0f\x0c"
"\x36\x72\x3a\x32\x20\x00\x00\x00\x3a\xd0\x00\x00\x00\xe4\x0f\x0c\x36\x72\x54\x32\x20\x00\x00\x00\x54\x50\x01\x00\x00\xe4\x0f\x0c"
"\x36\x72\x56\x32\x20\x00\x00\x00\x56\xd0\x01\x00\x00\x64\x0f\x04\x36\x72\x40\x32\x1c\x00\x00\x00\x40\x50\x00\x00\x00\xe4\x0f\x0e"
"\x36\x72\x42\x32\x1c\x00\x00\x00\x42\xd0\x00\x00\x00\xe4\x0f\x0c\x36\x72\x50\x32\x1c\x00\x00\x00\x50\x50\x01\x00\x00\xe4\x0f\x0c"
"\x36\x72\x52\x32\x1c\x00\x00\x00\x52\xd0\x01\x00\x00\x64\x0f\x04\x36\x72\x48\x32\x16\x00\x00\x00\x48\x50\x00\x00\x00\xe4\x0f\x0c"
"\x36\x72\x4a\x32\x16\x00\x00\x00\x4a\xd0\x00\x00\x00\xe4\x0f\x0c\x36\x72\x30\x32\x16\x00\x00\x00\x5c\x50\x01\x00\x00\xe4\x0f\x0c"
"\x36\x72\x32\x32\x16\x00\x00\x00\x5e\xd0\x01\x00\x00\x64\x0f\x00\x36\x72\x28\x18\x2e\x00\x00\x00\x28\x50\x00\x00\x00\xe4\x0f\x0c"
"\x36\x72\x2a\x18\x2e\x00\x00\x00\x2a\xd0\x00\x00\x00\xe4\x0f\x0c\x36\x72\x2c\x18\x2e\x00\x00\x00\x58\x50\x01\x00\x00\xe4\x0f\x0c"
"\x36\x72\x2e\x18\x2e\x00\x00\x00\x5a\xd0\x01\x00\x00\x64\x0f\x04\x36\x72\x38\x18\x26\x00\x00\x00\x38\x50\x00\x00\x00\xe4\x0f\x0c"
"\x36\x72\x3a\x18\x26\x00\x00\x00\x3a\xd0\x00\x00\x00\xe4\x0f\x0c\x36\x72\x24\x18\x26\x00\x00\x00\x54\x50\x01\x00\x00\xe4\x0f\x0c"
"\x36\x72\x26\x18\x26\x00\x00\x00\x56\xd0\x01\x00\x00\x64\x0f\x04\x36\x72\x40\x18\x22\x00\x00\x00\x40\x50\x00\x00\x00\xe4\x1f\x0e"
"\x36\x72\x42\x18\x22\x00\x00\x00\x42\xd0\x00\x00\x00\xe4\x0f\x0c\x36\x72\x20\x18\x22\x00\x00\x00\x50\x50\x01\x00\x00\xe4\x0f\x0c"
"\x36\x72\x22\x18\x22\x00\x00\x00\x52\xd0\x01\x00\x00\x64\x0f\x04\x36\x72\x48\x18\x1e\x00\x00\x00\x48\x50\x00\x00\x00\xe4\x2f\x0c"
"\x36\x72\x4a\x18\x1e\x00\x00\x00\x4a\xd0\x00\x00\x00\xe4\x0f\x0c\x36\x72\x1c\x18\x1e\x00\x00\x00\x30\x50\x01\x00\x00\xe4\x0f\x0c"
"\x36\x72\x1e\x18\x1e\x00\x00\x00\x32\xd0\x01\x00\x00\x64\x0f\x00\x36\x72\x28\x1a\x36\x00\x00\x00\x28\x50\x00\x00\x00\x64\x0b\x0c"
"\x36\x72\x2a\x1a\x36\x00\x00\x00\x2a\xd0\x00\x00\x00\x64\x0b\x0c\x36\x72\x34\x1a\x36\x00\x00\x00\x2c\x50\x01\x00\x00\x64\x0b\x0c"
"\x36\x72\x36\x1a\x36\x00\x00\x00\x2e\xd0\x01\x00\x00\x64\x0b\x04\x36\x72\x38\x1a\x3e\x00\x00\x00\x38\x50\x00\x00\x00\x64\x0b\x0c"
"\x36\x72\x3a\x1a\x3e\x00\x00\x00\x3a\xd0\x00\x00\x00\x64\x0b\x0c\x36\x72\x3c\x1a\x3e\x00\x00\x00\x24\x50\x01\x00\x00\x64\x0b\x0c"
"\x36\x72\x3e\x1a\x3e\x00\x00\x00\x26\xd0\x01\x00\x00\x64\x0b\x04\x36\x72\x40\x1a\x46\x00\x00\x00\x40\x50\x00\x00\x00\x64\x0b\x0e"
"\x36\x72\x42\x1a\x46\x00\x00\x00\x42\xd0\x00\x00\x00\x64\x0b\x0c\x36\x72\x44\x1a\x46\x00\x00\x00\x20\x50\x01\x00\x00\x64\x0b\x0c"
"\x36\x72\x46\x1a\x46\x00\x00\x00\x22\xd0\x01\x00\x00\x64\x0b\x04\x36\x72\x48\x1a\x4e\x00\x00\x00\x48\x50\x00\x00\x00\x64\x0b\x0c"
"\x36\x72\x4a\x1a\x4e\x00\x00\x00\x4a\xd0\x00\x00\x00\x64\x0b\x0c\x36\x72\x4c\x1a\x4e\x00\x00\x00\x1c\x50\x01\x00\x00\x64\x0b\x0c"
"\x36\x72\x4e\x1a\x4e\x00\x00\x00\x1e\xd0\x01\x00\x00\x62\x0b\x00\x47\x89\x00\x00\x30\x28\xff\xff\xff\xff\x83\x03\x00\xea\x0f\x00"
"\x12\x78\x00\x02\x04\x00\x00\x00\xff\xc0\x8e\x07\x00\xe2\x0f\x00\x55\x73\xff\x00\x00\x00\x00\x00\x00\x00\x10\x00\x00\xe2\x0f\x00"
"\x19\x78\x6e\xff\x04\x00\x00\x00\x6e\x16\x01\x00\x00\xe2\x0f\x00\x45\x79\x00\x00\x70\x25\x00\x00\x00\x00\x80\x03\x00\xe2\x0f\x00"
"\x19\x78\x06\xff\x01\x00\x00\x00\x00\x16\x01\x00\x00\xc8\x0f\x00\x11\x72\x03\x6f\x06\x00\x00\x00\xff\xe8\x8f\x07\x00\xc8\x0f\x00"
"\x10\x72\x06\x03\x6e\x00\x00\x00\xff\xe0\xff\x07\x00\xc8\x0f\x00\x0c\x72\x00\x06\x71\x00\x00\x00\x70\x62\xf4\x03\x00\xd8\x0f\x00"
"\x47\x29\x00\x00\x10\x25\x00\x00\x00\x00\x80\x03\x00\xea\x0f\x00\x0b\x72\x00\x15\xff\x00\x00\x00\x00\xd0\xf0\x03\x00\xe2\x0f\x04"
"\x19\x79\x17\x00\x00\x00\x00\x00\x00\x25\x00\x00\x00\x22\x0e\x00\x55\x73\xff\x03\x00\x00\x00\x00\x00\x00\x10\x00\x00\xe2\x0f\x00"
"\x45\x79\x03\x00\xf0\x00\x00\x00\x00\x00\x80\x03\x00\xe2\x0f\x00\x08\x78\x03\x15\x00\x00\x80\x3f\x00\x00\x00\x00\x00\xe2\x0f\x00"
"\x19\x79\x0c\x00\x00\x00\x00\x00\x00\x26\x00\x00\x00\x6a\x0e\x00\x08\x73\x06\x00\x03\x00\x00\x00\x00\x10\x00\x00\x00\xb0\x0e\x00"
"\x02\x73\x00\x28\x03\x00\x00\x00\x00\x00\x00\x00\x00\xe2\x0e\x00\x23\x74\x05\x03\x00\x00\x80\x3f\x06\x01\x00\x00\x00\xc8\x4f\x00"
"\x23\x72\x05\x06\x05\x00\x00\x00\x06\x00\x00\x00\x00\xc8\x0f\x00\x23\x72\x06\x05\x28\x00\x00\x00\xff\x00\x00\x00\x00\xc8\x0f\x00"
"\x23\x72\x07\x03\x06\x00\x00\x00\x28\x01\x00\x00\x00\xc8\x0f\x00\x23\x72\x05\x05\x07\x00\x00\x00\x06\x00\x00\x00\x00\xe2\x0f\x00"
"\x47\x89\x00\x00\x40\x00\x00\x00\x00\x00\x80\x03\x00\xea\x8f\x00\x24\x72\x0f\xff\xff\x00\x00\x00\x03\x00\x8e\x07\x00\xe2\x3f\x00"
"\x02\x78\x12\x00\xc0\xef\x00\x00\x00\x0f\x00\x00\x00\xc8\x0f\x00\x44\x79\x00\x00\x20\x2f\x00\x00\x00\x00\xc0\x03\x00\xea\x0f\x02"
"\x24\x72\x05\xff\xff\x00\x00\x00\x0f\x00\x8e\x07\x00\xc8\x1f\x00\x41\x79\x03\x00\x00\x00\x00\x00\x00\x00\x80\x03\x00\xea\x3f\x00"
"\x08\x73\x06\x00\x03\x00\x00\x00\x00\x10\x00\x00\x00\x22\x0e\x00\x55\x73\xff\x03\x00\x00\x00\x00\x00\x00\x10\x00\x00\xe2\x0f\x00"
"\x45\x79\x03\x00\xd0\x00\x00\x00\x00\x00\x80\x03\x00\xec\x0f\x00\x02\x73\x00\x29\x03\x00\x00\x00\x00\x00\x00\x00\x00\x62\x0e\x00"
"\x23\x74\x07\x03\x00\x00\x80\x3f\x06\x01\x00\x00\x00\xc8\x1f\x00\x23\x72\x0a\x06\x07\x00\x00\x00\x06\x00\x00\x00\x00\xc8\x0f\x00"
"\x23\x72\x06\x0a\x29\x00\x00\x00\xff\x00\x00\x00\x00\xc8\x0f\x00\x23\x72\x07\x03\x06\x00\x00\x00\x29\x01\x00\x00\x00\xc8\x0f\x00"
"\x23\x72\x07\x0a\x07\x00\x00\x00\x06\x00\x00\x00\x00\xe2\x0f\x00\x47\x89\x00\x00\x50\x00\x00\x00\x00\x00\x80\x03\x00\xea\x2f\x00"
"\x24\x72\x28\xff\xff\x00\x00\x00\x29\x00\x8e\x07\x00\xe2\x0f\x00\x02\x78\x12\x00\xc0\xf0\x00\x00\x00\x0f\x00\x00\x00\xe2\x0f\x00"
"\x24\x72\x0f\xff\xff\x00\x00\x00\x03\x00\x8e\x07\x00\xc8\x0f\x00\x44\x79\x00\x00\x20\x2e\x00\x00\x00\x00\xc0\x03\x00\xea\x0f\x02"
"\x24\x72\x07\xff\xff\x00\x00\x00\x0f\x00\x8e\x07\x00\xc8\x1f\x00\x41\x79\x03\x00\x00\x00\x00\x00\x00\x00\x80\x03\x00\xea\x0f\x00"
"\x11\x72\x6d\x0c\x6d\x00\x00\x00\xff\x70\x8e\x07\x00\xe2\x0f\x00\x24\x78\x06\x02\x40\x00\x00\x00\xff\x00\x8e\x07\x00\xe2\x0f\x04"
"\x12\x78\x0a\x02\x08\x00\x00\x00\xff\xc0\x8e\x07\x00\xe2\x0f\x00\x04\x73\x09\x00\x05\x00\x00\x00\x00\x08\x20\x00\x00\xe2\x01\x00"
"\x0b\x72\x00\x14\xff\x00\x00\x00\x00\xd0\xf0\x03\x00\xe2\x0f\x00\x24\x78\x6d\x62\x40\x00\x00\x00\x6d\x02\x8e\x07\x00\xe2\x0f\x00"
"\x12\x78\x0b\x04\x80\x30\x00\x00\xff\xc0\x8e\x07\x00\xe2\x0f\x00\x55\x73\xff\x03\x00\x00\x00\x00\x00\x00\x10\x00\x00\xe2\x0f\x00"
"\x12\x78\x04\x06\x00\x04\x00\x00\xff\xc0\x8e\x07\x00\xe2\x0f\x00\x45\x79\x03\x00\x80\x01\x00\x00\x00\x00\x80\x03\x00\xe2\x0f\x00"
"\x11\x72\x6d\x0a\x6d\x00\x00\x00\xff\xf8\x8f\x07\x00\xe2\x0f\x00\x24\x74\x05\xff\x02\x00\x00\x00\xff\x00\x8e\x07\x00\xe2\x1f\x00"
"\x04\x73\x0a\x00\x07\x00\x00\x00\x00\x08\x20\x00\x00\x22\x0e\x00\x08\x78\x06\x14\x00\x00\x80\x3f\x00\x00\x00\x00\x00\xc4\x0f\x00"
"\x10\x72\x0b\x0b\x6d\x00\x00\x00\x04\xe0\xff\x07\x00\xe2\x0f\x00\x24\x78\x04\x00\x01\x00\x00\x00\x17\x02\x8e\x07\x00\xc8\x0f\x00"
"\x08\x73\x0d\x00\x06\x00\x00\x00\x00\x10\x00\x00\x00\x62\x0e\x00\x24\x78\x04\x04\x00\x02\x00\x00\x0b\x02\x8e\x07\x00\xc8\x0f\x00"
"\x25\x76\x04\x04\x00\x5c\x00\x00\x05\x02\x8e\x07\x00\xe2\x0f\x00\x16\x78\x09\x09\x10\x54\x00\x00\x0a\x00\x00\x00\x00\xe4\x1f\x00"
"\x02\x73\x00\x2a\x06\x00\x00\x00\x00\x00\x00\x00\x00\x2c\x0e\x00\x86\x73\x00\x04\x09\x00\x00\x00\x00\xe9\x10\x00\x00\xe2\x05\x00"
"\x23\x74\x0a\x06\x00\x00\x80\x3f\x0d\x01\x00\x00\x00\xc8\x2f\x00\x23\x72\x0d\x0d\x0a\x00\x00\x00\x0d\x00\x00\x00\x00\xc8\x0f\x00"
"\x23\x72\x07\x0d\x2a\x00\x00\x00\xff\x00\x00\x00\x00\xc8\x0f\x00\x23\x72\x0a\x06\x07\x00\x00\x00\x2a\x01\x00\x00\x00\xc8\x0f\x00"
"\x23\x72\x07\x0d\x0a\x00\x00\x00\x07\x00\x00\x00\x00\xe2\x0f\x00\x47\x89\x00\x00\x50\x00\x00\x00\x00\x00\x80\x03\x00\xea\x1f\x00"
"\x02\x72\x28\x00\x2a\x00\x00\x00\x00\x0f\x00\x00\x00\xe2\x4f\x00\x24\x72\x0f\xff\xff\x00\x00\x00\x06\x00\x8e\x07\x00\xe2\x0f\x00"
"\x02\x78\x12\x00\xe0\xf2\x00\x00\x00\x0f\x00\x00\x00\xc8\x0f\x00\x44\x79\x00\x00\x00\x2c\x00\x00\x00\x00\xc0\x03\x00\xea\x0f\x02"
"\x24\x72\x07\xff\xff\x00\x00\x00\x0f\x00\x8e\x07\x00\xc8\x1f\x00\x41\x79\x03\x00\x00\x00\x00\x00\x00\x00\x80\x03\x00\xea\x4f\x00"
"\x08\x73\x09\x00\x06\x00\x00\x00\x00\x10\x00\x00\x00\x22\x0e\x00\x55\x73\xff\x03\x00\x00\x00\x00\x00\x00\x10\x00\x00\xe2\x0f\x00"
"\x45\x79\x03\x00\xd0\x00\x00\x00\x00\x00\x80\x03\x00\xec\x0f\x00\x02\x73\x00\x2b\x06\x00\x00\x00\x00\x00\x00\x00\x00\x62\x0e\x00"
"\x23\x74\x0a\x06\x00\x00\x80\x3f\x09\x01\x00\x00\x00\xc8\x1f\x00\x23\x72\x0c\x09\x0a\x00\x00\x00\x09\x00\x00\x00\x00\xc8\x0f\x00"
"\x23\x72\x09\x0c\x2b\x00\x00\x00\xff\x00\x00\x00\x00\xc8\x0f\x00\x23\x72\x0a\x06\x09\x00\x00\x00\x2b\x01\x00\x00\x00\xc8\x0f\x00"
"\x23\x72\x09\x0c\x0a\x00\x00\x00\x09\x00\x00\x00\x00\xe2\x0f\x00\x47\x89\x00\x00\x50\x00\x00\x00\x00\x00\x80\x03\x00\xea\x2f\x00"
"\x24\x72\x28\xff\xff\x00\x00\x00\x2b\x00\x8e\x07\x00\xe2\x0f\x00\x02\x78\x12\x00\xe0\xf3\x00\x00\x00\x0f\x00\x00\x00\xe2\x0f\x00"
"\x24\x72\x0f\xff\xff\x00\x00\x00\x06\x00\x8e\x07\x00\xc8\x0f\x00\x44\x79\x00\x00\x00\x2b\x00\x00\x00\x00\xc0\x03\x00\xea\x0f\x02"
"\x24\x72\x09\xff\xff\x00\x00\x00\x0f\x00\x8e\x07\x00\xc8\x1f\x00\x41\x79\x03\x00\x00\x00\x00\x00\x00\x00\x80\x03\x00\xea\x0f\x00"
"\x04\x73\x07\x00\x07\x00\x00\x00\x00\x08\x20\x00\x00\xe2\x0f\x00\x55\x73\xff\x03\x00\x00\x00\x00\x00\x00\x10\x00\x00\xe2\x0f\x00"
"\x45\x79\x03\x00\x10\x01\x00\x00\x00\x00\x80\x03\x00\xec\x0f\x00\x04\x73\x0a\x00\x09\x00\x00\x00\x00\x08\x20\x00\x00\x30\x0e\x00"
"\x08\x73\x0c\x00\x03\x00\x00\x00\x00\x10\x00\x00\x00\x62\x0e\x00\x16\x78\x07\x07\x10\x54\x00\x00\x0a\x00\x00\x00\x00\xce\x1f\x00"
"\x02\x73\x00\x34\x03\x00\x00\x00\x00\x00\x00\x00\x00\x22\x0e\x00\x86\x73\x00\x04\x07\x00\x02\x00\x00\xe9\x10\x00\x00\xe2\x05\x00"
"\x23\x74\x0b\x03\x00\x00\x80\x3f\x0c\x01\x00\x00\x00\xc8\x2f\x00\x23\x72\x0d\x0c\x0b\x00\x00\x00\x0c\x00\x00\x00\x00\xc8\x0f\x00"
"\x23\x72\x0a\x0d\x34\x00\x00\x00\xff\x00\x00\x00\x00\xc8\x0f\x00\x23\x72\x0b\x03\x0a\x00\x00\x00\x34\x01\x00\x00\x00\xc8\x0f\x00"
"\x23\x72\x0c\x0d\x0b\x00\x00\x00\x0a\x00\x00\x00\x00\xe2\x0f\x00\x47\x89\x00\x00\x50\x00\x00\x00\x00\x00\x80\x03\x00\xea\x1f\x00"
"\x02\x72\x28\x00\x34\x00\x00\x00\x00\x0f\x00\x00\x00\xe2\x4f\x00\x24\x72\x0f\xff\xff\x00\x00\x00\x03\x00\x8e\x07\x00\xe2\x0f\x00"
"\x02\x78\x12\x00\x20\xf5\x00\x00\x00\x0f\x00\x00\x00\xc8\x0f\x00\x44\x79\x00\x00\xc0\x29\x00\x00\x00\x00\xc0\x03\x00\xea\x0f\x02"
"\x24\x72\x0c\xff\xff\x00\x00\x00\x0f\x00\x8e\x07\x00\xc8\x1f\x00\x41\x79\x03\x00\x00\x00\x00\x00\x00\x00\x80\x03\x00\xea\x4f\x00"
"\x08\x73\x0a\x00\x03\x00\x00\x00\x00\x10\x00\x00\x00\x22\x0e\x00\x55\x73\xff\x03\x00\x00\x00\x00\x00\x00\x10\x00\x00\xe2\x0f\x00"
"\x45\x79\x03\x00\xd0\x00\x00\x00\x00\x00\x80\x03\x00\xec\x0f\x00\x02\x73\x00\x35\x03\x00\x00\x00\x00\x00\x00\x00\x00\x62\x0e\x00"
"\x23\x74\x07\x03\x00\x00\x80\x3f\x0a\x01\x00\x00\x00\xc8\x1f\x00\x23\x72\x0e\x0a\x07\x00\x00\x00\x0a\x00\x00\x00\x00\xc8\x0f\x00"
"\x23\x72\x0a\x0e\x35\x00\x00\x00\xff\x00\x00\x00\x00\xc8\x0f\x00\x23\x72\x07\x03\x0a\x00\x00\x00\x35\x01\x00\x00\x00\xc8\x0f\x00"
"\x23\x72\x07\x0e\x07\x00\x00\x00\x0a\x00\x00\x00\x00\xe2\x0f\x00\x47\x89\x00\x00\x50\x00\x00\x00\x00\x00\x80\x03\x00\xea\x2f\x00"
"\x24\x72\x28\xff\xff\x00\x00\x00\x35\x00\x8e\x07\x00\xe2\x0f\x00\x02\x78\x12\x00\x20\xf6\x00\x00\x00\x0f\x00\x00\x00\xe2\x0f\x00"
"\x24\x72\x0f\xff\xff\x00\x00\x00\x03\x00\x8e\x07\x00\xc8\x0f\x00\x44\x79\x00\x00\xc0\x28\x00\x00\x00\x00\xc0\x03\x00\xea\x0f\x02"
"\x24\x72\x07\xff\xff\x00\x00\x00\x0f\x00\x8e\x07\x00\xc8\x1f\x00\x41\x79\x03\x00\x00\x00\x00\x00\x00\x00\x80\x03\x00\xea\x0f\x00"
"\x04\x73\x0c\x00\x0c\x00\x00\x00\x00\x08\x20\x00\x00\xe2\x0f\x00\x55\x73\xff\x03\x00\x00\x00\x00\x00\x00\x10\x00\x00\xe2\x0f\x00"
"\x45\x79\x03\x00\x10\x01\x00\x00\x00\x00\x80\x03\x00\xec\x0f\x00\x04\x73\x07\x00\x07\x00\x00\x00\x00\x08\x20\x00\x00\x30\x0e\x00"
"\x08\x73\x09\x00\x06\x00\x00\x00\x00\x10\x00\x00\x00\x62\x0e\x00\x16\x78\x07\x0c\x10\x54\x00\x00\x07\x00\x00\x00\x00\xce\x1f\x00"
"\x02\x73\x00\x36\x06\x00\x00\x00\x00\x00\x00\x00\x00\x22\x0e\x00\x86\x73\x00\x04\x07\x10\x00\x00\x00\xe9\x10\x00\x00\xe2\x05\x00"
"\x23\x74\x0a\x06\x00\x00\x80\x3f\x09\x01\x00\x00\x00\xc8\x2f\x00\x23\x72\x0b\x09\x0a\x00\x00\x00\x09\x00\x00\x00\x00\xc8\x0f\x00"
"\x23\x72\x09\x0b\x36\x00\x00\x00\xff\x00\x00\x00\x00\xc8\x0f\x00\x23\x72\x0a\x06\x09\x00\x00\x00\x36\x01\x00\x00\x00\xc8\x0f\x00"
"\x23\x72\x09\x0b\x0a\x00\x00\x00\x09\x00\x00\x00\x00\xe2\x0f\x00\x47\x89\x00\x00\x50\x00\x00\x00\x00\x00\x80\x03\x00\xea\x1f\x00"
"\x02\x72\x28\x00\x36\x00\x00\x00\x00\x0f\x00\x00\x00\xe2\x4f\x00\x24\x72\x0f\xff\xff\x00\x00\x00\x06\x00\x8e\x07\x00\xe2\x0f\x00"
"\x02\x78\x12\x00\x60\xf7\x00\x00\x00\x0f\x00\x00\x00\xc8\x0f\x00\x44\x79\x00\x00\x80\x27\x00\x00\x00\x00\xc0\x03\x00\xea\x0f\x02"
"\x24\x72\x09\xff\xff\x00\x00\x00\x0f\x00\x8e\x07\x00\xc8\x1f\x00\x41\x79\x03\x00\x00\x00\x00\x00\x00\x00\x80\x03\x00\xea\x4f\x00"
"\x08\x73\x07\x00\x06\x00\x00\x00\x00\x10\x00\x00\x00\x22\x0e\x00\x55\x73\xff\x03\x00\x00\x00\x00\x00\x00\x10\x00\x00\xe2\x0f\x00"
"\x45\x79\x03\x00\xd0\x00\x00\x00\x00\x00\x80\x03\x00\xec\x0f\x00\x02\x73\x00\x37\x06\x00\x00\x00\x00\x00\x00\x00\x00\x62\x0e\x00"
"\x23\x74\x0a\x06\x00\x00\x80\x3f\x07\x01\x00\x00\x00\xc8\x1f\x00\x23\x72\x0c\x07\x0a\x00\x00\x00\x07\x00\x00\x00\x00\xc8\x0f\x00"
"\x23\x72\x07\x0c\x37\x00\x00\x00\xff\x00\x00\x00\x00\xc8\x0f\x00\x23\x72\x0a\x06\x07\x00\x00\x00\x37\x01\x00\x00\x00\xc8\x0f\x00"
"\x23\x72\x07\x0c\x0a\x00\x00\x00\x07\x00\x00\x00\x00\xe2\x0f\x00\x47\x89\x00\x00\x50\x00\x00\x00\x00\x00\x80\x03\x00\xea\x2f\x00"
"\x24\x72\x28\xff\xff\x00\x00\x00\x37\x00\x8e\x07\x00\xe2\x0f\x00\x02\x78\x12\x00\x60\xf8\x00\x00\x00\x0f\x00\x00\x00\xe2\x0f\x00"
"\x24\x72\x0f\xff\xff\x00\x00\x00\x06\x00\x8e\x07\x00\xc8\x0f\x00\x44\x79\x00\x00\x80\x26\x00\x00\x00\x00\xc0\x03\x00\xea\x0f\x02"
"\x24\x72\x07\xff\xff\x00\x00\x00\x0f\x00\x8e\x07\x00\xc8\x1f\x00\x41\x79\x03\x00\x00\x00\x00\x00\x00\x00\x80\x03\x00\xea\x0f\x00"
"\x04\x73\x09\x00\x09\x00\x00\x00\x00\x08\x20\x00\x00\xe2\x0f\x00\x55\x73\xff\x03\x00\x00\x00\x00\x00\x00\x10\x00\x00\xe2\x0f\x00"
"\x45\x79\x03\x00\x10\x01\x00\x00\x00\x00\x80\x03\x00\xec\x0f\x00\x04\x73\x0a\x00\x07\x00\x00\x00\x00\x08\x20\x00\x00\x30\x0e\x00"
"\x08\x73\x0c\x00\x03\x00\x00\x00\x00\x10\x00\x00\x00\x62\x0e\x00\x16\x78\x09\x09\x10\x54\x00\x00\x0a\x00\x00\x00\x00\xce\x1f\x00"
"\x02\x73\x00\x38\x03\x00\x00\x00\x00\x00\x00\x00\x00\x22\x0e\x00\x86\x73\x00\x04\x09\x10\x02\x00\x00\xe9\x10\x00\x00\xe2\x05\x00"
"\x23\x74\x0b\x03\x00\x00\x80\x3f\x0c\x01\x00\x00\x00\xc8\x2f\x00\x23\x72\x0d\x0c\x0b\x00\x00\x00\x0c\x00\x00\x00\x00\xc8\x0f\x00"
"\x23\x72\x0a\x0d\x38\x00\x00\x00\xff\x00\x00\x00\x00\xc8\x0f\x00\x23\x72\x0b\x03\x0a\x00\x00\x00\x38\x01\x00\x00\x00\xc8\x0f\x00"
"\x23\x72\x0c\x0d\x0b\x00\x00\x00\x0a\x00\x00\x00\x00\xe2\x0f\x00\x47\x89\x00\x00\x50\x00\x00\x00\x00\x00\x80\x03\x00\xea\x1f\x00"
"\x02\x72\x28\x00\x38\x00\x00\x00\x00\x0f\x00\x00\x00\xe2\x4f\x00\x24\x72\x0f\xff\xff\x00\x00\x00\x03\x00\x8e\x07\x00\xe2\x0f\x00"
"\x02\x78\x12\x00\xa0\xf9\x00\x00\x00\x0f\x00\x00\x00\xc8\x0f\x00\x44\x79\x00\x00\x40\x25\x00\x00\x00\x00\xc0\x03\x00\xea\x0f\x02"
"\x24\x72\x0c\xff\xff\x00\x00\x00\x0f\x00\x8e\x07\x00\xc8\x1f\x00\x41\x79\x03\x00\x00\x00\x00\x00\x00\x00\x80\x03\x00\xea\x4f\x00"
"\x08\x73\x0a\x00\x03\x00\x00\x00\x00\x10\x00\x00\x00\x22\x0e\x00\x55\x73\xff\x03\x00\x00\x00\x00\x00\x00\x10\x00\x00\xe2\x0f\x00"
"\x45\x79\x03\x00\xd0\x00\x00\x00\x00\x00\x80\x03\x00\xec\x0f\x00\x02\x73\x00\x39\x03\x00\x00\x00\x00\x00\x00\x00\x00\x62\x0e\x00"
"\x23\x74\x07\x03\x00\x00\x80\x3f\x0a\x01\x00\x00\x00\xc8\x1f\x00\x23\x72\x0e\x0a\x07\x00\x00\x00\x0a\x00\x00\x00\x00\xc8\x0f\x00"
"\x23\x72\x0a\x0e\x39\x00\x00\x00\xff\x00\x00\x00\x00\xc8\x0f\x00\x23\x72\x07\x03\x0a\x00\x00\x00\x39\x01\x00\x00\x00\xc8\x0f\x00"
"\x23\x72\x07\x0e\x07\x00\x00\x00\x0a\x00\x00\x00\x00\xe2\x0f\x00\x47\x89\x00\x00\x50\x00\x00\x00\x00\x00\x80\x03\x00\xea\x2f\x00"
"\x24\x72\x28\xff\xff\x00\x00\x00\x39\x00\x8e\x07\x00\xe2\x0f\x00\x02\x78\x12\x00\xa0\xfa\x00\x00\x00\x0f\x00\x00\x00\xe2\x0f\x00"
"\x24\x72\x0f\xff\xff\x00\x00\x00\x03\x00\x8e\x07\x00\xc8\x0f\x00\x44\x79\x00\x00\x40\x24\x00\x00\x00\x00\xc0\x03\x00\xea\x0f\x02"
"\x24\x72\x07\xff\xff\x00\x00\x00\x0f\x00\x8e\x07\x00\xc8\x1f\x00\x41\x79\x03\x00\x00\x00\x00\x00\x00\x00\x80\x03\x00\xea\x0f\x00"
"\x04\x73\x0c\x00\x0c\x00\x00\x00\x00\x08\x20\x00\x00\xe2\x0f\x00\x55\x73\xff\x03\x00\x00\x00\x00\x00\x00\x10\x00\x00\xe2\x0f\x00"
"\x45\x79\x03\x00\x10\x01\x00\x00\x00\x00\x80\x03\x00\xec\x0f\x00\x04\x73\x07\x00\x07\x00\x00\x00\x00\x08\x20\x00\x00\x30\x0e\x00"
"\x08\x73\x09\x00\x06\x00\x00\x00\x00\x10\x00\x00\x00\x62\x0e\x00\x16\x78\x07\x0c\x10\x54\x00\x00\x07\x00\x00\x00\x00\xce\x1f\x00"
"\x02\x73\x00\x3a\x06\x00\x00\x00\x00\x00\x00\x00\x00\x22\x0e\x00\x86\x73\x00\x04\x07\x20\x00\x00\x00\xe9\x10\x00\x00\xe2\x05\x00"
"\x23\x74\x0a\x06\x00\x00\x80\x3f\x09\x01\x00\x00\x00\xc8\x2f\x00\x23\x72\x0b\x09\x0a\x00\x00\x00\x09\x00\x00\x00\x00\xc8\x0f\x00"
"\x23\x72\x09\x0b\x3a\x00\x00\x00\xff\x00\x00\x00\x00\xc8\x0f\x00\x23\x72\x0a\x06\x09\x00\x00\x00\x3a\x01\x00\x00\x00\xc8\x0f\x00"
"\x23\x72\x09\x0b\x0a\x00\x00\x00\x09\x00\x00\x00\x00\xe2\x0f\x00\x47\x89\x00\x00\x50\x00\x00\x00\x00\x00\x80\x03\x00\xea\x1f\x00"
"\x02\x72\x28\x00\x3a\x00\x00\x00\x00\x0f\x00\x00\x00\xe2\x4f\x00\x24\x72\x0f\xff\xff\x00\x00\x00\x06\x00\x8e\x07\x00\xe2\x0f\x00"
"\x02\x78\x12\x00\xe0\xfb\x00\x00\x00\x0f\x00\x00\x00\xc8\x0f\x00\x44\x79\x00\x00\x00\x23\x00\x00\x00\x00\xc0\x03\x00\xea\x0f\x02"
"\x24\x72\x09\xff\xff\x00\x00\x00\x0f\x00\x8e\x07\x00\xc8\x1f\x00\x41\x79\x03\x00\x00\x00\x00\x00\x00\x00\x80\x03\x00\xea\x4f\x00"
"\x08\x73\x07\x00\x06\x00\x00\x00\x00\x10\x00\x00\x00\x22\x0e\x00\x55\x73\xff\x03\x00\x00\x00\x00\x00\x00\x10\x00\x00\xe2\x0f\x00"
"\x45\x79\x03\x00\xd0\x00\x00\x00\x00\x00\x80\x03\x00\xec\x0f\x00\x02\x73\x00\x3b\x06\x00\x00\x00\x00\x00\x00\x00\x00\x62\x0e\x00"
"\x23\x74\x0a\x06\x00\x00\x80\x3f\x07\x01\x00\x00\x00\xc8\x1f\x00\x23\x72\x0c\x07\x0a\x00\x00\x00\x07\x00\x00\x00\x00\xc8\x0f\x00"
"\x23\x72\x07\x0c\x3b\x00\x00\x00\xff\x00\x00\x00\x00\xc8\x0f\x00\x23\x72\x0a\x06\x07\x00\x00\x00\x3b\x01\x00\x00\x00\xc8\x0f\x00"
"\x23\x72\x07\x0c\x0a\x00\x00\x00\x07\x00\x00\x00\x00\xe2\x0f\x00\x47\x89\x00\x00\x50\x00\x00\x00\x00\x00\x80\x03\x00\xea\x2f\x00"
"\x24\x72\x28\xff\xff\x00\x00\x00\x3b\x00\x8e\x07\x00\xe2\x0f\x00\x02\x78\x12\x00\xe0\xfc\x00\x00\x00\x0f\x00\x00\x00\xe2\x0f\x00"
"\x24\x72\x0f\xff\xff\x00\x00\x00\x06\x00\x8e\x07\x00\xc8\x0f\x00\x44\x79\x00\x00\x00\x22\x00\x00\x00\x00\xc0\x03\x00\xea\x0f\x02"
"\x24\x72\x07\xff\xff\x00\x00\x00\x0f\x00\x8e\x07\x00\xc8\x1f\x00\x41\x79\x03\x00\x00\x00\x00\x00\x00\x00\x80\x03\x00\xea\x0f\x00"
"\x04\x73\x09\x00\x09\x00\x00\x00\x00\x08\x20\x00\x00\xe2\x0f\x00\x55\x73\xff\x03\x00\x00\x00\x00\x00\x00\x10\x00\x00\xe2\x0f\x00"
"\x45\x79\x03\x00\x10\x01\x00\x00\x00\x00\x80\x03\x00\xec\x0f\x00\x04\x73\x0a\x00\x07\x00\x00\x00\x00\x08\x20\x00\x00\x30\x0e\x00"
"\x08\x73\x0c\x00\x03\x00\x00\x00\x00\x10\x00\x00\x00\x62\x0e\x00\x16\x78\x09\x09\x10\x54\x00\x00\x0a\x00\x00\x00\x00\xce\x1f\x00"
"\x02\x73\x00\x3c\x03\x00\x00\x00\x00\x00\x00\x00\x00\x22\x0e\x00\x86\x73\x00\x04\x09\x20\x02\x00\x00\xe9\x10\x00\x00\xe2\x05\x00"
"\x23\x74\x0b\x03\x00\x00\x80\x3f\x0c\x01\x00\x00\x00\xc8\x2f\x00\x23\x72\x0d\x0c\x0b\x00\x00\x00\x0c\x00\x00\x00\x00\xc8\x0f\x00"
"\x23\x72\x0a\x0d\x3c\x00\x00\x00\xff\x00\x00\x00\x00\xc8\x0f\x00\x23\x72\x0b\x03\x0a\x00\x00\x00\x3c\x01\x00\x00\x00\xc8\x0f\x00"
"\x23\x72\x0c\x0d\x0b\x00\x00\x00\x0a\x00\x00\x00\x00\xe2\x0f\x00\x47\x89\x00\x00\x50\x00\x00\x00\x00\x00\x80\x03\x00\xea\x1f\x00"
"\x02\x72\x28\x00\x3c\x00\x00\x00\x00\x0f\x00\x00\x00\xe2\x4f\x00\x24\x72\x0f\xff\xff\x00\x00\x00\x03\x00\x8e\x07\x00\xe2\x0f\x00"
"\x02\x78\x12\x00\x20\xfe\x00\x00\x00\x0f\x00\x00\x00\xc8\x0f\x00\x44\x79\x00\x00\xc0\x20\x00\x00\x00\x00\xc0\x03\x00\xea\x0f\x02"
"\x24\x72\x0c\xff\xff\x00\x00\x00\x0f\x00\x8e\x07\x00\xc8\x1f\x00\x41\x79\x03\x00\x00\x00\x00\x00\x00\x00\x80\x03\x00\xea\x4f\x00"
"\x08\x73\x0a\x00\x03\x00\x00\x00\x00\x10\x00\x00\x00\x22\x0e\x00\x55\x73\xff\x03\x00\x00\x00\x00\x00\x00\x10\x00\x00\xe2\x0f\x00"
"\x45\x79\x03\x00\xd0\x00\x00\x00\x00\x00\x80\x03\x00\xec\x0f\x00\x02\x73\x00\x3d\x03\x00\x00\x00\x00\x00\x00\x00\x00\x62\x0e\x00"
"\x23\x74\x07\x03\x00\x00\x80\x3f\x0a\x01\x00\x00\x00\xc8\x1f\x00\x23\x72\x0e\x0a\x07\x00\x00\x00\x0a\x00\x00\x00\x00\xc8\x0f\x00"
"\x23\x72\x0a\x0e\x3d\x00\x00\x00\xff\x00\x00\x00\x00\xc8\x0f\x00\x23\x72\x07\x03\x0a\x00\x00\x00\x3d\x01\x00\x00\x00\xc8\x0f\x00"
"\x23\x72\x07\x0e\x07\x00\x00\x00\x0a\x00\x00\x00\x00\xe2\x0f\x00\x47\x89\x00\x00\x50\x00\x00\x00\x00\x00\x80\x03\x00\xea\x2f\x00"
"\x24\x72\x28\xff\xff\x00\x00\x00\x3d\x00\x8e\x07\x00\xe2\x0f\x00\x02\x78\x12\x00\x20\xff\x00\x00\x00\x0f\x00\x00\x00\xe2\x0f\x00"
"\x24\x72\x0f\xff\xff\x00\x00\x00\x03\x00\x8e\x07\x00\xc8\x0f\x00\x44\x79\x00\x00\xc0\x1f\x00\x00\x00\x00\xc0\x03\x00\xea\x0f\x02"
"\x24\x72\x07\xff\xff\x00\x00\x00\x0f\x00\x8e\x07\x00\xc8\x1f\x00\x41\x79\x03\x00\x00\x00\x00\x00\x00\x00\x80\x03\x00\xea\x0f\x00"
"\x04\x73\x0c\x00\x0c\x00\x00\x00\x00\x08\x20\x00\x00\xe2\x0f\x00\x55\x73\xff\x03\x00\x00\x00\x00\x00\x00\x10\x00\x00\xe2\x0f\x00"
"\x45\x79\x03\x00\x10\x01\x00\x00\x00\x00\x80\x03\x00\xec\x0f\x00\x04\x73\x07\x00\x07\x00\x00\x00\x00\x08\x20\x00\x00\x30\x0e\x00"
"\x08\x73\x09\x00\x06\x00\x00\x00\x00\x10\x00\x00\x00\x62\x0e\x00\x16\x78\x07\x0c\x10\x54\x00\x00\x07\x00\x00\x00\x00\xce\x1f\x00"
"\x02\x73\x00\x3e\x06\x00\x00\x00\x00\x00\x00\x00\x00\x22\x0e\x00\x86\x73\x00\x04\x07\x30\x00\x00\x00\xe9\x10\x00\x00\xe2\x05\x00"
"\x23\x74\x0a\x06\x00\x00\x80\x3f\x09\x01\x00\x00\x00\xc8\x2f\x00\x23\x72\x0b\x09\x0a\x00\x00\x00\x09\x00\x00\x00\x00\xc8\x0f\x00"
"\x23\x72\x09\x0b\x3e\x00\x00\x00\xff\x00\x00\x00\x00\xc8\x0f\x00\x23\x72\x0a\x06\x09\x00\x00\x00\x3e\x01\x00\x00\x00\xc8\x0f\x00"
"\x23\x72\x09\x0b\x0a\x00\x00\x00\x09\x00\x00\x00\x00\xe2\x0f\x00\x47\x89\x00\x00\x50\x00\x00\x00\x00\x00\x80\x03\x00\xea\x1f\x00"
"\x02\x72\x28\x00\x3e\x00\x00\x00\x00\x0f\x00\x00\x00\xe2\x4f\x00\x24\x72\x0f\xff\xff\x00\x00\x00\x06\x00\x8e\x07\x00\xe2\x0f\x00"
"\x02\x78\x12\x00\x60\x00\x01\x00\x00\x0f\x00\x00\x00\xc8\x0f\x00\x44\x79\x00\x00\x80\x1e\x00\x00\x00\x00\xc0\x03\x00\xea\x0f\x02"
"\x24\x72\x09\xff\xff\x00\x00\x00\x0f\x00\x8e\x07\x00\xc8\x1f\x00\x41\x79\x03\x00\x00\x00\x00\x00\x00\x00\x80\x03\x00\xea\x4f\x00"
"\x08\x73\x07\x00\x06\x00\x00\x00\x00\x10\x00\x00\x00\x22\x0e\x00\x55\x73\xff\x03\x00\x00\x00\x00\x00\x00\x10\x00\x00\xe2\x0f\x00"
"\x45\x79\x03\x00\xd0\x00\x00\x00\x00\x00\x80\x03\x00\xec\x0f\x00\x02\x73\x00\x3f\x06\x00\x00\x00\x00\x00\x00\x00\x00\x62\x0e\x00"
"\x23\x74\x0a\x06\x00\x00\x80\x3f\x07\x01\x00\x00\x00\xc8\x1f\x00\x23\x72\x0c\x07\x0a\x00\x00\x00\x07\x00\x00\x00\x00\xc8\x0f\x00"
"\x23\x72\x07\x0c\x3f\x00\x00\x00\xff\x00\x00\x00\x00\xc8\x0f\x00\x23\x72\x0a\x06\x07\x00\x00\x00\x3f\x01\x00\x00\x00\xc8\x0f\x00"
"\x23\x72\x07\x0c\x0a\x00\x00\x00\x07\x00\x00\x00\x00\xe2\x0f\x00\x47\x89\x00\x00\x50\x00\x00\x00\x00\x00\x80\x03\x00\xea\x2f\x00"
"\x24\x72\x28\xff\xff\x00\x00\x00\x3f\x00\x8e\x07\x00\xe2\x0f\x00\x02\x78\x12\x00\x60\x01\x01\x00\x00\x0f\x00\x00\x00\xe2\x0f\x00"
"\x24\x72\x0f\xff\xff\x00\x00\x00\x06\x00\x8e\x07\x00\xc8\x0f\x00\x44\x79\x00\x00\x80\x1d\x00\x00\x00\x00\xc0\x03\x00\xea\x0f\x02"
"\x24\x72\x07\xff\xff\x00\x00\x00\x0f\x00\x8e\x07\x00\xc8\x1f\x00\x41\x79\x03\x00\x00\x00\x00\x00\x00\x00\x80\x03\x00\xea\x0f\x00"
"\x04\x73\x09\x00\x09\x00\x00\x00\x00\x08\x20\x00\x00\xe2\x0f\x00\x55\x73\xff\x03\x00\x00\x00\x00\x00\x00\x10\x00\x00\xe2\x0f\x00"
"\x45\x79\x03\x00\x10\x01\x00\x00\x00\x00\x80\x03\x00\xec\x0f\x00\x04\x73\x0a\x00\x07\x00\x00\x00\x00\x08\x20\x00\x00\x30\x0e\x00"
"\x08\x73\x0c\x00\x03\x00\x00\x00\x00\x10\x00\x00\x00\x62\x0e\x00\x16\x78\x09\x09\x10\x54\x00\x00\x0a\x00\x00\x00\x00\xce\x1f\x00"
"\x02\x73\x00\x40\x03\x00\x00\x00\x00\x00\x00\x00\x00\x22\x0e\x02\x86\x73\x00\x04\x09\x30\x02\x00\x00\xe9\x10\x00\x00\xe2\x05\x00"
"\x23\x74\x0b\x03\x00\x00\x80\x3f\x0c\x01\x00\x00\x00\xc8\x2f\x00\x23\x72\x0d\x0c\x0b\x00\x00\x00\x0c\x00\x00\x00\x00\xc8\x0f\x00"
"\x23\x72\x0a\x0d\x40\x00\x00\x00\xff\x00\x00\x00\x00\xc8\x0f\x00\x23\x72\x0b\x03\x0a\x00\x00\x00\x40\x01\x00\x00\x00\xc8\x0f\x00"
"\x23\x72\x0c\x0d\x0b\x00\x00\x00\x0a\x00\x00\x00\x00\xe2\x0f\x00\x47\x89\x00\x00\x50\x00\x00\x00\x00\x00\x80\x03\x00\xea\x1f\x00"
"\x02\x72\x28\x00\x40\x00\x00\x00\x00\x0f\x00\x00\x00\xe2\x4f\x00\x24\x72\x0f\xff\xff\x00\x00\x00\x03\x00\x8e\x07\x00\xe2\x0f\x00"
"\x02\x78\x12\x00\xa0\x02\x01\x00\x00\x0f\x00\x00\x00\xc8\x0f\x00\x44\x79\x00\x00\x40\x1c\x00\x00\x00\x00\xc0\x03\x00\xea\x0f\x00"
"\x24\x72\x0c\xff\xff\x00\x00\x00\x0f\x00\x8e\x07\x00\xc8\x1f\x00\x41\x79\x03\x00\x00\x00\x00\x00\x00\x00\x80\x03\x00\xea\x4f\x00"
"\x08\x73\x0a\x00\x03\x00\x00\x00\x00\x10\x00\x00\x00\x22\x0e\x00\x55\x73\xff\x03\x00\x00\x00\x00\x00\x00\x10\x00\x00\xe2\x0f\x00"
"\x45\x79\x03\x00\xd0\x00\x00\x00\x00\x00\x80\x03\x00\xec\x0f\x00\x02\x73\x00\x41\x03\x00\x00\x00\x00\x00\x00\x00\x00\x62\x0e\x00"
"\x23\x74\x07\x03\x00\x00\x80\x3f\x0a\x01\x00\x00\x00\xc8\x1f\x00\x23\x72\x0e\x0a\x07\x00\x00\x00\x0a\x00\x00\x00\x00\xc8\x0f\x00"
"\x23\x72\x0a\x0e\x41\x00\x00\x00\xff\x00\x00\x00\x00\xc8\x0f\x00\x23\x72\x07\x03\x0a\x00\x00\x00\x41\x01\x00\x00\x00\xc8\x0f\x00"
"\x23\x72\x07\x0e\x07\x00\x00\x00\x0a\x00\x00\x00\x00\xe2\x0f\x00\x47\x89\x00\x00\x50\x00\x00\x00\x00\x00\x80\x03\x00\xea\x2f\x00"
"\x24\x72\x28\xff\xff\x00\x00\x00\x41\x00\x8e\x07\x00\xe2\x0f\x00\x02\x78\x12\x00\xa0\x03\x01\x00\x00\x0f\x00\x00\x00\xe2\x0f\x00"
"\x24\x72\x0f\xff\xff\x00\x00\x00\x03\x00\x8e\x07\x00\xc8\x0f\x00\x44\x79\x00\x00\x40\x1b\x00\x00\x00\x00\xc0\x03\x00\xea\x0f\x00"
"\x24\x72\x07\xff\xff\x00\x00\x00\x0f\x00\x8e\x07\x00\xc8\x1f\x00\x41\x79\x03\x00\x00\x00\x00\x00\x00\x00\x80\x03\x00\xea\x0f\x00"
"\x04\x73\x0c\x00\x0c\x00\x00\x00\x00\x08\x20\x00\x00\xe2\x0f\x00\x55\x73\xff\x03\x00\x00\x00\x00\x00\x00\x10\x00\x00\xe2\x0f\x00"
"\x45\x79\x03\x00\x10\x01\x00\x00\x00\x00\x80\x03\x00\xec\x0f\x00\x04\x73\x07\x00\x07\x00\x00\x00\x00\x08\x20\x00\x00\x30\x0e\x00"
"\x08\x73\x09\x00\x06\x00\x00\x00\x00\x10\x00\x00\x00\x62\x0e\x00\x16\x78\x07\x0c\x10\x54\x00\x00\x07\x00\x00\x00\x00\xce\x1f\x00"
"\x02\x73\x00\x42\x06\x00\x00\x00\x00\x00\x00\x00\x00\x22\x0e\x00\x86\x73\x00\x04\x07\x40\x00\x00\x00\xe9\x10\x00\x00\xe2\x05\x00"
"\x23\x74\x0a\x06\x00\x00\x80\x3f\x09\x01\x00\x00\x00\xc8\x2f\x00\x23\x72\x0b\x09\x0a\x00\x00\x00\x09\x00\x00\x00\x00\xc8\x0f\x00"
"\x23\x72\x09\x0b\x42\x00\x00\x00\xff\x00\x00\x00\x00\xc8\x0f\x00\x23\x72\x0a\x06\x09\x00\x00\x00\x42\x01\x00\x00\x00\xc8\x0f\x00"
"\x23\x72\x09\x0b\x0a\x00\x00\x00\x09\x00\x00\x00\x00\xe2\x0f\x00\x47\x89\x00\x00\x50\x00\x00\x00\x00\x00\x80\x03\x00\xea\x1f\x00"
"\x02\x72\x28\x00\x42\x00\x00\x00\x00\x0f\x00\x00\x00\xe2\x4f\x00\x24\x72\x0f\xff\xff\x00\x00\x00\x06\x00\x8e\x07\x00\xe2\x0f\x00"
"\x02\x78\x12\x00\xe0\x04\x01\x00\x00\x0f\x00\x00\x00\xc8\x0f\x00\x44\x79\x00\x00\x00\x1a\x00\x00\x00\x00\xc0\x03\x00\xea\x0f\x00"
"\x24\x72\x09\xff\xff\x00\x00\x00\x0f\x00\x8e\x07\x00\xc8\x1f\x00\x41\x79\x03\x00\x00\x00\x00\x00\x00\x00\x80\x03\x00\xea\x4f\x00"
"\x08\x73\x07\x00\x06\x00\x00\x00\x00\x10\x00\x00\x00\x22\x0e\x00\x55\x73\xff\x03\x00\x00\x00\x00\x00\x00\x10\x00\x00\xe2\x0f\x00"
"\x45\x79\x03\x00\xd0\x00\x00\x00\x00\x00\x80\x03\x00\xec\x0f\x00\x02\x73\x00\x43\x06\x00\x00\x00\x00\x00\x00\x00\x00\x62\x0e\x00"
"\x23\x74\x0a\x06\x00\x00\x80\x3f\x07\x01\x00\x00\x00\xc8\x1f\x00\x23\x72\x0c\x07\x0a\x00\x00\x00\x07\x00\x00\x00\x00\xc8\x0f\x00"
"\x23\x72\x07\x0c\x43\x00\x00\x00\xff\x00\x00\x00\x00\xc8\x0f\x00\x23\x72\x0a\x06\x07\x00\x00\x00\x43\x01\x00\x00\x00\xc8\x0f\x00"
"\x23\x72\x07\x0c\x0a\x00\x00\x00\x07\x00\x00\x00\x00\xe2\x0f\x00\x47\x89\x00\x00\x50\x00\x00\x00\x00\x00\x80\x03\x00\xea\x2f\x00"
"\x24\x72\x28\xff\xff\x00\x00\x00\x43\x00\x8e\x07\x00\xe2\x0f\x00\x02\x78\x12\x00\xe0\x05\x01\x00\x00\x0f\x00\x00\x00\xe2\x0f\x00"
"\x24\x72\x0f\xff\xff\x00\x00\x00\x06\x00\x8e\x07\x00\xc8\x0f\x00\x44\x79\x00\x00\x00\x19\x00\x00\x00\x00\xc0\x03\x00\xea\x0f\x00"
"\x24\x72\x07\xff\xff\x00\x00\x00\x0f\x00\x8e\x07\x00\xc8\x1f\x00\x41\x79\x03\x00\x00\x00\x00\x00\x00\x00\x80\x03\x00\xea\x0f\x00"
"\x04\x73\x09\x00\x09\x00\x00\x00\x00\x08\x20\x00\x00\xe2\x0f\x00\x55\x73\xff\x03\x00\x00\x00\x00\x00\x00\x10\x00\x00\xe2\x0f\x00"
"\x45\x79\x03\x00\x10\x01\x00\x00\x00\x00\x80\x03\x00\xec\x0f\x00\x04\x73\x0a\x00\x07\x00\x00\x00\x00\x08\x20\x00\x00\x30\x0e\x00"
"\x08\x73\x0c\x00\x03\x00\x00\x00\x00\x10\x00\x00\x00\x62\x0e\x00\x16\x78\x09\x09\x10\x54\x00\x00\x0a\x00\x00\x00\x00\xce\x1f\x00"
"\x02\x73\x00\x44\x03\x00\x00\x00\x00\x00\x00\x00\x00\x22\x0e\x00\x86\x73\x00\x04\x09\x40\x02\x00\x00\xe9\x10\x00\x00\xe2\x05\x00"
"\x23\x74\x0b\x03\x00\x00\x80\x3f\x0c\x01\x00\x00\x00\xc8\x2f\x00\x23\x72\x0d\x0c\x0b\x00\x00\x00\x0c\x00\x00\x00\x00\xc8\x0f\x00"
"\x23\x72\x0a\x0d\x44\x00\x00\x00\xff\x00\x00\x00\x00\xc8\x0f\x00\x23\x72\x0b\x03\x0a\x00\x00\x00\x44\x01\x00\x00\x00\xc8\x0f\x00"
"\x23\x72\x0c\x0d\x0b\x00\x00\x00\x0a\x00\x00\x00\x00\xe2\x0f\x00\x47\x89\x00\x00\x50\x00\x00\x00\x00\x00\x80\x03\x00\xea\x1f\x00"
"\x02\x72\x28\x00\x44\x00\x00\x00\x00\x0f\x00\x00\x00\xe2\x4f\x00\x24\x72\x0f\xff\xff\x00\x00\x00\x03\x00\x8e\x07\x00\xe2\x0f\x00"
"\x02\x78\x12\x00\x20\x07\x01\x00\x00\x0f\x00\x00\x00\xc8\x0f\x00\x44\x79\x00\x00\xc0\x17\x00\x00\x00\x00\xc0\x03\x00\xea\x0f\x00"
"\x24\x72\x0c\xff\xff\x00\x00\x00\x0f\x00\x8e\x07\x00\xc8\x1f\x00\x41\x79\x03\x00\x00\x00\x00\x00\x00\x00\x80\x03\x00\xea\x4f\x00"
"\x08\x73\x0a\x00\x03\x00\x00\x00\x00\x10\x00\x00\x00\x22\x0e\x00\x55\x73\xff\x03\x00\x00\x00\x00\x00\x00\x10\x00\x00\xe2\x0f\x00"
"\x45\x79\x03\x00\xd0\x00\x00\x00\x00\x00\x80\x03\x00\xec\x0f\x00\x02\x73\x00\x45\x03\x00\x00\x00\x00\x00\x00\x00\x00\x62\x0e\x00"
"\x23\x74\x07\x03\x00\x00\x80\x3f\x0a\x01\x00\x00\x00\xc8\x1f\x00\x23\x72\x0e\x0a\x07\x00\x00\x00\x0a\x00\x00\x00\x00\xc8\x0f\x00"
"\x23\x72\x0a\x0e\x45\x00\x00\x00\xff\x00\x00\x00\x00\xc8\x0f\x00\x23\x72\x07\x03\x0a\x00\x00\x00\x45\x01\x00\x00\x00\xc8\x0f\x00"
"\x23\x72\x07\x0e\x07\x00\x00\x00\x0a\x00\x00\x00\x00\xe2\x0f\x00\x47\x89\x00\x00\x50\x00\x00\x00\x00\x00\x80\x03\x00\xea\x2f\x00"
"\x24\x72\x28\xff\xff\x00\x00\x00\x45\x00\x8e\x07\x00\xe2\x0f\x00\x02\x78\x12\x00\x20\x08\x01\x00\x00\x0f\x00\x00\x00\xe2\x0f\x00"
"\x24\x72\x0f\xff\xff\x00\x00\x00\x03\x00\x8e\x07\x00\xc8\x0f\x00\x44\x79\x00\x00\xc0\x16\x00\x00\x00\x00\xc0\x03\x00\xea\x0f\x00"
"\x24\x72\x07\xff\xff\x00\x00\x00\x0f\x00\x8e\x07\x00\xc8\x1f\x00\x41\x79\x03\x00\x00\x00\x00\x00\x00\x00\x80\x03\x00\xea\x0f\x00"
"\x04\x73\x0c\x00\x0c\x00\x00\x00\x00\x08\x20\x00\x00\xe2\x0f\x00\x55\x73\xff\x03\x00\x00\x00\x00\x00\x00\x10\x00\x00\xe2\x0f\x00"
"\x45\x79\x03\x00\x10\x01\x00\x00\x00\x00\x80\x03\x00\xec\x0f\x00\x04\x73\x07\x00\x07\x00\x00\x00\x00\x08\x20\x00\x00\x30\x0e\x00"
"\x08\x73\x09\x00\x06\x00\x00\x00\x00\x10\x00\x00\x00\x62\x0e\x00\x16\x78\x07\x0c\x10\x54\x00\x00\x07\x00\x00\x00\x00\xce\x1f\x00"
"\x02\x73\x00\x46\x06\x00\x00\x00\x00\x00\x00\x00\x00\x22\x0e\x00\x86\x73\x00\x04\x07\x50\x00\x00\x00\xe9\x10\x00\x00\xe2\x05\x00"
"\x23\x74\x0a\x06\x00\x00\x80\x3f\x09\x01\x00\x00\x00\xc8\x2f\x00\x23\x72\x0b\x09\x0a\x00\x00\x00\x09\x00\x00\x00\x00\xc8\x0f\x00"
"\x23\x72\x09\x0b\x46\x00\x00\x00\xff\x00\x00\x00\x00\xc8\x0f\x00\x23\x72\x0a\x06\x09\x00\x00\x00\x46\x01\x00\x00\x00\xc8\x0f\x00"
"\x23\x72\x09\x0b\x0a\x00\x00\x00\x09\x00\x00\x00\x00\xe2\x0f\x00\x47\x89\x00\x00\x50\x00\x00\x00\x00\x00\x80\x03\x00\xea\x1f\x00"
"\x02\x72\x28\x00\x46\x00\x00\x00\x00\x0f\x00\x00\x00\xe2\x4f\x00\x24\x72\x0f\xff\xff\x00\x00\x00\x06\x00\x8e\x07\x00\xe2\x0f\x00"
"\x02\x78\x12\x00\x60\x09\x01\x00\x00\x0f\x00\x00\x00\xc8\x0f\x00\x44\x79\x00\x00\x80\x15\x00\x00\x00\x00\xc0\x03\x00\xea\x0f\x00"
"\x24\x72\x09\xff\xff\x00\x00\x00\x0f\x00\x8e\x07\x00\xc8\x1f\x00\x41\x79\x03\x00\x00\x00\x00\x00\x00\x00\x80\x03\x00\xea\x4f\x00"
"\x08\x73\x07\x00\x06\x00\x00\x00\x00\x10\x00\x00\x00\x22\x0e\x00\x55\x73\xff\x03\x00\x00\x00\x00\x00\x00\x10\x00\x00\xe2\x0f\x00"
"\x45\x79\x03\x00\xd0\x00\x00\x00\x00\x00\x80\x03\x00\xec\x0f\x00\x02\x73\x00\x47\x06\x00\x00\x00\x00\x00\x00\x00\x00\x62\x0e\x00"
"\x23\x74\x0a\x06\x00\x00\x80\x3f\x07\x01\x00\x00\x00\xc8\x1f\x00\x23\x72\x0c\x07\x0a\x00\x00\x00\x07\x00\x00\x00\x00\xc8\x0f\x00"
"\x23\x72\x07\x0c\x47\x00\x00\x00\xff\x00\x00\x00\x00\xc8\x0f\x00\x23\x72\x0a\x06\x07\x00\x00\x00\x47\x01\x00\x00\x00\xc8\x0f\x00"
"\x23\x72\x07\x0c\x0a\x00\x00\x00\x07\x00\x00\x00\x00\xe2\x0f\x00\x47\x89\x00\x00\x50\x00\x00\x00\x00\x00\x80\x03\x00\xea\x2f\x00"
"\x24\x72\x28\xff\xff\x00\x00\x00\x47\x00\x8e\x07\x00\xe2\x0f\x00\x02\x78\x12\x00\x60\x0a\x01\x00\x00\x0f\x00\x00\x00\xe2\x0f\x00"
"\x24\x72\x0f\xff\xff\x00\x00\x00\x06\x00\x8e\x07\x00\xc8\x0f\x00\x44\x79\x00\x00\x80\x14\x00\x00\x00\x00\xc0\x03\x00\xea\x0f\x00"
"\x24\x72\x07\xff\xff\x00\x00\x00\x0f\x00\x8e\x07\x00\xc8\x1f\x00\x41\x79\x03\x00\x00\x00\x00\x00\x00\x00\x80\x03\x00\xea\x0f\x00"
"\x04\x73\x09\x00\x09\x00\x00\x00\x00\x08\x20\x00\x00\xe2\x0f\x00\x55\x73\xff\x03\x00\x00\x00\x00\x00\x00\x10\x00\x00\xe2\x0f\x00"
"\x45\x79\x03\x00\x10\x01\x00\x00\x00\x00\x80\x03\x00\xec\x0f\x00\x04\x73\x0a\x00\x07\x00\x00\x00\x00\x08\x20\x00\x00\x30\x0e\x00"
"\x08\x73\x0c\x00\x03\x00\x00\x00\x00\x10\x00\x00\x00\x62\x0e\x00\x16\x78\x09\x09\x10\x54\x00\x00\x0a\x00\x00\x00\x00\xce\x1f\x00"
"\x02\x73\x00\x48\x03\x00\x00\x00\x00\x00\x00\x00\x00\x22\x0e\x00\x86\x73\x00\x04\x09\x50\x02\x00\x00\xe9\x10\x00\x00\xe2\x05\x00"
"\x23\x74\x0b\x03\x00\x00\x80\x3f\x0c\x01\x00\x00\x00\xc8\x2f\x00\x23\x72\x0d\x0c\x0b\x00\x00\x00\x0c\x00\x00\x00\x00\xc8\x0f\x00"
"\x23\x72\x0a\x0d\x48\x00\x00\x00\xff\x00\x00\x00\x00\xc8\x0f\x00\x23\x72\x0b\x03\x0a\x00\x00\x00\x48\x01\x00\x00\x00\xc8\x0f\x00"
"\x23\x72\x0c\x0d\x0b\x00\x00\x00\x0a\x00\x00\x00\x00\xe2\x0f\x00\x47\x89\x00\x00\x50\x00\x00\x00\x00\x00\x80\x03\x00\xea\x1f\x00"
"\x02\x72\x28\x00\x48\x00\x00\x00\x00\x0f\x00\x00\x00\xe2\x4f\x00\x24\x72\x0f\xff\xff\x00\x00\x00\x03\x00\x8e\x07\x00\xe2\x0f\x00"
"\x02\x78\x12\x00\xa0\x0b\x01\x00\x00\x0f\x00\x00\x00\xc8\x0f\x00\x44\x79\x00\x00\x40\x13\x00\x00\x00\x00\xc0\x03\x00\xea\x0f\x00"
"\x24\x72\x0c\xff\xff\x00\x00\x00\x0f\x00\x8e\x07\x00\xc8\x1f\x00\x41\x79\x03\x00\x00\x00\x00\x00\x00\x00\x80\x03\x00\xea\x4f\x00"
"\x08\x73\x0a\x00\x03\x00\x00\x00\x00\x10\x00\x00\x00\x22\x0e\x00\x55\x73\xff\x03\x00\x00\x00\x00\x00\x00\x10\x00\x00\xe2\x0f\x00"
"\x45\x79\x03\x00\xd0\x00\x00\x00\x00\x00\x80\x03\x00\xec\x0f\x00\x02\x73\x00\x49\x03\x00\x00\x00\x00\x00\x00\x00\x00\x62\x0e\x00"
"\x23\x74\x07\x03\x00\x00\x80\x3f\x0a\x01\x00\x00\x00\xc8\x1f\x00\x23\x72\x0e\x0a\x07\x00\x00\x00\x0a\x00\x00\x00\x00\xc8\x0f\x00"
"\x23\x72\x0a\x0e\x49\x00\x00\x00\xff\x00\x00\x00\x00\xc8\x0f\x00\x23\x72\x07\x03\x0a\x00\x00\x00\x49\x01\x00\x00\x00\xc8\x0f\x00"
"\x23\x72\x07\x0e\x07\x00\x00\x00\x0a\x00\x00\x00\x00\xe2\x0f\x00\x47\x89\x00\x00\x50\x00\x00\x00\x00\x00\x80\x03\x00\xea\x2f\x00"
"\x24\x72\x28\xff\xff\x00\x00\x00\x49\x00\x8e\x07\x00\xe2\x0f\x00\x02\x78\x12\x00\xa0\x0c\x01\x00\x00\x0f\x00\x00\x00\xe2\x0f\x00"
"\x24\x72\x0f\xff\xff\x00\x00\x00\x03\x00\x8e\x07\x00\xc8\x0f\x00\x44\x79\x00\x00\x40\x12\x00\x00\x00\x00\xc0\x03\x00\xea\x0f\x00"
"\x24\x72\x07\xff\xff\x00\x00\x00\x0f\x00\x8e\x07\x00\xc8\x1f\x00\x41\x79\x03\x00\x00\x00\x00\x00\x00\x00\x80\x03\x00\xea\x0f\x00"
"\x04\x73\x0c\x00\x0c\x00\x00\x00\x00\x08\x20\x00\x00\xe2\x0f\x00\x55\x73\xff\x03\x00\x00\x00\x00\x00\x00\x10\x00\x00\xe2\x0f\x00"
"\x45\x79\x03\x00\x10\x01\x00\x00\x00\x00\x80\x03\x00\xec\x0f\x00\x04\x73\x07\x00\x07\x00\x00\x00\x00\x08\x20\x00\x00\x30\x0e\x00"
"\x08\x73\x09\x00\x06\x00\x00\x00\x00\x10\x00\x00\x00\x62\x0e\x00\x16\x78\x07\x0c\x10\x54\x00\x00\x07\x00\x00\x00\x00\xce\x1f\x00"
"\x02\x73\x00\x4a\x06\x00\x00\x00\x00\x00\x00\x00\x00\x22\x0e\x00\x86\x73\x00\x04\x07\x60\x00\x00\x00\xe9\x10\x00\x00\xe2\x05\x00"
"\x23\x74\x0a\x06\x00\x00\x80\x3f\x09\x01\x00\x00\x00\xc8\x2f\x00\x23\x72\x0b\x09\x0a\x00\x00\x00\x09\x00\x00\x00\x00\xc8\x0f\x00"
"\x23\x72\x09\x0b\x4a\x00\x00\x00\xff\x00\x00\x00\x00\xc8\x0f\x00\x23\x72\x0a\x06\x09\x00\x00\x00\x4a\x01\x00\x00\x00\xc8\x0f\x00"
"\x23\x72\x09\x0b\x0a\x00\x00\x00\x09\x00\x00\x00\x00\xe2\x0f\x00\x47\x89\x00\x00\x50\x00\x00\x00\x00\x00\x80\x03\x00\xea\x1f\x00"
"\x02\x72\x28\x00\x4a\x00\x00\x00\x00\x0f\x00\x00\x00\xe2\x4f\x00\x24\x72\x0f\xff\xff\x00\x00\x00\x06\x00\x8e\x07\x00\xe2\x0f\x00"
"\x02\x78\x12\x00\xe0\x0d\x01\x00\x00\x0f\x00\x00\x00\xc8\x0f\x00\x44\x79\x00\x00\x00\x11\x00\x00\x00\x00\xc0\x03\x00\xea\x0f\x00"
"\x24\x72\x09\xff\xff\x00\x00\x00\x0f\x00\x8e\x07\x00\xc8\x1f\x00\x41\x79\x03\x00\x00\x00\x00\x00\x00\x00\x80\x03\x00\xea\x4f\x00"
"\x08\x73\x07\x00\x06\x00\x00\x00\x00\x10\x00\x00\x00\x22\x0e\x00\x55\x73\xff\x03\x00\x00\x00\x00\x00\x00\x10\x00\x00\xe2\x0f\x00"
"\x45\x79\x03\x00\xd0\x00\x00\x00\x00\x00\x80\x03\x00\xec\x0f\x00\x02\x73\x00\x4b\x06\x00\x00\x00\x00\x00\x00\x00\x00\x62\x0e\x00"
"\x23\x74\x0a\x06\x00\x00\x80\x3f\x07\x01\x00\x00\x00\xc8\x1f\x00\x23\x72\x0c\x07\x0a\x00\x00\x00\x07\x00\x00\x00\x00\xc8\x0f\x00"
"\x23\x72\x07\x0c\x4b\x00\x00\x00\xff\x00\x00\x00\x00\xc8\x0f\x00\x23\x72\x0a\x06\x07\x00\x00\x00\x4b\x01\x00\x00\x00\xc8\x0f\x00"
"\x23\x72\x07\x0c\x0a\x00\x00\x00\x07\x00\x00\x00\x00\xe2\x0f\x00\x47\x89\x00\x00\x50\x00\x00\x00\x00\x00\x80\x03\x00\xea\x2f\x00"
"\x24\x72\x28\xff\xff\x00\x00\x00\x4b\x00\x8e\x07\x00\xe2\x0f\x00\x02\x78\x12\x00\xe0\x0e\x01\x00\x00\x0f\x00\x00\x00\xe2\x0f\x00"
"\x24\x72\x0f\xff\xff\x00\x00\x00\x06\x00\x8e\x07\x00\xc8\x0f\x00\x44\x79\x00\x00\x00\x10\x00\x00\x00\x00\xc0\x03\x00\xea\x0f\x00"
"\x24\x72\x07\xff\xff\x00\x00\x00\x0f\x00\x8e\x07\x00\xc8\x1f\x00\x41\x79\x03\x00\x00\x00\x00\x00\x00\x00\x80\x03\x00\xea\x0f\x00"
"\x04\x73\x09\x00\x09\x00\x00\x00\x00\x08\x20\x00\x00\xe2\x0f\x00\x55\x73\xff\x03\x00\x00\x00\x00\x00\x00\x10\x00\x00\xe2\x0f\x00"
"\x45\x79\x03\x00\x10\x01\x00\x00\x00\x00\x80\x03\x00\xec\x0f\x00\x04\x73\x0a\x00\x07\x00\x00\x00\x00\x08\x20\x00\x00\x30\x0e\x00"
"\x08\x73\x0c\x00\x03\x00\x00\x00\x00\x10\x00\x00\x00\x62\x0e\x00\x16\x78\x09\x09\x10\x54\x00\x00\x0a\x00\x00\x00\x00\xce\x1f\x00"
"\x02\x73\x00\x4c\x03\x00\x00\x00\x00\x00\x00\x00\x00\x22\x0e\x00\x86\x73\x00\x04\x09\x60\x02\x00\x00\xe9\x10\x00\x00\xe2\x05\x00"
"\x23\x74\x0b\x03\x00\x00\x80\x3f\x0c\x01\x00\x00\x00\xc8\x2f\x00\x23\x72\x0d\x0c\x0b\x00\x00\x00\x0c\x00\x00\x00\x00\xc8\x0f\x00"
"\x23\x72\x0a\x0d\x4c\x00\x00\x00\xff\x00\x00\x00\x00\xc8\x0f\x00\x23\x72\x0b\x03\x0a\x00\x00\x00\x4c\x01\x00\x00\x00\xc8\x0f\x00"
"\x23\x72\x0c\x0d\x0b\x00\x00\x00\x0a\x00\x00\x00\x00\xe2\x0f\x00\x47\x89\x00\x00\x50\x00\x00\x00\x00\x00\x80\x03\x00\xea\x1f\x00"
"\x02\x72\x28\x00\x4c\x00\x00\x00\x00\x0f\x00\x00\x00\xe2\x4f\x00\x24\x72\x0f\xff\xff\x00\x00\x00\x03\x00\x8e\x07\x00\xe2\x0f\x00"
"\x02\x78\x12\x00\x20\x10\x01\x00\x00\x0f\x00\x00\x00\xc8\x0f\x00\x44\x79\x00\x00\xc0\x0e\x00\x00\x00\x00\xc0\x03\x00\xea\x0f\x00"
"\x24\x72\x0c\xff\xff\x00\x00\x00\x0f\x00\x8e\x07\x00\xc8\x1f\x00\x41\x79\x03\x00\x00\x00\x00\x00\x00\x00\x80\x03\x00\xea\x4f\x00"
"\x08\x73\x0a\x00\x03\x00\x00\x00\x00\x10\x00\x00\x00\x22\x0e\x00\x55\x73\xff\x03\x00\x00\x00\x00\x00\x00\x10\x00\x00\xe2\x0f\x00"
"\x45\x79\x03\x00\xd0\x00\x00\x00\x00\x00\x80\x03\x00\xec\x0f\x00\x02\x73\x00\x4d\x03\x00\x00\x00\x00\x00\x00\x00\x00\x62\x0e\x00"
"\x23\x74\x07\x03\x00\x00\x80\x3f\x0a\x01\x00\x00\x00\xc8\x1f\x00\x23\x72\x0e\x0a\x07\x00\x00\x00\x0a\x00\x00\x00\x00\xc8\x0f\x00"
"\x23\x72\x0a\x0e\x4d\x00\x00\x00\xff\x00\x00\x00\x00\xc8\x0f\x00\x23\x72\x07\x03\x0a\x00\x00\x00\x4d\x01\x00\x00\x00\xc8\x0f\x00"
"\x23\x72\x07\x0e\x07\x00\x00\x00\x0a\x00\x00\x00\x00\xe2\x0f\x00\x47\x89\x00\x00\x50\x00\x00\x00\x00\x00\x80\x03\x00\xea\x2f\x00"
"\x24\x72\x28\xff\xff\x00\x00\x00\x4d\x00\x8e\x07\x00\xe2\x0f\x00\x02\x78\x12\x00\x20\x11\x01\x00\x00\x0f\x00\x00\x00\xe2\x0f\x00"
"\x24\x72\x0f\xff\xff\x00\x00\x00\x03\x00\x8e\x07\x00\xc8\x0f\x00\x44\x79\x00\x00\xc0\x0d\x00\x00\x00\x00\xc0\x03\x00\xea\x0f\x00"
"\x24\x72\x07\xff\xff\x00\x00\x00\x0f\x00\x8e\x07\x00\xc8\x1f\x00\x41\x79\x03\x00\x00\x00\x00\x00\x00\x00\x80\x03\x00\xea\x0f\x00"
"\x04\x73\x0c\x00\x0c\x00\x00\x00\x00\x08\x20\x00\x00\xe2\x0f\x00\x55\x73\xff\x03\x00\x00\x00\x00\x00\x00\x10\x00\x00\xe2\x0f\x00"
"\x45\x79\x03\x00\x10\x01\x00\x00\x00\x00\x80\x03\x00\xec\x0f\x00\x04\x73\x07\x00\x07\x00\x00\x00\x00\x08\x20\x00\x00\x30\x0e\x00"
"\x08\x73\x03\x00\x06\x00\x00\x00\x00\x10\x00\x00\x00\x62\x0e\x00\x16\x78\x07\x0c\x10\x54\x00\x00\x07\x00\x00\x00\x00\xce\x1f\x00"
"\x02\x73\x00\x4e\x06\x00\x00\x00\x00\x00\x00\x00\x00\x22\x0e\x00\x86\x73\x00\x04\x07\x70\x00\x00\x00\xe9\x10\x00\x00\xe2\x05\x00"
"\x23\x74\x0a\x06\x00\x00\x80\x3f\x03\x01\x00\x00\x00\xc8\x2f\x00\x23\x72\x09\x03\x0a\x00\x00\x00\x03\x00\x00\x00\x00\xc8\x0f\x00"
"\x23\x72\x03\x09\x4e\x00\x00\x00\xff\x00\x00\x00\x00\xc8\x0f\x00\x23\x72\x0a\x06\x03\x00\x00\x00\x4e\x01\x00\x00\x00\xc8\x0f\x00"
"\x23\x72\x03\x09\x0a\x00\x00\x00\x03\x00\x00\x00\x00\xe2\x0f\x00\x47\x89\x00\x00\x50\x00\x00\x00\x00\x00\x80\x03\x00\xea\x1f\x00"
"\x02\x72\x28\x00\x4e\x00\x00\x00\x00\x0f\x00\x00\x00\xe2\x4f\x00\x24\x72\x0f\xff\xff\x00\x00\x00\x06\x00\x8e\x07\x00\xe2\x0f\x00"
"\x02\x78\x12\x00\x60\x12\x01\x00\x00\x0f\x00\x00\x00\xc8\x0f\x00\x44\x79\x00\x00\x80\x0c\x00\x00\x00\x00\xc0\x03\x00\xea\x0f\x00"
"\x24\x72\x03\xff\xff\x00\x00\x00\x0f\x00\x8e\x07\x00\xc8\x1f\x00\x41\x79\x03\x00\x00\x00\x00\x00\x00\x00\x80\x03\x00\xea\x4f\x00"
"\x08\x73\x07\x00\x06\x00\x00\x00\x00\x10\x00\x00\x00\x22\x0e\x00\x55\x73\xff\x03\x00\x00\x00\x00\x00\x00\x10\x00\x00\xe2\x0f\x00"
"\x45\x79\x03\x00\xd0\x00\x00\x00\x00\x00\x80\x03\x00\xec\x0f\x00\x02\x73\x00\x4f\x06\x00\x00\x00\x00\x00\x00\x00\x00\x62\x0e\x00"
"\x23\x74\x0a\x06\x00\x00\x80\x3f\x07\x01\x00\x00\x00\xc8\x1f\x00\x23\x72\x0c\x07\x0a\x00\x00\x00\x07\x00\x00\x00\x00\xc8\x0f\x00"
"\x23\x72\x07\x0c\x4f\x00\x00\x00\xff\x00\x00\x00\x00\xc8\x0f\x00\x23\x72\x0a\x06\x07\x00\x00\x00\x4f\x01\x00\x00\x00\xc8\x0f\x00"
"\x23\x72\x07\x0c\x0a\x00\x00\x00\x07\x00\x00\x00\x00\xe2\x0f\x00\x47\x89\x00\x00\x50\x00\x00\x00\x00\x00\x80\x03\x00\xea\x2f\x00"
"\x24\x72\x28\xff\xff\x00\x00\x00\x4f\x00\x8e\x07\x00\xe2\x0f\x00\x02\x78\x12\x00\x60\x13\x01\x00\x00\x0f\x00\x00\x00\xe2\x0f\x00"
"\x24\x72\x0f\xff\xff\x00\x00\x00\x06\x00\x8e\x07\x00\xc8\x0f\x00\x44\x79\x00\x00\x80\x0b\x00\x00\x00\x00\xc0\x03\x00\xea\x0f\x00"
"\x24\x72\x07\xff\xff\x00\x00\x00\x0f\x00\x8e\x07\x00\xc8\x1f\x00\x41\x79\x03\x00\x00\x00\x00\x00\x00\x00\x80\x03\x00\xea\x0f\x00"
"\x04\x73\x03\x00\x03\x00\x00\x00\x00\x08\x20\x00\x00\xf0\x0f\x00\x04\x73\x06\x00\x07\x00\x00\x00\x00\x08\x20\x00\x00\x24\x0e\x00"
"\x16\x78\x03\x03\x10\x54\x00\x00\x06\x00\x00\x00\x00\xd0\x1f\x00\x86\x73\x00\x04\x03\x70\x02\x00\x00\xe9\x10\x00\x00\xe4\x01\x00"
"\x41\x79\x00\x00\x00\x00\x00\x00\x00\x00\x80\x03\x00\xea\x0f\x00\x12\x78\x69\x69\x04\x00\x00\x00\xff\xc0\x8e\x07\x00\xe4\x0f\x00"
"\x12\x78\x04\x02\x08\x00\x00\x00\xff\xc0\x8e\x07\x00\xe4\x1f\x00\x10\x72\x62\x62\xff\x00\x00\x00\xff\xe1\xff\x07\x00\xe4\x0f\x00"
"\x11\x72\x69\x04\x69\x00\x00\x00\xff\xf0\x8f\x07\x00\xc8\x0f\x00\x0c\x72\x00\x69\x62\x00\x00\x00\x70\x52\xf0\x03\x00\xd8\x0f\x00"
"\x4d\x09\x00\x00\x00\x00\x00\x00\x00\x00\x80\x03\x00\xea\x0f\x00\x19\x79\x04\x00\x00\x00\x00\x00\x00\x26\x00\x00\x00\x22\x0e\x00"
"\x12\x78\x02\x02\x01\x00\x00\x00\xff\xc0\x8e\x07\x00\xc6\x0f\x00\x19\x79\x03\x00\x00\x00\x00\x00\x00\x25\x00\x00\x00\x62\x0e\x00"
"\x24\x78\x6f\x04\x80\x00\x00\x00\x6f\x02\x8e\x07\x00\xc8\x1f\x00\x24\x78\x6f\x6f\x01\x00\x00\x00\x02\x02\x8e\x07\x00\xe4\x0f\x00"
"\x24\x78\x02\x00\x01\x00\x00\x00\x03\x02\x8e\x07\x00\xe4\x2f\x00\x24\x78\x6f\x6e\x08\x00\x00\x00\x6f\x02\x8e\x07\x00\xe2\x0f\x00"
"\x4d\x29\x00\x00\x00\x00\x00\x00\x00\x00\x80\x03\x00\xf0\x0f\x00\x0b\x72\x00\x15\xff\x00\x00\x00\x00\xd0\xf0\x03\x00\xe2\x0f\x00"
"\x24\x74\x03\xff\x04\x00\x00\x00\xff\x00\x8e\x07\x00\xe2\x0f\x00\x11\x72\x02\x02\x6f\x00\x00\x00\xff\x10\x8e\x07\x00\xe2\x0f\x00"
"\x55\x73\xff\x00\x00\x00\x00\x00\x00\x00\x10\x00\x00\xe2\x0f\x00\x45\x79\x00\x00\x20\x02\x00\x00\x00\x00\x80\x03\x00\xe2\x0f\x00"
"\x24\x74\x05\xff\x00\x00\x80\xce\xff\x00\x8e\x07\x00\xc4\x0f\x00\x25\x76\x02\x02\x00\x5a\x00\x00\x03\x02\x8e\x07\x00\xc8\x0f\x00"
"\x24\x74\x07\xff\x00\x00\x80\xce\xff\x00\x8e\x07\x00\xe2\x0f\x00\x47\x89\x00\x00\xd0\x01\x00\x00\x00\x00\x80\x03\x00\xea\x0f\x00"
"\x0b\x78\x00\x15\x00\x00\x80\x00\x00\xe0\xf0\x03\x00\xe2\x0f\x00\x24\x74\x07\xff\x7f\xb2\xc6\x3d\xff\x00\x8e\x07\x00\xd6\x0f\x00"
"\x20\x88\x15\x15\x00\x00\x00\x4b\x00\x00\x40\x00\x00\xca\x0f\x00\x10\x78\x00\x15\x0d\xfb\xca\xc0\xff\xe0\xff\x07\x00\xe4\x0f\x04"
"\x0c\x78\x00\x15\x00\x00\x80\x7f\x70\x60\xf2\x03\x00\xe4\x0f\x00\x12\x78\x04\x00\x00\x00\x80\xff\xff\xc0\x8e\x07\x00\xca\x0f\x00"
"\x24\x78\x00\x15\x01\x00\x00\x00\x04\x0a\x8e\x07\x00\xc8\x0f\x00\x21\x74\x06\x00\x00\x00\x80\xbf\x00\x00\x00\x00\x00\xe2\x0f\x00"
"\x08\x78\x00\xff\x00\x00\xb8\xc1\x00\x00\x00\x00\x00\xe4\x0f\x00\x0b\x72\x00\x15\xff\x00\x00\x00\x00\xd0\xf0\x03\x00\xe2\x0f\x00"
"\x23\x74\x07\x06\x30\x7f\x2c\xbe\x07\x00\x00\x00\x00\xc8\x0f\x00\x23\x74\x07\x06\x2a\xcf\x2f\x3e\x07\x00\x00\x00\x00\xc8\x0f\x00"
"\x23\x74\x07\x06\x43\x4e\x37\xbe\x07\x00\x00\x00\x00\xc8\x0f\x00\x23\x74\x07\x06\xf4\x0b\x52\x3e\x07\x00\x00\x00\x00\xc8\x0f\x00"
"\x23\x74\x07\x06\x8b\x3c\x76\xbe\x07\x00\x00\x00\x00\xc8\x0f\x00\x23\x74\x07\x06\x99\xbf\x93\x3e\x07\x00\x00\x00\x00\xc8\x0f\x00"
"\x23\x74\x09\x06\x49\xaa\xb8\xbe\x07\x00\x00\x00\x00\xe4\x0f\x04\x06\x73\x07\x00\x04\x00\x00\x00\x00\x14\x20\x00\x00\x24\x0e\x00"
"\x23\x74\x09\x06\x4a\x38\xf6\x3e\x09\x00\x00\x00\x00\xc8\x0f\x00\x23\x74\x09\x06\x3b\xaa\x38\xbf\x09\x00\x00\x00\x00\xc8\x0f\x00"
"\x20\x72\x09\x06\x09\x00\x00\x00\x00\x00\x40\x00\x00\xc8\x0f\x00\x20\x72\x09\x06\x09\x00\x00\x00\x00\x00\x40\x00\x00\xe4\x0f\x04"
"\x23\x78\x00\x07\x00\x00\x00\x34\x00\x00\x00\x00\x00\xe4\x1f\x00\x23\x78\x09\x06\x3b\xaa\xb8\x3f\x09\x00\x00\x00\x00\xe4\x0f\x00"
"\x24\x14\x06\xff\x00\x00\x80\x7f\xff\x00\x8e\x07\x00\xe4\x0f\x00\x21\x72\x00\x00\x09\x00\x00\x00\x00\x00\x00\x00\x00\xc8\x0f\x00"
"\x23\x14\x00\x15\x00\x00\x80\x7f\x06\x00\x00\x00\x00\xca\x0f\x00\x08\x78\x00\x00\x00\x00\x80\xff\x00\x00\x00\x00\x00\xca\x0f\x00"
"\x23\x72\x07\x77\x08\x00\x00\x00\x00\x00\x00\x00\x00\xc8\x0f\x00\x41\x79\x00\x00\x00\x00\x00\x00\x00\x00\x80\x03\x00\xea\x0f\x00"
"\x86\x73\x00\x02\x07\x00\x00\x00\x00\xe9\x10\x00\x00\xe2\x01\x00\x0b\x72\x00\x14\xff\x00\x00\x00\x00\xd0\xf0\x03\x00\xe2\x0f\x00"
"\x55\x73\xff\x00\x00\x00\x00\x00\x00\x00\x10\x00\x00\xe2\x0f\x00\x45\x79\x00\x00\xf0\x01\x00\x00\x00\x00\x80\x03\x00\xf4\x0f\x00"
"\x47\x89\x00\x00\xd0\x01\x00\x00\x00\x00\x80\x03\x00\xea\x0f\x00\x0b\x78\x00\x14\x00\x00\x80\x00\x00\xe0\xf0\x03\x00\xe2\x1f\x00"
"\x24\x74\x07\xff\x7f\xb2\xc6\x3d\xff\x00\x8e\x07\x00\xd6\x0f\x00\x20\x88\x14\x14\x00\x00\x00\x4b\x00\x00\x40\x00\x00\xca\x0f\x00"
"\x10\x78\x00\x14\x0d\xfb\xca\xc0\xff\xe0\xff\x07\x00\xe4\x0f\x04\x0c\x78\x00\x14\x00\x00\x80\x7f\x70\x60\xf2\x03\x00\xe4\x0f\x00"
"\x12\x78\x05\x00\x00\x00\x80\xff\xff\xc0\x8e\x07\x00\xc8\x0f\x00\x10\x72\x00\x14\x05\x00\x00\x80\xff\xe0\xff\x07\x00\xe4\x0f\x00"
"\x06\x73\x05\x00\x05\x00\x00\x00\x00\x14\x20\x00\x00\x26\x0e\x00\x21\x74\x04\x00\x00\x00\x80\xbf\x00\x00\x00\x00\x00\xe2\x0f\x00"
"\x08\x78\x00\xff\x00\x00\xb8\xc1\x00\x00\x00\x00\x00\xe2\x0f\x00\x24\x14\x09\xff\x00\x00\x80\x7f\xff\x00\x8e\x07\x00\xe2\x0f\x00"
"\x0b\x72\x00\x14\xff\x00\x00\x00\x00\xd0\xf0\x03\x00\xe2\x0f\x00\x23\x74\x07\x04\x30\x7f\x2c\xbe\x07\x00\x00\x00\x00\xc8\x0f\x00"
"\x23\x74\x07\x04\x2a\xcf\x2f\x3e\x07\x00\x00\x00\x00\xc8\x0f\x00\x23\x74\x07\x04\x43\x4e\x37\xbe\x07\x00\x00\x00\x00\xe4\x0f\x04"
"\x23\x78\x00\x05\x00\x00\x00\x34\x00\x00\x00\x00\x00\xe4\x1f\x00\x23\x74\x07\x04\xf4\x0b\x52\x3e\x07\x00\x00\x00\x00\xc8\x0f\x00"
"\x23\x74\x07\x04\x8b\x3c\x76\xbe\x07\x00\x00\x00\x00\xc8\x0f\x00\x23\x74\x07\x04\x99\xbf\x93\x3e\x07\x00\x00\x00\x00\xc8\x0f\x00"
"\x23\x74\x07\x04\x49\xaa\xb8\xbe\x07\x00\x00\x00\x00\xc8\x0f\x00\x23\x74\x07\x04\x4a\x38\xf6\x3e\x07\x00\x00\x00\x00\xc8\x0f\x00"
"\x23\x74\x07\x04\x3b\xaa\x38\xbf\x07\x00\x00\x00\x00\xc8\x0f\x00\x20\x72\x07\x04\x07\x00\x00\x00\x00\x00\x40\x00\x00\xc8\x0f\x00"
"\x20\x72\x07\x04\x07\x00\x00\x00\x00\x00\x40\x00\x00\xc8\x0f\x00\x23\x78\x07\x04\x3b\xaa\xb8\x3f\x07\x00\x00\x00\x00\xc8\x0f\x00"
"\x21\x72\x00\x00\x07\x00\x00\x00\x00\x00\x00\x00\x00\xc8\x0f\x00\x23\x14\x00\x14\x00\x00\x80\x7f\x09\x00\x00\x00\x00\xca\x0f\x00"
"\x08\x78\x00\x00\x00\x00\x80\xff\x00\x00\x00\x00\x00\xca\x0f\x00\x23\x72\x05\x75\x08\x00\x00\x00\x00\x00\x00\x00\x00\xc8\x0f\x00"
"\x41\x79\x00\x00\x00\x00\x00\x00\x00\x00\x80\x03\x00\xea\x1f\x00\x86\x73\x00\x02\x05\x08\x00\x00\x00\xe9\x10\x00\x00\xe2\x0f\x00"
"\x4d\x79\x00\x00\x00\x00\x00\x00\x00\x00\x80\x03\x00\xea\x0f\x00\x89\xf3\xff\xff\xff\x00\x00\x00\xff\x00\x0e\x00\x00\xe2\x0f\x00"
"\x10\x72\x20\xff\x61\x00\x00\x80\xff\xe0\xf3\x07\x00\xe4\x0f\x08\x0c\x72\x00\x5f\xff\x00\x00\x00\x70\x62\xf0\x03\x00\xe4\x0f\x00"
"\x0c\x72\x00\x66\xff\x00\x00\x00\x70\x62\xf6\x03\x00\xe2\x0f\x00\x24\x72\x22\xff\xff\x00\x00\x00\x5f\x0e\x8e\x00\x00\xe2\x0f\x00"
"\x07\x72\x20\x20\x61\x00\x00\x00\x00\x00\x00\x04\x00\xc8\x0f\x00\x07\x72\x21\x22\x5f\x00\x00\x00\x00\x00\x00\x04\x00\xcc\x0f\x00"
"\x12\x73\x50\x00\x20\x00\x00\x00\x00\x90\x30\x00\x00\x30\x0e\x00\x08\x73\x50\x00\x50\x00\x00\x00\x00\x10\x00\x00\x00\x24\x1e\x00"
"\x10\x78\x22\x50\xfe\xff\xff\x1f\xff\xe0\xff\x07\x00\xcc\x1f\x00\x11\x73\x22\x00\x22\x00\x00\x00\x00\xd8\x20\x00\x00\x24\x0e\x00"
"\x25\x72\x32\x22\x20\x00\x00\x00\xff\x00\x8e\x07\x00\xc8\x1f\x00\x24\x72\x33\x22\x21\x00\x00\x00\x33\x02\x8e\x07\x00\xe2\x0f\x00"
"\x10\x72\x6b\xff\x32\x00\x00\x80\xff\xe0\xf1\x07\x00\xc6\x0f\x00\x24\x72\x67\x23\x20\x00\x00\x00\x33\x02\x8e\x07\x00\xe4\x0f\x00"
"\x25\x72\x32\x22\x6b\x00\x00\x00\xff\x00\x8e\x07\x00\xc8\x0f\x00\x24\x72\x32\xff\xff\x00\x00\x00\x33\x00\x8e\x07\x00\xe2\x0f\x00"
"\x02\x72\x33\x00\x22\x00\x00\x00\x00\x0f\x00\x00\x00\xe2\x0f\x00\x24\x72\x67\xff\xff\x00\x00\x00\x67\x0e\x0e\x00\x00\xc8\x0f\x00"
"\x25\x72\x50\x22\x67\x00\x00\x00\x32\x00\x80\x07\x00\xc8\x0f\x00\x24\x72\x7f\x23\x67\x00\x00\x00\xff\x02\x8e\x07\x00\xe4\x0f\x04"
"\x25\x72\x50\x23\x6b\x00\x00\x00\x50\x00\x82\x07\x00\xc8\x0f\x00\x25\x72\x32\x23\x67\x00\x00\x00\xff\x00\x8e\x07\x00\xe2\x0f\x00"
"\x10\x72\x51\x7f\x51\x00\x00\x00\xff\xe0\xf5\x07\x00\xc6\x0f\x00\x24\x78\x67\x33\x01\x00\x00\x00\x23\x06\x0e\x00\x00\xe4\x0f\x00"
"\x25\x72\x22\x51\x20\x00\x00\x00\xff\x00\x8e\x07\x00\xc6\x0f\x00\x10\x72\x67\xff\xff\x00\x00\x00\x67\x24\x7e\x01\x00\xe2\x0f\x00"
"\x24\x72\x23\x51\x21\x00\x00\x00\x23\x02\x8e\x07\x00\xe2\x0f\x00\x10\x72\x33\xff\x22\x00\x00\x80\xff\xe0\xf1\x07\x00\xc6\x0f\x00"
"\x24\x72\x32\x67\x20\x00\x00\x00\x23\x02\x8e\x07\x00\xe4\x0f\x00\x25\x72\x22\x51\x33\x00\x00\x00\xff\x00\x8e\x07\x00\xc8\x0f\x00"
"\x24\x72\x32\xff\xff\x00\x00\x00\x32\x0e\x0e\x00\x00\xe4\x0f\x00\x24\x72\x50\xff\xff\x00\x00\x00\x23\x00\x8e\x07\x00\xc8\x0f\x00"
"\x25\x72\x22\x51\x32\x00\x00\x00\x50\x00\x80\x07\x00\xe2\x0f\x00\x10\x72\x50\xff\x65\x00\x00\x80\xff\xe0\xf9\x07\x00\xc8\x0f\x00"
"\x07\x72\x51\x50\x65\x00\x00\x00\x00\x00\x80\x05\x00\xe2\x0f\x00\x25\x72\x22\x67\x33\x00\x00\x00\x22\x00\x82\x07\x00\xc8\x0f\x00"
"\x24\x72\x22\x67\x32\x00\x00\x00\xff\x02\x8e\x07\x00\xe4\x0f\x0c\x24\x72\x65\xff\xff\x00\x00\x00\x66\x0e\x0e\x02\x00\xe4\x0f\x00"
"\x25\x72\x32\x67\x32\x00\x00\x00\xff\x00\x8e\x07\x00\xe2\x0f\x00\x10\x72\x50\x22\x23\x00\x00\x00\xff\xe0\xf5\x07\x00\xe4\x0f\x00"
"\x07\x72\x65\x65\x66\x00\x00\x00\x00\x00\x80\x05\x00\xe2\x0f\x00\x24\x78\x32\x33\x01\x00\x00\x00\x67\x06\x0e\x00\x00\xe4\x0f\x00"
"\x25\x72\x22\x50\x51\x00\x00\x00\xff\x00\x8e\x07\x00\xc6\x0f\x00\x10\x72\x32\xff\xff\x00\x00\x00\x32\x24\x7e\x01\x00\xe4\x0f\x00"
"\x02\x72\x22\x00\x23\x00\x00\x00\x00\x0f\x00\x00\x00\xe2\x0f\x00\x24\x72\x23\xff\xff\x00\x00\x00\xff\x00\x8e\x07\x00\xe4\x0f\x00"
"\x24\x72\x67\x32\x65\x00\x00\x00\xff\x02\x8e\x07\x00\xe4\x0f\x08\x25\x72\x22\x50\x65\x00\x00\x00\x22\x00\x8e\x07\x00\xcc\x0f\x00"
"\x25\x72\x22\x32\x51\x00\x00\x00\x22\x00\x80\x07\x00\xc8\x0f\x00\x25\x72\x32\x32\x65\x00\x00\x00\xff\x00\x8e\x07\x00\xe2\x0f\x00"
"\x10\x72\x67\x67\x23\x00\x00\x00\xff\xe0\xf3\x07\x00\xc6\x0f\x00\x24\x72\x33\xff\xff\x00\x00\x00\x33\x06\x0e\x00\x00\xe4\x0f\x00"
"\x25\x72\x22\x67\x20\x00\x00\x00\xff\x00\x8e\x07\x00\xc8\x0f\x00\x24\x72\x33\xff\xff\x00\x00\x00\x33\x06\x8e\x00\x00\xe4\x0f\x00"
"\x24\x72\x32\x67\x21\x00\x00\x00\x23\x02\x8e\x07\x00\xe2\x0f\x04\x10\x72\x23\x22\x51\x00\x00\x00\xff\xe1\xf3\x07\x00\xe4\x0f\x00"
"\x10\x78\x22\x67\x01\x00\x00\x00\xff\xe0\xf5\x07\x00\xe2\x0f\x00\x24\x72\x32\x33\x20\x00\x00\x00\x32\x02\x8e\x07\x00\xe2\x0f\x08"
"\x0c\x72\x00\x23\x20\x00\x00\x00\x70\x60\xf0\x03\x00\xc6\x0f\x00\x24\x78\x51\x65\x01\x00\x00\x00\x32\x0e\x8e\x00\x00\xe2\x0f\x00"
"\x10\x72\x32\x23\x20\x00\x00\x80\xff\xe0\xf3\x07\x00\xc8\x0f\x00\x0c\x72\x00\x51\x21\x00\x00\x00\x00\x61\xf0\x03\x00\xe2\x0f\x04"
"\x24\x78\x50\x51\x01\x00\x00\x00\x21\x0e\x8e\x00\x00\xc6\x0f\x00\x07\x72\x23\x32\x23\x00\x00\x00\x00\x00\x00\x00\x00\xe4\x0f\x00"
"\x10\x72\x32\xff\x33\x00\x00\x00\xff\xe4\x7f\x01\x00\xe4\x0f\x00\x07\x72\x67\x22\x67\x00\x00\x00\x00\x00\x00\x00\x00\xe4\x0f\x00"
"\x07\x72\x51\x50\x51\x00\x00\x00\x00\x00\x00\x00\x00\xe4\x0f\x00\x0c\x72\x00\x23\x20\x00\x00\x00\x70\x60\xf2\x03\x00\xe4\x0f\x00"
"\x07\x72\x32\x32\x33\x00\x00\x00\x00\x00\x00\x00\x00\xc4\x0f\x00\x10\x78\x22\x67\x01\x00\x00\x00\xff\xe0\xf5\x07\x00\xe4\x0f\x00"
"\x0c\x72\x00\x51\x21\x00\x00\x00\x10\x61\xf0\x03\x00\xe4\x0f\x00\x12\x72\x20\x5f\x66\x00\x00\x00\xff\x3c\x8e\x07\x00\xe2\x0f\x00"
"\x24\x72\x23\xff\xff\x00\x00\x00\x32\x06\x0e\x01\x00\xe2\x0f\x00\x07\x72\x22\x22\x67\x00\x00\x00\x00\x00\x00\x00\x00\xe4\x0f\x00"
"\x0c\x72\x00\x20\xff\x00\x00\x00\x70\x62\xf2\x03\x00\xe4\x0f\x00\x07\x72\x23\x23\x32\x00\x00\x00\x00\x00\x00\x00\x00\xc4\x0f\x00"
"\x10\x72\x21\xff\x22\x00\x00\x80\xff\xe0\xf5\x07\x00\xe4\x0f\x08\x0c\x72\x00\x61\xff\x00\x00\x00\x70\x50\xf0\x03\x00\xe4\x0f\x00"
"\x07\x72\x22\x21\x22\x00\x00\x00\x00\x00\x80\x04\x00\xe2\x0f\x00\x24\x72\x20\xff\xff\x00\x00\x00\x23\x0e\x0e\x01\x00\xe2\x0f\x00"
"\x0c\x72\x00\x5f\xff\x00\x00\x00\x00\x53\xf0\x03\x00\xe2\x0f\x00\x24\x74\x5f\xff\x00\x00\x00\x00\xff\x00\x8e\x07\x00\xc6\x0f\x00"
"\x07\x72\x23\x20\x23\x00\x00\x00\x00\x00\x80\x04\x00\xe4\x0f\x00\x07\x78\x22\x22\xff\xff\xff\xff\x00\x00\x00\x00\x00\xe4\x0f\x00"
"\x07\x78\x23\x23\xff\xff\xff\xff\x00\x00\x00\x00\x00\xe2\x0f\x00\x50\x79\x00\x5e\x20\xe1\xfe\xff\xff\xff\xc3\x03\x00\xf0\x0f\x00"
"\x89\xf3\xff\xff\xff\x00\x00\x00\xff\x00\x0e\x00\x00\xe2\x0f\x00\x19\x78\x0b\xff\x17\x00\x00\x00\x0f\x16\x01\x00\x00\xe2\x0f\x10"
"\x55\x73\xff\x01\x00\x00\x00\x00\x00\x00\x10\x00\x00\xe2\x0f\x00\x19\x78\x0a\xff\x17\x00\x00\x00\x28\x16\x01\x00\x00\xe2\x0f\x10"
"\x45\x79\x01\x00\x40\x06\x00\x00\x00\x00\x80\x03\x00\xe2\x0f\x00\x12\x78\x16\x0b\xff\x00\x00\x00\xff\xc0\x8e\x07\x00\xe2\x0f\x00"
"\x24\x72\x0b\xff\xff\x00\x00\x00\x0f\x00\x8e\x07\x00\xe2\x0f\x00\x12\x78\x10\x0a\xff\x00\x00\x00\xff\xc0\x8e\x07\x00\xe2\x0f\x00"
"\x24\x72\x0a\xff\xff\x00\x00\x00\x28\x00\x8e\x07\x00\xe2\x0f\x00\x10\x78\x11\x16\xff\xff\xff\xff\xff\xe0\xff\x07\x00\xc4\x0f\x00"
"\x10\x78\x0e\x10\xff\xff\xff\xff\xff\xe0\xff\x07\x00\xe4\x0f\x00\x0c\x78\x00\x11\xfd\x00\x00\x00\x70\x40\xf0\x03\x00\xc8\x0f\x00"
"\x0c\x78\x00\x0e\xfd\x00\x00\x00\x70\x44\x70\x00\x00\xd8\x0f\x00\x02\x82\x0d\x00\xff\x00\x00\x00\x00\x0f\x00\x00\x00\xe2\x0f\x00"
"\x47\x89\x00\x00\x70\x01\x00\x00\x00\x00\x80\x03\x00\xea\x0f\x00\x0b\x78\x00\x28\x00\x00\x80\x7f\x00\xc2\xf1\x03\x00\xe4\x0f\x00"
"\x0b\x78\x00\x0f\x00\x00\x80\x7f\x00\xc2\xf3\x03\x00\xc8\x0f\x00\x1c\x78\x00\x00\x00\x00\x00\x00\x70\x35\x70\x00\x00\xd8\x0f\x00"
"\x47\x09\x00\x00\x40\x05\x00\x00\x00\x00\x80\x03\x00\xea\x0f\x00\x12\x78\xff\x0b\xff\xff\xff\x7f\x0a\xc8\x80\x07\x00\xd8\x0f\x00"
"\x47\x89\x00\x00\x00\x05\x00\x00\x00\x00\x80\x03\x00\xea\x0f\x00\x0b\x78\x00\x28\x00\x00\x80\x7f\x00\xd2\xf1\x03\x00\xe4\x0f\x04"
"\x0b\x78\x00\x0f\x00\x00\x80\x7f\x00\xd2\xf7\x03\x00\xe4\x0f\x00\x0b\x78\x00\x28\x00\x00\x80\x7f\x00\xd2\xf3\x03\x00\xd4\x0f\x00"
"\x47\xb9\x00\x00\xc0\x04\x00\x00\x00\x00\x00\x04\x00\xea\x0f\x00\x12\x78\xff\x0a\xff\xff\xff\x7f\xff\xc0\x80\x07\x00\xc8\x0f\x00"
"\x1c\x78\x00\x00\x00\x00\x00\x00\x72\x05\xf0\x01\x00\xd8\x0f\x00\x47\x09\x00\x00\x70\x04\x00\x00\x00\x00\x80\x03\x00\xea\x0f\x00"
"\x12\x78\xff\x0b\xff\xff\xff\x7f\xff\xc0\x80\x07\x00\xc8\x0f\x00\x1c\x78\x00\x00\x00\x00\x00\x00\x72\x05\xf0\x00\x00\xd8\x0f\x00"
"\x47\x09\x00\x00\x10\x04\x00\x00\x00\x00\x80\x03\x00\xea\x0f\x00\x0c\x72\x00\x0e\xff\x00\x00\x00\x70\x62\xf0\x03\x00\xe4\x0f\x00"
"\x0c\x72\x00\x11\xff\x00\x00\x00\x70\x62\xf2\x03\x00\xd4\x0f\x00\x24\x02\x0d\xff\xff\x00\x00\x00\xff\x00\x8e\x07\x00\xe4\x0f\x00"
"\x23\x88\x0a\x28\x00\x00\x80\x5f\xff\x00\x00\x00\x00\xe4\x0f\x00\x24\x84\x0d\xff\xc0\xff\xff\xff\xff\x00\x8e\x07\x00\xe4\x0f\x00"
"\x23\x98\x0b\x0f\x00\x00\x80\x5f\xff\x00\x00\x00\x00\xc6\x0f\x00\x10\x98\x0d\x0d\x40\x00\x00\x00\xff\xe0\xff\x07\x00\xe4\x0f\x00"
"\x11\x78\x0e\x16\x00\x00\x80\xc0\xff\xb8\x8e\x07\x00\xe2\x0f\x00\x55\x73\xff\x02\x00\x00\x00\x00\x00\x00\x10\x00\x00\xe2\x0f\x00"
"\x45\x79\x02\x00\x60\x03\x00\x00\x00\x00\x80\x03\x00\xe6\x0f\x00\x24\x78\x0e\x0b\x01\x00\x00\x00\x0e\x0a\x8e\x07\x00\xe2\x0f\x00"
"\x10\x78\x0b\x10\x81\xff\xff\xff\xff\xe0\xff\x07\x00\xc6\x0f\x00\x21\x72\x11\x0e\xff\x00\x00\x80\x00\x01\x01\x00\x00\xe4\x0f\x00"
"\x08\x73\x0f\x00\x0e\x00\x00\x00\x00\x10\x00\x00\x00\x62\x00\x00\x24\x78\x0a\x0b\x00\x00\x80\xff\x0a\x02\x8e\x07\x00\xe2\x0f\x04"
"\x10\x78\x0e\x0b\x7f\x00\x00\x00\x16\xe8\xff\x07\x00\xca\x1f\x00\x24\x78\x0e\x0e\x01\x00\x00\x00\x0d\x02\x8e\x07\x00\xe4\x0f\x00"
"\x23\x74\x10\x0f\x00\x00\x80\x3f\x11\x00\x00\x00\x00\xc8\x2f\x00\x23\x72\x13\x0f\x10\x00\x00\x00\x0f\x00\x00\x00\x00\xc8\x0f\x00"
"\x23\x72\x0f\x0a\x13\x00\x00\x00\xff\x00\x00\x00\x00\xc8\x0f\x00\x23\x72\x10\x11\x0f\x00\x00\x00\x0a\x00\x00\x00\x00\xc8\x0f\x00"
"\x23\x72\x10\x13\x10\x00\x00\x00\x0f\x00\x00\x00\x00\xc8\x0f\x00\x23\x72\x11\x11\x10\x00\x00\x00\x0a\x00\x00\x00\x00\xc8\x0f\x00"
"\x23\x72\x0f\x13\x11\x00\x00\x00\x10\x00\x00\x00\x00\xca\x0f\x00\x19\x78\x0a\xff\x17\x00\x00\x00\x0f\x16\x01\x00\x00\xc8\x0f\x00"
"\x12\x78\x0a\x0a\xff\x00\x00\x00\xff\xc0\x8e\x07\x00\xca\x0f\x00\x24\x78\x16\x0a\x01\x00\x00\x00\x0e\x02\x8e\x07\x00\xca\x0f\x00"
"\x10\x78\x0a\x16\xff\xff\xff\xff\xff\xe0\xff\x07\x00\xc8\x0f\x00\x0c\x78\x00\x0a\xfe\x00\x00\x00\x70\x60\xf0\x03\x00\xd8\x0f\x00"
"\x47\x89\x00\x00\x00\x02\x00\x00\x00\x00\x80\x03\x00\xea\x0f\x00\x0c\x78\x00\x16\xfe\x00\x00\x00\x70\x42\xf0\x03\x00\xd8\x0f\x00"
"\x47\x09\x00\x00\xb0\x01\x00\x00\x00\x00\x80\x03\x00\xea\x0f\x00\x0c\x78\x00\x16\x01\x00\x00\x00\x70\x62\xf0\x03\x00\xd8\x0f\x00"
"\x47\x09\x00\x00\xd0\x01\x00\x00\x00\x00\x80\x03\x00\xea\x0f\x00\x0c\x78\x00\x16\xe8\xff\xff\xff\x70\x62\xf0\x03\x00\xe4\x0f\x00"
"\x12\x78\x0f\x0f\x00\x00\x00\x80\xff\xc0\x8e\x07\x00\xd4\x0f\x00\x47\x89\x00\x00\xa0\x01\x00\x00\x00\x00\x80\x03\x00\xea\x0f\x00"
"\x23\x72\x0a\x13\x11\x00\x00\x00\x10\xc0\x00\x00\x00\xe2\x0f\x1c\x10\x78\x0e\x16\x20\x00\x00\x00\xff\xe0\xff\x07\x00\xe2\x0f\x04"
"\x23\x72\x0b\x13\x11\x00\x00\x00\x10\x40\x00\x00\x00\xe2\x0f\x1c\x0c\x72\x00\x16\xff\x00\x00\x00\x70\x52\xf6\x03\x00\xe4\x0f\x00"
"\x12\x78\x0d\x0a\xff\xff\x7f\x00\xff\xc0\x8e\x07\x00\xe2\x0f\x00\x23\x72\x0a\x13\x11\x00\x00\x00\x10\x80\x00\x00\x00\xe2\x0f\x00"
"\x0c\x72\x00\x16\xff\x00\x00\x00\x70\x52\xf2\x03\x00\xe4\x0f\x04\x12\x78\x0d\x0d\x00\x00\x80\x00\xff\xfc\x8e\x07\x00\xe4\x0f\x00"
"\x10\x72\x10\x16\xff\x00\x00\x00\xff\xe1\xff\x07\x00\xc4\x0f\x00\x19\x72\x0e\x0d\x0e\x00\x00\x00\xff\x06\x00\x00\x00\xe4\x0f\x00"
"\x0b\x72\x00\x0a\x0b\x00\x00\x00\x00\xd0\xf1\x03\x00\xe4\x0f\x00\x07\x72\x0a\x10\xff\x00\x00\x00\x00\x00\x80\x01\x00\xe4\x0f\x00"
"\x0c\x72\x00\x0e\xff\x00\x00\x00\x70\x52\xf2\x00\x00\xe4\x0f\x00\x19\x72\x0a\xff\x0a\x00\x00\x00\x0d\x16\x01\x00\x00\xe4\x0f\x00"
"\x1c\x78\x00\x00\x00\x00\x00\x00\x70\x35\x70\x00\x00\xc4\x0f\x00\x19\x78\x0e\xff\x01\x00\x00\x00\x0a\x16\x01\x00\x00\xe4\x0f\x00"
"\x07\x78\x0b\xff\x01\x00\x00\x00\x00\x00\x00\x04\x00\xc8\x0f\x00\x12\x78\x0b\x0b\x01\x00\x00\x00\x0e\xf8\x8e\x07\x00\xc8\x0f\x00"
"\x12\x72\x0b\x0b\x0a\x00\x00\x00\xff\xc0\x8e\x07\x00\xca\x0f\x00\x24\x78\x0e\x0e\x01\x00\x00\x00\x0b\x02\x8e\x07\x00\xca\x0f\x00"
"\x12\x72\x0f\x0e\x0f\x00\x00\x00\xff\xfc\x8e\x07\x00\xe2\x0f\x00\x47\x79\x00\x00\x40\x00\x00\x00\x00\x00\x80\x03\x00\xea\x0f\x00"
"\x12\x78\x0f\x0f\x00\x00\x00\x80\xff\xc0\x8e\x07\x00\xc8\x0f\x00\x12\x78\x0f\x0f\x00\x00\x80\x7f\xff\xfc\x8e\x07\x00\xe2\x0f\x00"
"\x47\x79\x00\x00\x10\x00\x00\x00\x00\x00\x80\x03\x00\xea\x0f\x00\x24\x78\x0f\x0e\x00\x00\x80\x00\x0f\x02\x8e\x07\x00\xc8\x0f\x00"
"\x41\x79\x02\x00\x00\x00\x00\x00\x00\x00\x80\x03\x00\xea\x0f\x00\x47\x79\x00\x00\x80\x00\x00\x00\x00\x00\x80\x03\x00\xea\x0f\x00"
"\x12\x78\x0a\x0b\x00\x00\x00\x80\x0a\x48\x8e\x07\x00\xc8\x0f\x00\x12\x78\x0f\x0a\x00\x00\x80\x7f\xff\xfc\x8e\x07\x00\xe2\x0f\x00"
"\x47\x79\x00\x00\x50\x00\x00\x00\x00\x00\x80\x03\x00\xea\x0f\x00\x12\x78\x0f\x0b\x00\x00\x00\x80\x0a\x48\x8e\x07\x00\xe2\x0f\x00"
"\x47\x79\x00\x00\x30\x00\x00\x00\x00\x00\x80\x03\x00\xea\x0f\x00\x08\x79\x0f\x00\x00\x00\xc0\xff\x00\x14\x00\x00\x00\x22\x0e\x00"
"\x47\x79\x00\x00\x10\x00\x00\x00\x00\x00\x80\x03\x00\xea\x0f\x00\x21\x72\x0f\x28\x0f\x00\x00\x00\x00\x00\x01\x00\x00\xc8\x0f\x00"
"\x41\x79\x01\x00\x00\x00\x00\x00\x00\x00\x80\x03\x00\xea\x0f\x00\x24\x72\x0a\xff\xff\x00\x00\x00\x12\x00\x8e\x07\x00\xe4\x0f\x00"
"\x24\x74\x0b\xff\x00\x00\x00\x00\xff\x00\x8e\x07\x00\xcc\x0f\x00\x50\x79\x00\x0a\x60\xda\xfe\xff\xff\xff\xc3\x03\x00\xea\x0f\x00"
"\x47\x79\x00\x00\xf0\xff\xff\xff\xff\xff\x83\x03\x00\xc0\x0f\x00\x18\x79\x00\x00\x00\x00\x00\x00\x00\x00\x00\x00\x00\xc0\x0f\x00"
"\x18\x79\x00\x00\x00\x00\x00\x00\x00\x00\x00\x00\x00\xc0\x0f\x00\x18\x79\x00\x00\x00\x00\x00\x00\x00\x00\x00\x00\x00\xc0\x0f\x00"
"\x18\x79\x00\x00\x00\x00\x00\x00\x00\x00\x00\x00\x00\xc0\x0f\x00\x18\x79\x00\x00\x00\x00\x00\x00\x00\x00\x00\x00\x00\xc0\x0f\x00"
"\x00\x00\x00\x00\x00\x00\x00\x00\x00\x00\x00\x00\x00\x00\x00\x00\x00\x00\x00\x00\x00\x00\x00\x00\x00\x00\x00\x00\x00\x00\x00\x00"
"\x00\x00\x00\x00\x00\x00\x00\x00\x00\x00\x00\x00\x00\x00\x00\x00\x00\x00\x00\x00\x00\x00\x00\x00\x00\x00\x00\x00\x00\x00\x00\x00"
"\x01\x00\x00\x00\x03\x00\x00\x00\x00\x00\x00\x00\x00\x00\x00\x00\x00\x00\x00\x00\x00\x00\x00\x00\x40\x00\x00\x00\x00\x00\x00\x00"
"\x2e\x01\x00\x00\x00\x00\x00\x00\x00\x00\x00\x00\x00\x00\x00\x00\x01\x00\x00\x00\x00\x00\x00\x00\x00\x00\x00\x00\x00\x00\x00\x00"
"\x0b\x00\x00\x00\x03\x00\x00\x00\x00\x00\x00\x00\x00\x00\x00\x00\x00\x00\x00\x00\x00\x00\x00\x00\x6e\x01\x00\x00\x00\x00\x00\x00"
"\x63\x04\x00\x00\x00\x00\x00\x00\x00\x00\x00\x00\x00\x00\x00\x00\x01\x00\x00\x00\x00\x00\x00\x00\x00\x00\x00\x00\x00\x00\x00\x00"
"\x13\x00\x00\x00\x02\x00\x00\x00\x00\x00\x00\x00\x00\x00\x00\x00\x00\x00\x00\x00\x00\x00\x00\x00\xd8\x05\x00\x00\x00\x00\x00\x00"
"\xf8\x01\x00\x00\x00\x00\x00\x00\x02\x00\x00\x00\x14\x00\x00\x00\x08\x00\x00\x00\x00\x00\x00\x00\x18\x00\x00\x00\x00\x00\x00\x00"
"\xc1\x00\x00\x00\x01\x00\x00\x00\x00\x00\x00\x00\x00\x00\x00\x00\x00\x00\x00\x00\x00\x00\x00\x00\xd0\x07\x00\x00\x00\x00\x00\x00"
"\x60\x01\x00\x00\x00\x00\x00\x00\x00\x00\x00\x00\x00\x00\x00\x00\x01\x00\x00\x00\x00\x00\x00\x00\x00\x00\x00\x00\x00\x00\x00\x00"
"\x29\x00\x00\x00\x00\x00\x00\x70\x00\x00\x00\x00\x00\x00\x00\x00\x00\x00\x00\x00\x00\x00\x00\x00\x30\x09\x00\x00\x00\x00\x00\x00"
"\x3c\x00\x00\x00\x00\x00\x00\x00\x03\x00\x00\x00\x00\x00\x00\x00\x04\x00\x00\x00\x00\x00\x00\x00\x00\x00\x00\x00\x00\x00\x00\x00"
"\x44\x00\x00\x00\x00\x00\x00\x70\x40\x00\x00\x00\x00\x00\x00\x00\x00\x00\x00\x00\x00\x00\x00\x00\x6c\x09\x00\x00\x00\x00\x00\x00"
"\x48\x01\x00\x00\x00\x00\x00\x00\x03\x00\x00\x00\x0d\x00\x00\x00\x04\x00\x00\x00\x00\x00\x00\x00\x00\x00\x00\x00\x00\x00\x00\x00"
"\x03\x01\x00\x00\x01\x00\x00\x70\x00\x00\x00\x00\x00\x00\x00\x00\x00\x00\x00\x00\x00\x00\x00\x00\xb4\x0a\x00\x00\x00\x00\x00\x00"
"\x20\x00\x00\x00\x00\x00\x00\x00\x03\x00\x00\x00\x00\x00\x00\x00\x04\x00\x00\x00\x00\x00\x00\x00\x08\x00\x00\x00\x00\x00\x00\x00"
"\x1f\x01\x00\x00\x0b\x00\x00\x70\x00\x00\x00\x00\x00\x00\x00\x00\x00\x00\x00\x00\x00\x00\x00\x00\xd8\x0a\x00\x00\x00\x00\x00\x00"
"\x10\x00\x00\x00\x00\x00\x00\x00\x00\x00\x00\x00\x00\x00\x00\x00\x08\x00\x00\x00\x00\x00\x00\x00\x08\x00\x00\x00\x00\x00\x00\x00"
"\xce\x00\x00\x00\x09\x00\x00\x00\x40\x00\x00\x00\x00\x00\x00\x00\x00\x00\x00\x00\x00\x00\x00\x00\xe8\x0a\x00\x00\x00\x00\x00\x00"
"\xa0\x00\x00\x00\x00\x00\x00\x00\x03\x00\x00\x00\x0b\x00\x00\x00\x08\x00\x00\x00\x00\x00\x00\x00\x10\x00\x00\x00\x00\x00\x00\x00"
"\xe0\x00\x00\x00\x09\x00\x00\x00\x40\x00\x00\x00\x00\x00\x00\x00\x00\x00\x00\x00\x00\x00\x00\x00\x88\x0b\x00\x00\x00\x00\x00\x00"
"\x50\x00\x00\x00\x00\x00\x00\x00\x03\x00\x00\x00\x04\x00\x00\x00\x08\x00\x00\x00\x00\x00\x00\x00\x10\x00\x00\x00\x00\x00\x00\x00"
"\x7b\x00\x00\x00\x01\x00\x00\x00\x02\x00\x00\x00\x00\x00\x00\x00\x00\x00\x00\x00\x00\x00\x00\x00\xd8\x0b\x00\x00\x00\x00\x00\x00"
"\x50\x00\x00\x00\x00\x00\x00\x00\x00\x00\x00\x00\x00\x00\x00\x00\x08\x00\x00\x00\x00\x00\x00\x00\x00\x00\x00\x00\x00\x00\x00\x00"
"\x89\x00\x00\x00\x01\x00\x00\x00\x42\x00\x00\x00\x00\x00\x00\x00\x00\x00\x00\x00\x00\x00\x00\x00\x28\x0c\x00\x00\x00\x00\x00\x00"
"\xa8\x01\x00\x00\x00\x00\x00\x00\x00\x00\x00\x00\x0d\x00\x00\x00\x04\x00\x00\x00\x00\x00\x00\x00\x00\x00\x00\x00\x00\x00\x00\x00"
"\x32\x00\x00\x00\x01\x00\x00\x00\x06\x00\x10\x00\x00\x00\x00\x00\x00\x00\x00\x00\x00\x00\x00\x00\x00\x0e\x00\x00\x00\x00\x00\x00"
"\x00\x26\x01\x00\x00\x00\x00\x00\x03\x00\x00\x00\x14\x00\x00\x8c\x80\x00\x00\x00\x00\x00\x00\x00\x00\x00\x00\x00\x00\x00\x00\x00"
"\x59\x00\x00\x00\x08\x00\x00\x00\x43\x00\x00\x00\x00\x00\x00\x00\x00\x00\x00\x00\x00\x00\x00\x00\x00\x34\x01\x00\x00\x00\x00\x00"
"\x00\x00\x00\x00\x00\x00\x00\x00\x00\x00\x00\x00\x0d\x00\x00\x00\x00\x04\x00\x00\x00\x00\x00\x00\x00\x00\x00\x00\x00\x00\x00\x00"
"\x70\x00\x00\x00\x08\x00\x00\x00\x03\x00\x00\x00\x00\x00\x00\x00\x00\x00\x00\x00\x00\x00\x00\x00\x00\x34\x01\x00\x00\x00\x00\x00"
"\x0a\x00\x00\x00\x00\x00\x00\x00\x00\x00\x00\x00\x00\x00\x00\x00\x01\x00\x00\x00\x00\x00\x00\x00\x00\x00\x00\x00\x00\x00\x00\x00"
"\x06\x00\x00\x00\x05\x00\x00\x00\x00\x38\x01\x00\x00\x00\x00\x00\x00\x00\x00\x00\x00\x00\x00\x00\x00\x00\x00\x00\x00\x00\x00\x00"
"\xe0\x00\x00\x00\x00\x00\x00\x00\xe0\x00\x00\x00\x00\x00\x00\x00\x08\x00\x00\x00\x00\x00\x00\x00\x01\x00\x00\x00\x05\x00\x00\x00"
"\xd8\x0b\x00\x00\x00\x00\x00\x00\x00\x00\x00\x00\x00\x00\x00\x00\x00\x00\x00\x00\x00\x00\x00\x00\x28\x28\x01\x00\x00\x00\x00\x00"
"\x28\x28\x01\x00\x00\x00\x00\x00\x08\x00\x00\x00\x00\x00\x00\x00\x01\x00\x00\x00\x06\x00\x00\x00\x00\x34\x01\x00\x00\x00\x00\x00"
"\x00\x00\x00\x00\x00\x00\x00\x00\x00\x00\x00\x00\x00\x00\x00\x00\x00\x00\x00\x00\x00\x00\x00\x00\x0a\x00\x00\x00\x00\x00\x00\x00"
"\x08\x00\x00\x00\x00\x00\x00\x00\x01\x00\x00\x00\x05\x00\x00\x00\x00\x38\x01\x00\x00\x00\x00\x00\x00\x00\x00\x00\x00\x00\x00\x00"
"\x00\x00\x00\x00\x00\x00\x00\x00\xe0\x00\x00\x00\x00\x00\x00\x00\xe0\x00\x00\x00\x00\x00\x00\x00\x08\x00\x00\x00\x00\x00\x00\x00";

// combine.cubin bytes=16608 sha256=cba72ddd347950ab98d99d23b14939871f7aca5c3f044a684cf52ddac195e7c7
alignas(8) static constexpr char kDFlashTileLangCombineCubin[] =
"\x7f\x45\x4c\x46\x02\x01\x01\x33\x07\x00\x00\x00\x00\x00\x00\x00\x02\x00\xbe\x00\x80\x00\x00\x00\x00\x00\x00\x00\x00\x00\x00\x00"
"\x00\x40\x00\x00\x00\x00\x00\x00\x00\x3c\x00\x00\x00\x00\x00\x00\x46\x05\x46\x00\x40\x00\x38\x00\x04\x00\x40\x00\x10\x00\x01\x00"
"\x00\x2e\x73\x68\x73\x74\x72\x74\x61\x62\x00\x2e\x73\x74\x72\x74\x61\x62\x00\x2e\x73\x79\x6d\x74\x61\x62\x00\x2e\x73\x79\x6d\x74"
"\x61\x62\x5f\x73\x68\x6e\x64\x78\x00\x2e\x6e\x76\x2e\x69\x6e\x66\x6f\x00\x2e\x74\x65\x78\x74\x2e\x6d\x61\x69\x6e\x5f\x6b\x65\x72"
"\x6e\x65\x6c\x00\x2e\x6e\x76\x2e\x69\x6e\x66\x6f\x2e\x6d\x61\x69\x6e\x5f\x6b\x65\x72\x6e\x65\x6c\x00\x2e\x6e\x76\x2e\x73\x68\x61"
"\x72\x65\x64\x2e\x6d\x61\x69\x6e\x5f\x6b\x65\x72\x6e\x65\x6c\x00\x2e\x6e\x76\x2e\x67\x6c\x6f\x62\x61\x6c\x00\x2e\x6e\x76\x2e\x63"
"\x6f\x6e\x73\x74\x61\x6e\x74\x34\x00\x2e\x6e\x76\x2e\x63\x6f\x6e\x73\x74\x61\x6e\x74\x30\x2e\x6d\x61\x69\x6e\x5f\x6b\x65\x72\x6e"
"\x65\x6c\x00\x2e\x72\x65\x6c\x2e\x6e\x76\x2e\x63\x6f\x6e\x73\x74\x61\x6e\x74\x30\x2e\x6d\x61\x69\x6e\x5f\x6b\x65\x72\x6e\x65\x6c"
"\x00\x2e\x64\x65\x62\x75\x67\x5f\x66\x72\x61\x6d\x65\x00\x2e\x72\x65\x6c\x2e\x6e\x76\x2e\x63\x6f\x6e\x73\x74\x61\x6e\x74\x34\x00"
"\x2e\x72\x65\x6c\x2e\x64\x65\x62\x75\x67\x5f\x66\x72\x61\x6d\x65\x00\x2e\x72\x65\x6c\x61\x2e\x64\x65\x62\x75\x67\x5f\x66\x72\x61"
"\x6d\x65\x00\x2e\x6e\x76\x2e\x63\x61\x6c\x6c\x67\x72\x61\x70\x68\x00\x2e\x6e\x76\x2e\x70\x72\x6f\x74\x6f\x74\x79\x70\x65\x00\x2e"
"\x6e\x76\x2e\x72\x65\x6c\x2e\x61\x63\x74\x69\x6f\x6e\x00\x00\x2e\x73\x68\x73\x74\x72\x74\x61\x62\x00\x2e\x73\x74\x72\x74\x61\x62"
"\x00\x2e\x73\x79\x6d\x74\x61\x62\x00\x2e\x73\x79\x6d\x74\x61\x62\x5f\x73\x68\x6e\x64\x78\x00\x2e\x6e\x76\x2e\x69\x6e\x66\x6f\x00"
"\x2e\x74\x65\x78\x74\x2e\x6d\x61\x69\x6e\x5f\x6b\x65\x72\x6e\x65\x6c\x00\x2e\x6e\x76\x2e\x69\x6e\x66\x6f\x2e\x6d\x61\x69\x6e\x5f"
"\x6b\x65\x72\x6e\x65\x6c\x00\x2e\x6e\x76\x2e\x73\x68\x61\x72\x65\x64\x2e\x6d\x61\x69\x6e\x5f\x6b\x65\x72\x6e\x65\x6c\x00\x2e\x6e"
"\x76\x2e\x67\x6c\x6f\x62\x61\x6c\x00\x5f\x5a\x4e\x34\x31\x5f\x49\x4e\x54\x45\x52\x4e\x41\x4c\x5f\x39\x35\x65\x36\x62\x63\x64\x30"
"\x5f\x31\x30\x5f\x63\x6f\x6d\x62\x69\x6e\x65\x5f\x63\x75\x5f\x31\x62\x36\x33\x65\x30\x38\x35\x34\x63\x75\x74\x65\x37\x70\x72\x6f"
"\x64\x75\x63\x74\x45\x00\x2e\x6e\x76\x2e\x63\x6f\x6e\x73\x74\x61\x6e\x74\x34\x00\x5f\x5a\x4e\x34\x31\x5f\x49\x4e\x54\x45\x52\x4e"
"\x41\x4c\x5f\x39\x35\x65\x36\x62\x63\x64\x30\x5f\x31\x30\x5f\x63\x6f\x6d\x62\x69\x6e\x65\x5f\x63\x75\x5f\x31\x62\x36\x33\x65\x30"
"\x38\x35\x34\x63\x75\x74\x65\x31\x5f\x45\x00\x5f\x5a\x4e\x34\x31\x5f\x49\x4e\x54\x45\x52\x4e\x41\x4c\x5f\x39\x35\x65\x36\x62\x63"
"\x64\x30\x5f\x31\x30\x5f\x63\x6f\x6d\x62\x69\x6e\x65\x5f\x63\x75\x5f\x31\x62\x36\x33\x65\x30\x38\x35\x34\x63\x75\x64\x61\x33\x73"
"\x74\x64\x33\x5f\x5f\x34\x35\x5f\x5f\x63\x70\x6f\x35\x62\x65\x67\x69\x6e\x45\x00\x5f\x5a\x4e\x34\x31\x5f\x49\x4e\x54\x45\x52\x4e"
"\x41\x4c\x5f\x39\x35\x65\x36\x62\x63\x64\x30\x5f\x31\x30\x5f\x63\x6f\x6d\x62\x69\x6e\x65\x5f\x63\x75\x5f\x31\x62\x36\x33\x65\x30"
"\x38\x35\x34\x63\x75\x64\x61\x33\x73\x74\x64\x33\x5f\x5f\x34\x35\x5f\x5f\x63\x70\x6f\x33\x65\x6e\x64\x45\x00\x5f\x5a\x4e\x34\x31"
"\x5f\x49\x4e\x54\x45\x52\x4e\x41\x4c\x5f\x39\x35\x65\x36\x62\x63\x64\x30\x5f\x31\x30\x5f\x63\x6f\x6d\x62\x69\x6e\x65\x5f\x63\x75"
"\x5f\x31\x62\x36\x33\x65\x30\x38\x35\x34\x63\x75\x64\x61\x33\x73\x74\x64\x33\x5f\x5f\x34\x35\x5f\x5f\x63\x70\x6f\x36\x63\x62\x65"
"\x67\x69\x6e\x45\x00\x5f\x5a\x4e\x34\x31\x5f\x49\x4e\x54\x45\x52\x4e\x41\x4c\x5f\x39\x35\x65\x36\x62\x63\x64\x30\x5f\x31\x30\x5f"
"\x63\x6f\x6d\x62\x69\x6e\x65\x5f\x63\x75\x5f\x31\x62\x36\x33\x65\x30\x38\x35\x34\x63\x75\x64\x61\x33\x73\x74\x64\x33\x5f\x5f\x34"
"\x35\x5f\x5f\x63\x70\x6f\x34\x63\x65\x6e\x64\x45\x00\x5f\x5a\x4e\x34\x31\x5f\x49\x4e\x54\x45\x52\x4e\x41\x4c\x5f\x39\x35\x65\x36"
"\x62\x63\x64\x30\x5f\x31\x30\x5f\x63\x6f\x6d\x62\x69\x6e\x65\x5f\x63\x75\x5f\x31\x62\x36\x33\x65\x30\x38\x35\x34\x63\x75\x64\x61"
"\x33\x73\x74\x64\x33\x5f\x5f\x34\x31\x39\x70\x69\x65\x63\x65\x77\x69\x73\x65\x5f\x63\x6f\x6e\x73\x74\x72\x75\x63\x74\x45\x00\x5f"
"\x5a\x4e\x34\x31\x5f\x49\x4e\x54\x45\x52\x4e\x41\x4c\x5f\x39\x35\x65\x36\x62\x63\x64\x30\x5f\x31\x30\x5f\x63\x6f\x6d\x62\x69\x6e"
"\x65\x5f\x63\x75\x5f\x31\x62\x36\x33\x65\x30\x38\x35\x34\x63\x75\x64\x61\x33\x73\x74\x64\x33\x5f\x5f\x34\x38\x69\x6e\x5f\x70\x6c"
"\x61\x63\x65\x45\x00\x5f\x5a\x4e\x34\x31\x5f\x49\x4e\x54\x45\x52\x4e\x41\x4c\x5f\x39\x35\x65\x36\x62\x63\x64\x30\x5f\x31\x30\x5f"
"\x63\x6f\x6d\x62\x69\x6e\x65\x5f\x63\x75\x5f\x31\x62\x36\x33\x65\x30\x38\x35\x34\x63\x75\x64\x61\x33\x73\x74\x64\x36\x72\x61\x6e"
"\x67\x65\x73\x33\x5f\x5f\x34\x35\x5f\x5f\x63\x70\x6f\x34\x73\x77\x61\x70\x45\x00\x5f\x5a\x4e\x34\x31\x5f\x49\x4e\x54\x45\x52\x4e"
"\x41\x4c\x5f\x39\x35\x65\x36\x62\x63\x64\x30\x5f\x31\x30\x5f\x63\x6f\x6d\x62\x69\x6e\x65\x5f\x63\x75\x5f\x31\x62\x36\x33\x65\x30"
"\x38\x35\x34\x63\x75\x64\x61\x33\x73\x74\x64\x36\x72\x61\x6e\x67\x65\x73\x33\x5f\x5f\x34\x35\x5f\x5f\x63\x70\x6f\x39\x69\x74\x65"
"\x72\x5f\x6d\x6f\x76\x65\x45\x00\x24\x5f\x5f\x69\x6e\x74\x65\x72\x6e\x61\x6c\x5f\x30\x5f\x24\x5f\x5f\x63\x75\x64\x61\x5f\x73\x6d"
"\x33\x78\x5f\x64\x69\x76\x5f\x72\x6e\x5f\x6e\x6f\x66\x74\x7a\x5f\x66\x33\x32\x5f\x73\x6c\x6f\x77\x70\x61\x74\x68\x00\x2e\x72\x65"
"\x6c\x2e\x6e\x76\x2e\x63\x6f\x6e\x73\x74\x61\x6e\x74\x30\x2e\x6d\x61\x69\x6e\x5f\x6b\x65\x72\x6e\x65\x6c\x00\x2e\x6e\x76\x2e\x63"
"\x6f\x6e\x73\x74\x61\x6e\x74\x30\x2e\x6d\x61\x69\x6e\x5f\x6b\x65\x72\x6e\x65\x6c\x00\x2e\x64\x65\x62\x75\x67\x5f\x66\x72\x61\x6d"
"\x65\x00\x2e\x72\x65\x6c\x2e\x6e\x76\x2e\x63\x6f\x6e\x73\x74\x61\x6e\x74\x34\x00\x2e\x72\x65\x6c\x2e\x64\x65\x62\x75\x67\x5f\x66"
"\x72\x61\x6d\x65\x00\x2e\x72\x65\x6c\x61\x2e\x64\x65\x62\x75\x67\x5f\x66\x72\x61\x6d\x65\x00\x2e\x6e\x76\x2e\x63\x61\x6c\x6c\x67"
"\x72\x61\x70\x68\x00\x2e\x6e\x76\x2e\x70\x72\x6f\x74\x6f\x74\x79\x70\x65\x00\x2e\x6e\x76\x2e\x72\x65\x6c\x2e\x61\x63\x74\x69\x6f"
"\x6e\x00\x6d\x61\x69\x6e\x5f\x6b\x65\x72\x6e\x65\x6c\x00\x00\x00\x00\x00\x00\x00\x00\x00\x00\x00\x00\x00\x00\x00\x00\x00\x00\x00"
"\x00\x00\x00\x00\x00\x00\x00\x00\x32\x00\x00\x00\x03\x00\x0d\x00\x00\x00\x00\x00\x00\x00\x00\x00\x00\x00\x00\x00\x00\x00\x00\x00"
"\x70\x00\x00\x00\x03\x00\x0f\x00\x00\x00\x00\x00\x00\x00\x00\x00\x00\x00\x00\x00\x00\x00\x00\x00\x7b\x00\x00\x00\x01\x00\x0f\x00"
"\x01\x00\x00\x00\x00\x00\x00\x00\x01\x00\x00\x00\x00\x00\x00\x00\xb8\x00\x00\x00\x03\x00\x0b\x00\x00\x00\x00\x00\x00\x00\x00\x00"
"\x00\x00\x00\x00\x00\x00\x00\x00\xc6\x00\x00\x00\x01\x00\x0f\x00\x06\x00\x00\x00\x00\x00\x00\x00\x01\x00\x00\x00\x00\x00\x00\x00"
"\xfd\x00\x00\x00\x01\x00\x0f\x00\x03\x00\x00\x00\x00\x00\x00\x00\x01\x00\x00\x00\x00\x00\x00\x00\x46\x01\x00\x00\x01\x00\x0f\x00"
"\x08\x00\x00\x00\x00\x00\x00\x00\x01\x00\x00\x00\x00\x00\x00\x00\x8d\x01\x00\x00\x01\x00\x0f\x00\x02\x00\x00\x00\x00\x00\x00\x00"
"\x01\x00\x00\x00\x00\x00\x00\x00\xd7\x01\x00\x00\x01\x00\x0f\x00\x07\x00\x00\x00\x00\x00\x00\x00\x01\x00\x00\x00\x00\x00\x00\x00"
"\x1f\x02\x00\x00\x01\x00\x0f\x00\x04\x00\x00\x00\x00\x00\x00\x00\x01\x00\x00\x00\x00\x00\x00\x00\x71\x02\x00\x00\x01\x00\x0f\x00"
"\x09\x00\x00\x00\x00\x00\x00\x00\x01\x00\x00\x00\x00\x00\x00\x00\xb7\x02\x00\x00\x01\x00\x0f\x00\x00\x00\x00\x00\x00\x00\x00\x00"
"\x01\x00\x00\x00\x00\x00\x00\x00\x06\x03\x00\x00\x01\x00\x0f\x00\x05\x00\x00\x00\x00\x00\x00\x00\x01\x00\x00\x00\x00\x00\x00\x00"
"\x5a\x03\x00\x00\x22\x00\x0d\x00\x00\x27\x00\x00\x00\x00\x00\x00\x80\x06\x00\x00\x00\x00\x00\x00\xad\x03\x00\x00\x03\x00\x0c\x00"
"\x00\x00\x00\x00\x00\x00\x00\x00\x00\x00\x00\x00\x00\x00\x00\x00\xc7\x03\x00\x00\x03\x00\x04\x00\x00\x00\x00\x00\x00\x00\x00\x00"
"\x00\x00\x00\x00\x00\x00\x00\x00\x09\x04\x00\x00\x03\x00\x07\x00\x00\x00\x00\x00\x00\x00\x00\x00\x00\x00\x00\x00\x00\x00\x00\x00"
"\x25\x04\x00\x00\x03\x00\x08\x00\x00\x00\x00\x00\x00\x00\x00\x00\x00\x00\x00\x00\x00\x00\x00\x00\x34\x04\x00\x00\x12\x10\x0d\x00"
"\x00\x00\x00\x00\x00\x00\x00\x00\x80\x2d\x00\x00\x00\x00\x00\x00\xff\xff\xff\xff\x24\x00\x00\x00\x00\x00\x00\x00\xff\xff\xff\xff"
"\xff\xff\xff\xff\x03\x00\x04\x7c\xff\xff\xff\xff\x0f\x0c\x81\x80\x80\x28\x00\x08\xff\x81\x80\x28\x08\x81\x80\x80\x28\x00\x00\x00"
"\xff\xff\xff\xff\x34\x00\x00\x00\x00\x00\x00\x00\x00\x00\x00\x00\x00\x00\x00\x00\x00\x00\x00\x00\x00\x00\x00\x00\x00\x27\x00\x00"
"\x00\x00\x00\x00\x04\x04\x00\x00\x00\x04\x58\x00\x00\x00\x0c\x81\x80\x80\x28\x00\x04\x60\x09\x00\x00\x00\x00\x00\x00\x00\x00\x00"
"\xff\xff\xff\xff\x3c\x00\x00\x00\x00\x00\x00\x00\xff\xff\xff\xff\xff\xff\xff\xff\x03\x00\x04\x7c\x80\x82\x80\x28\x0c\x81\x80\x80"
"\x28\x00\x08\xff\x81\x80\x28\x08\x81\x80\x80\x28\x08\x8c\x80\x80\x28\x16\x80\x82\x80\x28\x10\x03\x00\x00\x00\x00\x00\x00\x00\x00"
"\x92\x8c\x80\x80\x28\x00\x22\x00\xff\xff\xff\xff\x1c\x00\x00\x00\x00\x00\x00\x00\x70\x00\x00\x00\x00\x00\x00\x00\x00\x27\x00\x00"
"\x00\x00\x00\x00\x80\x06\x00\x00\x00\x00\x00\x00\x00\x00\x00\x00\x04\x2f\x08\x00\x13\x00\x00\x00\x32\x00\x00\x00\x04\x11\x08\x00"
"\x0e\x00\x00\x00\x00\x00\x00\x00\x04\x11\x08\x00\x13\x00\x00\x00\x00\x00\x00\x00\x04\x12\x08\x00\x13\x00\x00\x00\x00\x00\x00\x00"
"\x04\x36\x04\x00\x01\x00\x00\x00\x04\x37\x04\x00\x80\x00\x00\x00\x04\x0a\x08\x00\x0f\x00\x00\x00\x60\x01\x28\x00\x03\x19\x28\x00"
"\x04\x17\x0c\x00\x00\x00\x00\x00\x04\x00\x20\x00\x00\xf0\x21\x00\x04\x17\x0c\x00\x00\x00\x00\x00\x03\x00\x18\x00\x00\xf0\x21\x00"
"\x04\x17\x0c\x00\x00\x00\x00\x00\x02\x00\x10\x00\x00\xf0\x21\x00\x04\x17\x0c\x00\x00\x00\x00\x00\x01\x00\x08\x00\x00\xf0\x21\x00"
"\x04\x17\x0c\x00\x00\x00\x00\x00\x00\x00\x00\x00\x00\xf0\x21\x00\x03\x1b\xff\x00\x04\x31\x0c\x00\x10\x00\x00\x00\x00\x1a\x00\x00"
"\x00\x27\x00\x00\x04\x1c\x0c\x00\x80\x02\x00\x00\x20\x26\x00\x00\xf0\x26\x00\x00\x04\x05\x0c\x00\x80\x00\x00\x00\x01\x00\x00\x00"
"\x01\x00\x00\x00\x04\x1e\x04\x00\x00\x00\x00\x00\x00\x00\x00\x00\xff\xff\xff\xff\x00\x00\x00\x00\xfe\xff\xff\xff\x00\x00\x00\x00"
"\xfd\xff\xff\xff\x00\x00\x00\x00\xfc\xff\xff\xff\x00\x00\x00\x00\x73\x00\x00\x00\x00\x00\x00\x00\x00\x00\x00\x11\x25\x00\x05\x36"
"\x48\x00\x00\x00\x00\x00\x00\x00\x02\x00\x00\x00\x0d\x00\x00\x00\x40\x00\x00\x00\x00\x00\x00\x00\x02\x00\x00\x00\x0c\x00\x00\x00"
"\x38\x00\x00\x00\x00\x00\x00\x00\x02\x00\x00\x00\x0b\x00\x00\x00\x30\x00\x00\x00\x00\x00\x00\x00\x02\x00\x00\x00\x0a\x00\x00\x00"
"\x28\x00\x00\x00\x00\x00\x00\x00\x02\x00\x00\x00\x09\x00\x00\x00\x20\x00\x00\x00\x00\x00\x00\x00\x02\x00\x00\x00\x08\x00\x00\x00"
"\x18\x00\x00\x00\x00\x00\x00\x00\x02\x00\x00\x00\x07\x00\x00\x00\x10\x00\x00\x00\x00\x00\x00\x00\x02\x00\x00\x00\x06\x00\x00\x00"
"\x08\x00\x00\x00\x00\x00\x00\x00\x02\x00\x00\x00\x05\x00\x00\x00\x00\x00\x00\x00\x00\x00\x00\x00\x02\x00\x00\x00\x03\x00\x00\x00"
"\xcc\x00\x00\x00\x00\x00\x00\x00\x02\x00\x00\x00\x13\x00\x00\x00\x44\x00\x00\x00\x00\x00\x00\x00\x02\x00\x00\x00\x13\x00\x00\x00"
"\xa8\x00\x00\x00\x00\x00\x00\x00\x02\x00\x00\x00\x13\x00\x00\x00\x00\x00\x00\x00\x00\x00\x00\x00\x00\x00\x00\x00\x00\x00\x00\x00"
"\x00\x00\x00\x00\x00\x00\x00\x00\x00\x00\x00\x00\x00\x00\x00\x00\x00\x00\x00\x00\x00\x00\x00\x00\x00\x00\x00\x00\x00\x00\x00\x00"
"\x00\x00\x00\x00\x00\x00\x00\x00\x00\x00\x00\x00\x00\x00\x00\x00\x00\x00\x00\x00\x00\x00\x00\x00\x00\x00\x00\x00\x00\x00\x00\x00"
"\x00\x00\x00\x00\x00\x00\x00\x00\x00\x00\x00\x00\x00\x00\x00\x00\x00\x00\x00\x00\x00\x00\x00\x00\x00\x00\x00\x00\x00\x00\x00\x00"
"\x00\x00\x00\x00\x00\x00\x00\x00\x00\x00\x00\x00\x00\x00\x00\x00\x00\x00\x00\x00\x00\x00\x00\x00\x00\x00\x00\x00\x00\x00\x00\x00"
"\x00\x00\x00\x00\x00\x00\x00\x00\x00\x00\x00\x00\x00\x00\x00\x00\x00\x00\x00\x00\x00\x00\x00\x00\x00\x00\x00\x00\x00\x00\x00\x00"
"\x00\x00\x00\x00\x00\x00\x00\x00\x00\x00\x00\x00\x00\x00\x00\x00\x00\x00\x00\x00\x00\x00\x00\x00\x00\x00\x00\x00\x00\x00\x00\x00"
"\x00\x00\x00\x00\x00\x00\x00\x00\x00\x00\x00\x00\x00\x00\x00\x00\x00\x00\x00\x00\x00\x00\x00\x00\x00\x00\x00\x00\x00\x00\x00\x00"
"\x00\x00\x00\x00\x00\x00\x00\x00\x00\x00\x00\x00\x00\x00\x00\x00\x00\x00\x00\x00\x00\x00\x00\x00\x00\x00\x00\x00\x00\x00\x00\x00"
"\x00\x00\x00\x00\x00\x00\x00\x00\x00\x00\x00\x00\x00\x00\x00\x00\x00\x00\x00\x00\x00\x00\x00\x00\x00\x00\x00\x00\x00\x00\x00\x00"
"\x00\x00\x00\x00\x00\x00\x00\x00\x00\x00\x00\x00\x00\x00\x00\x00\x00\x00\x00\x00\x00\x00\x00\x00\x00\x00\x00\x00\x00\x00\x00\x00"
"\x00\x00\x00\x00\x00\x00\x00\x00\x00\x00\x00\x00\x00\x00\x00\x00\x00\x00\x00\x00\x00\x00\x00\x00\x00\x00\x00\x00\x00\x00\x00\x00"
"\x00\x00\x00\x00\x00\x00\x00\x00\x00\x00\x00\x00\x00\x00\x00\x00\x00\x00\x00\x00\x00\x00\x00\x00\x00\x00\x00\x00\x00\x00\x00\x00"
"\x00\x00\x00\x00\x00\x00\x00\x00\x00\x00\x00\x00\x00\x00\x00\x00\x00\x00\x00\x00\x00\x00\x00\x00\x00\x00\x00\x00\x00\x00\x00\x00"
"\x00\x00\x00\x00\x00\x00\x00\x00\x00\x00\x00\x00\x00\x00\x00\x00\x00\x00\x00\x00\x00\x00\x00\x00\x00\x00\x00\x00\x00\x00\x00\x00"
"\x00\x00\x00\x00\x00\x00\x00\x00\x00\x00\x00\x00\x00\x00\x00\x00\x00\x00\x00\x00\x00\x00\x00\x00\x00\x00\x00\x00\x00\x00\x00\x00"
"\x00\x00\x00\x00\x00\x00\x00\x00\x00\x00\x00\x00\x00\x00\x00\x00\x00\x00\x00\x00\x00\x00\x00\x00\x00\x00\x00\x00\x00\x00\x00\x00"
"\x00\x00\x00\x00\x00\x00\x00\x00\x00\x00\x00\x00\x00\x00\x00\x00\x00\x00\x00\x00\x00\x00\x00\x00\x00\x00\x00\x00\x00\x00\x00\x00"
"\x02\x7a\x01\x00\x00\x0a\x00\x00\x00\x0f\x00\x00\x00\xe4\x0f\x00\x89\xf3\xff\xff\xff\x00\x00\x00\xff\x00\x0e\x00\x00\xe2\x0f\x00"
"\x02\x7a\x04\x00\x00\x5e\x00\x00\x00\x0f\x00\x00\x00\xe2\x0f\x00\x24\x76\x07\xff\x00\x61\x00\x00\xff\x00\x8e\x07\x00\xe2\x0f\x00"
"\x02\x7a\x05\x00\x00\x5f\x00\x00\x00\x0f\x00\x00\x00\xe4\x0f\x00\x02\x7a\x06\x00\x00\x60\x00\x00\x00\x0f\x00\x00\x00\xcc\x0f\x00"
"\x81\x73\x04\x04\x00\x00\x00\x00\x00\x69\x1e\x00\x00\xa8\x0e\x00\x81\x73\x03\x06\x00\x00\x00\x00\x00\x69\x1e\x00\x00\xe8\x0e\x00"
"\x81\x73\x02\x06\x00\x04\x00\x00\x00\x69\x1e\x00\x00\xe2\x0e\x00\x55\x73\xff\x00\x00\x00\x00\x00\x00\x00\x10\x00\x00\xe2\x0f\x00"
"\x45\x79\x00\x00\xb0\x01\x00\x00\x00\x00\x80\x03\x00\xe4\x0f\x00\x19\x79\x2e\x00\x00\x00\x00\x00\x00\x25\x00\x00\x00\x28\x0e\x00"
"\x19\x79\x2d\x00\x00\x00\x00\x00\x00\x21\x00\x00\x00\x62\x0e\x00\x10\x78\x00\x04\x7f\x00\x00\x00\xff\xe0\xff\x07\x00\xc8\x4f\x00"
"\x19\x78\x00\xff\x07\x00\x00\x00\x00\x14\x01\x00\x00\xe4\x0f\x00\x10\x72\x09\x03\x02\x00\x00\x00\xff\xe1\xff\x07\x00\xe4\x8f\x00"
"\x0c\x78\x00\x00\x01\x00\x00\x00\x70\x12\xf2\x03\x00\xe4\x0f\x00\x0c\x72\x00\x2e\x09\x00\x00\x00\x70\x62\xf0\x03\x00\xe4\x1f\x00"
"\x07\x78\x00\x00\x01\x00\x00\x00\x00\x00\x80\x04\x00\xe4\x0f\x00\x0c\x78\x00\x2d\x27\x00\x00\x00\x70\x46\x72\x00\x00\xc4\x2f\x00"
"\x0c\x78\x00\x00\x28\x00\x00\x00\x70\x12\xf4\x03\x00\xc8\x0f\x00\x07\x78\x02\x00\x28\x00\x00\x00\x00\x00\x00\x01\x00\xcc\x0f\x00"
"\x47\x19\x00\x00\xe0\x00\x00\x00\x00\x00\x80\x03\x00\xea\x0f\x00\x0c\x72\x00\x2d\x02\x00\x00\x00\x70\x62\xf2\x03\x00\xe2\x0f\x04"
"\x55\x73\xff\x01\x00\x00\x00\x00\x00\x00\x10\x00\x00\xe2\x0f\x00\x45\x79\x01\x00\xa0\x00\x00\x00\x00\x00\x80\x03\x00\xe2\x0f\x00"
"\x19\x78\x07\x2d\x02\x00\x00\x00\xff\x06\x00\x00\x00\xe4\x0f\x00\x02\x78\x04\x00\x00\x00\x80\xce\x00\x0f\x00\x00\x00\xce\x0f\x00"
"\x47\x19\x00\x00\x60\x00\x00\x00\x00\x00\x80\x03\x00\xea\x0f\x00\x19\x79\x05\x00\x00\x00\x00\x00\x00\x26\x00\x00\x00\x24\x0e\x00"
"\x11\x72\x00\x2e\x05\x00\x00\x00\xff\x18\x8e\x07\x00\xe2\x1f\x00\x24\x74\x05\xff\x04\x00\x00\x00\xff\x00\x8e\x07\x00\xc6\x0f\x00"
"\x11\x72\x00\x2d\x00\x00\x00\x00\xff\x38\x8e\x07\x00\xca\x0f\x00\x25\x76\x04\x00\x00\x5a\x00\x00\x05\x02\x8e\x07\x00\xd0\x0f\x00"
"\x81\x73\x04\x04\x00\x00\x00\x00\x00\x69\x1e\x00\x00\x64\x01\x00\x41\x79\x01\x00\x00\x00\x00\x00\x00\x00\x80\x03\x00\xea\x0f\x00"
"\x88\x73\x00\x07\x04\x00\x00\x00\x00\x08\x00\x00\x00\xe4\x03\x02\x41\x79\x00\x00\x00\x00\x00\x00\x00\x00\x80\x03\x00\xea\x0f\x00"
"\x18\x79\x00\x00\x00\x00\x00\x00\x00\x00\x00\x00\x00\xe2\x0f\x00\x1d\x7b\x00\x00\x00\x00\x00\x00\x00\x00\x00\x00\x00\xea\x0f\x00"
"\x4d\x09\x00\x00\x00\x00\x00\x00\x00\x00\x80\x03\x00\xea\x0f\x00\x84\x79\x28\xff\x00\x00\x00\x00\x00\x1c\x00\x00\x00\xa2\x0e\x00"
"\x0c\x78\x00\x02\x02\x00\x00\x00\x70\x60\xf4\x03\x00\xe4\x0f\x04\x0c\x78\x00\x02\x03\x00\x00\x00\x70\x60\xf6\x03\x00\xe2\x0f\x04"
"\x84\x79\x04\xff\x00\x10\x00\x00\x00\x1c\x00\x00\x00\x22\x3e\x00\x0c\x78\x00\x02\x04\x00\x00\x00\x70\x60\xf2\x03\x00\xc6\x0f\x00"
"\x84\x79\x08\xff\x00\x20\x00\x00\x00\x1c\x00\x00\x00\x68\x0e\x00\x84\x79\x0c\xff\x00\x30\x00\x00\x00\x1c\x00\x00\x00\xe8\x0e\x00"
"\x19\x79\x2c\x00\x00\x00\x00\x00\x00\x26\x00\x00\x00\x22\x0f\x00\x09\x78\x00\x28\x00\x00\x80\xce\x00\x00\x80\x07\x00\xc8\x4f\x00"
"\x09\x72\x11\x29\x00\x00\x00\x00\x00\x00\x80\x07\x00\xc8\x0f\x00\x09\x72\x00\x2a\x11\x00\x00\x00\x00\x00\x80\x07\x00\xc8\x0f\x00"
"\x09\x72\x11\x2b\x00\x00\x00\x00\x00\x00\x80\x07\x00\xc8\x0f\x00\x09\x72\x00\x11\x04\x00\x00\x00\x00\x00\x80\x07\x00\xc8\x1f\x00"
"\x09\x72\x15\x05\x00\x00\x00\x00\x00\x00\x80\x07\x00\xe2\x0f\x00\x84\x79\x10\xff\x00\x40\x00\x00\x00\x1c\x00\x00\x00\x26\x0e\x00"
"\x09\x72\x00\x06\x15\x00\x00\x00\x00\x00\x80\x07\x00\xc8\x0f\x00\x09\x72\x15\x07\x00\x00\x00\x00\x00\x00\x80\x07\x00\xc8\x0f\x00"
"\x09\x72\x00\x15\x08\x00\x00\x00\x00\x00\x80\x07\x00\xc8\x2f\x00\x09\x72\x19\x09\x00\x00\x00\x00\x00\x00\x80\x07\x00\xe2\x0f\x00"
"\x84\x79\x14\xff\x00\x50\x00\x00\x00\x1c\x00\x00\x00\x66\x0e\x00\x09\x72\x00\x0a\x19\x00\x00\x00\x00\x00\x80\x07\x00\xc8\x0f\x00"
"\x09\x72\x19\x0b\x00\x00\x00\x00\x00\x00\x80\x07\x00\xc8\x0f\x00\x09\x72\x00\x19\x0c\x00\x00\x00\x00\x00\x80\x07\x00\xc8\x8f\x00"
"\x09\x72\x1d\x0d\x00\x00\x00\x00\x00\x00\x80\x07\x00\xe2\x0f\x00\x84\x79\x18\xff\x00\x60\x00\x00\x00\x1c\x00\x00\x00\xa6\x0e\x00"
"\x09\x72\x00\x0e\x1d\x00\x00\x00\x00\x00\x80\x07\x00\xc8\x0f\x00\x09\x72\x1d\x0f\x00\x00\x00\x00\x00\x00\x80\x07\x00\xc8\x0f\x00"
"\x09\x72\x00\x1d\x10\x00\x00\x00\x00\x00\x80\x07\x00\xc8\x1f\x00\x09\x72\x21\x11\x00\x00\x00\x00\x00\x00\x80\x07\x00\xe2\x0f\x00"
"\x84\x79\x1c\xff\x00\x70\x00\x00\x00\x1c\x00\x00\x00\x26\x0e\x00\x09\x72\x00\x12\x21\x00\x00\x00\x00\x00\x80\x07\x00\xc8\x0f\x00"
"\x09\x72\x21\x13\x00\x00\x00\x00\x00\x00\x80\x07\x00\xc8\x0f\x00\x09\x72\x00\x21\x14\x00\x00\x00\x00\x00\x80\x07\x00\xc8\x2f\x00"
"\x09\x72\x25\x15\x00\x00\x00\x00\x00\x00\x80\x07\x00\xe2\x0f\x00\x84\x79\x20\xff\x00\x80\x00\x00\x00\x1c\x00\x00\x00\x66\x0e\x00"
"\x09\x72\x00\x16\x25\x00\x00\x00\x00\x00\x80\x07\x00\xc8\x0f\x00\x09\x72\x25\x17\x00\x00\x00\x00\x00\x00\x80\x07\x00\xc8\x0f\x00"
"\x09\x72\x00\x25\x18\x00\x00\x00\x00\x00\x80\x07\x00\xc8\x4f\x00\x09\x72\x2f\x19\x00\x00\x00\x00\x00\x00\x80\x07\x00\xe2\x0f\x00"
"\x84\x79\x24\xff\x00\x90\x00\x00\x00\x1c\x00\x00\x00\xa6\x0e\x00\x09\x72\x00\x1a\x2f\x00\x00\x00\x00\x00\x80\x07\x00\xc8\x0f\x00"
"\x09\x72\x2f\x1b\x00\x00\x00\x00\x00\x00\x80\x07\x00\xc8\x0f\x00\x09\x72\x00\x2f\x1c\x00\x00\x00\x00\x00\x80\x07\x00\xc8\x1f\x00"
"\x09\x72\x2f\x1d\x00\x00\x00\x00\x00\x00\x80\x07\x00\xc8\x0f\x00\x09\x72\x00\x1e\x2f\x00\x00\x00\x00\x00\x80\x07\x00\xc8\x0f\x00"
"\x09\x72\x2f\x1f\x00\x00\x00\x00\x00\x00\x80\x07\x00\xc8\x0f\x00\x09\x72\x00\x2f\x20\x00\x00\x00\x00\x00\x80\x07\x00\xc8\x2f\x00"
"\x09\x72\x2f\x21\x00\x00\x00\x00\x00\x00\x80\x07\x00\xc8\x0f\x00\x09\x72\x00\x22\x2f\x00\x00\x00\x00\x00\x80\x07\x00\xc8\x0f\x00"
"\x09\x72\x2f\x23\x00\x00\x00\x00\x00\x00\x80\x07\x00\xc8\x0f\x00\x09\x72\x00\x2f\x24\x00\x00\x00\x00\x00\x80\x07\x00\xc8\x4f\x00"
"\x09\x72\x2f\x25\x00\x00\x00\x00\x00\x00\x80\x07\x00\xc8\x0f\x00\x09\x72\x00\x26\x2f\x00\x00\x00\x00\x00\x80\x07\x00\xc8\x0f\x00"
"\x09\x72\x00\x27\x00\x00\x00\x00\x00\x00\x80\x07\x00\xca\x0f\x00\x21\x72\x2f\x28\x00\x00\x00\x80\x00\x00\x00\x00\x00\xca\x0f\x00"
"\x0b\x78\x00\x2f\x00\x00\xfc\xc2\x00\xe0\xf0\x03\x00\xd8\x0f\x00\x20\x88\x2f\x2f\x00\x00\x00\x3f\x00\x00\x40\x00\x00\xcc\x0f\x00"
"\x08\x73\x28\x00\x2f\x00\x00\x00\x00\x08\x00\x00\x00\x24\x0e\x00\x20\x82\x28\x28\x28\x00\x00\x00\x00\x00\x40\x00\x00\xc8\x1f\x00"
"\x21\x72\x28\xff\x28\x00\x00\x00\x00\x00\x00\x00\x00\xe2\x0f\x00\x47\xa9\x00\x00\x60\x00\x00\x00\x00\x00\x80\x03\x00\xea\x0f\x00"
"\x21\x72\x29\x29\x00\x00\x00\x80\x00\x00\x00\x00\x00\xca\x0f\x01\x0b\x78\x00\x29\x00\x00\xfc\xc2\x00\xe0\xf0\x03\x00\xd8\x0f\x00"
"\x20\x88\x29\x29\x00\x00\x00\x3f\x00\x00\x40\x00\x00\xcc\x0f\x00\x08\x73\x2f\x00\x29\x00\x00\x00\x00\x08\x00\x00\x00\x24\x0e\x00"
"\x20\x82\x2f\x2f\x2f\x00\x00\x00\x00\x00\x40\x00\x00\xc8\x1f\x00\x21\x72\x28\x28\x2f\x00\x00\x00\x00\x00\x00\x00\x00\xc8\x0f\x00"
"\x47\xb9\x00\x00\x60\x00\x00\x00\x00\x00\x80\x03\x00\xea\x0f\x01\x21\x72\x2a\x2a\x00\x00\x00\x80\x00\x00\x00\x00\x00\xca\x0f\x00"
"\x0b\x78\x00\x2a\x00\x00\xfc\xc2\x00\xe0\xf0\x03\x00\xd8\x0f\x00\x20\x88\x2a\x2a\x00\x00\x00\x3f\x00\x00\x40\x00\x00\xcc\x0f\x00"
"\x08\x73\x29\x00\x2a\x00\x00\x00\x00\x08\x00\x00\x00\x24\x0e\x00\x20\x82\x29\x29\x29\x00\x00\x00\x00\x00\x40\x00\x00\xc8\x1f\x00"
"\x21\x72\x28\x28\x29\x00\x00\x00\x00\x00\x00\x00\x00\xe4\x0f\x00\x0c\x78\x00\x02\x05\x00\x00\x00\x70\x60\xf4\x03\x00\xe4\x0f\x04"
"\x0c\x78\x00\x02\x06\x00\x00\x00\x70\x60\xf6\x03\x00\xe4\x0f\x04\x0c\x78\x00\x02\x07\x00\x00\x00\x70\x60\xf8\x03\x00\xe4\x0f\x04"
"\x0c\x78\x00\x02\x08\x00\x00\x00\x70\x60\xfa\x03\x00\xe4\x0f\x04\x0c\x78\x00\x02\x09\x00\x00\x00\x70\x60\xfc\x03\x00\xe4\x0f\x04"
"\x0c\x78\x00\x02\x0a\x00\x00\x00\x70\x60\xf0\x03\x00\xe2\x0f\x00\x47\x99\x00\x00\x60\x00\x00\x00\x00\x00\x80\x03\x00\xec\x0f\x00"
"\x21\x72\x2b\x2b\x00\x00\x00\x80\x00\x00\x00\x00\x00\xca\x0f\x00\x0b\x78\x00\x2b\x00\x00\xfc\xc2\x00\xe0\xf2\x03\x00\xd8\x0f\x00"
"\x20\x98\x2b\x2b\x00\x00\x00\x3f\x00\x00\x40\x00\x00\xcc\x0f\x00\x08\x73\x29\x00\x2b\x00\x00\x00\x00\x08\x00\x00\x00\x24\x0e\x00"
"\x20\x92\x29\x29\x29\x00\x00\x00\x00\x00\x40\x00\x00\xc8\x1f\x00\x21\x72\x28\x28\x29\x00\x00\x00\x00\x00\x00\x00\x00\xc8\x0f\x00"
"\x47\xa9\x00\x00\x60\x00\x00\x00\x00\x00\x80\x03\x00\xea\x0f\x00\x21\x72\x04\x04\x00\x00\x00\x80\x00\x00\x00\x00\x00\xca\x0f\x00"
"\x0b\x78\x00\x04\x00\x00\xfc\xc2\x00\xe0\xf2\x03\x00\xd8\x0f\x00\x20\x98\x04\x04\x00\x00\x00\x3f\x00\x00\x40\x00\x00\xcc\x0f\x00"
"\x08\x73\x29\x00\x04\x00\x00\x00\x00\x08\x00\x00\x00\x24\x0e\x00\x20\x92\x29\x29\x29\x00\x00\x00\x00\x00\x40\x00\x00\xc8\x1f\x00"
"\x21\x72\x28\x28\x29\x00\x00\x00\x00\x00\x00\x00\x00\xc8\x0f\x00\x47\xb9\x00\x00\x60\x00\x00\x00\x00\x00\x80\x03\x00\xea\x0f\x00"
"\x21\x72\x05\x05\x00\x00\x00\x80\x00\x00\x00\x00\x00\xca\x0f\x00\x0b\x78\x00\x05\x00\x00\xfc\xc2\x00\xe0\xf2\x03\x00\xd8\x0f\x00"
"\x20\x98\x05\x05\x00\x00\x00\x3f\x00\x00\x40\x00\x00\xcc\x0f\x00\x08\x73\x29\x00\x05\x00\x00\x00\x00\x08\x00\x00\x00\x24\x0e\x00"
"\x20\x92\x29\x29\x29\x00\x00\x00\x00\x00\x40\x00\x00\xc8\x1f\x00\x21\x72\x28\x28\x29\x00\x00\x00\x00\x00\x00\x00\x00\xc8\x0f\x00"
"\x47\xc9\x00\x00\x60\x00\x00\x00\x00\x00\x80\x03\x00\xea\x0f\x00\x21\x72\x06\x06\x00\x00\x00\x80\x00\x00\x00\x00\x00\xca\x0f\x00"
"\x0b\x78\x00\x06\x00\x00\xfc\xc2\x00\xe0\xf2\x03\x00\xd8\x0f\x00\x20\x98\x06\x06\x00\x00\x00\x3f\x00\x00\x40\x00\x00\xcc\x0f\x00"
"\x08\x73\x05\x00\x06\x00\x00\x00\x00\x08\x00\x00\x00\x24\x0e\x00\x20\x92\x05\x05\x05\x00\x00\x00\x00\x00\x40\x00\x00\xc8\x1f\x00"
"\x21\x72\x28\x28\x05\x00\x00\x00\x00\x00\x00\x00\x00\xc8\x0f\x00\x47\xd9\x00\x00\x60\x00\x00\x00\x00\x00\x80\x03\x00\xea\x0f\x00"
"\x21\x72\x07\x07\x00\x00\x00\x80\x00\x00\x00\x00\x00\xca\x0f\x00\x0b\x78\x00\x07\x00\x00\xfc\xc2\x00\xe0\xf2\x03\x00\xd8\x0f\x00"
"\x20\x98\x07\x07\x00\x00\x00\x3f\x00\x00\x40\x00\x00\xcc\x0f\x00\x08\x73\x05\x00\x07\x00\x00\x00\x00\x08\x00\x00\x00\x24\x0e\x00"
"\x20\x92\x05\x05\x05\x00\x00\x00\x00\x00\x40\x00\x00\xc8\x1f\x00\x21\x72\x28\x28\x05\x00\x00\x00\x00\x00\x00\x00\x00\xc8\x0f\x00"
"\x47\xe9\x00\x00\x60\x00\x00\x00\x00\x00\x80\x03\x00\xea\x0f\x00\x21\x72\x08\x08\x00\x00\x00\x80\x00\x00\x00\x00\x00\xca\x0f\x00"
"\x0b\x78\x00\x08\x00\x00\xfc\xc2\x00\xe0\xf2\x03\x00\xd8\x0f\x00\x20\x98\x08\x08\x00\x00\x00\x3f\x00\x00\x40\x00\x00\xcc\x0f\x00"
"\x08\x73\x05\x00\x08\x00\x00\x00\x00\x08\x00\x00\x00\x24\x0e\x00\x20\x92\x05\x05\x05\x00\x00\x00\x00\x00\x40\x00\x00\xc8\x1f\x00"
"\x21\x72\x28\x28\x05\x00\x00\x00\x00\x00\x00\x00\x00\xe4\x0f\x00\x0c\x78\x00\x02\x0b\x00\x00\x00\x70\x60\xf4\x03\x00\xe4\x0f\x04"
"\x0c\x78\x00\x02\x0c\x00\x00\x00\x70\x60\xf6\x03\x00\xe4\x0f\x04\x0c\x78\x00\x02\x0d\x00\x00\x00\x70\x60\xf8\x03\x00\xe4\x0f\x04"
"\x0c\x78\x00\x02\x0e\x00\x00\x00\x70\x60\xfa\x03\x00\xe4\x0f\x04\x0c\x78\x00\x02\x0f\x00\x00\x00\x70\x60\xfc\x03\x00\xe4\x0f\x04"
"\x0c\x78\x00\x02\x10\x00\x00\x00\x70\x60\xf2\x03\x00\xe2\x0f\x00\x47\x89\x00\x00\x60\x00\x00\x00\x00\x00\x80\x03\x00\xec\x0f\x00"
"\x21\x72\x09\x09\x00\x00\x00\x80\x00\x00\x00\x00\x00\xca\x0f\x00\x0b\x78\x00\x09\x00\x00\xfc\xc2\x00\xe0\xf0\x03\x00\xd8\x0f\x00"
"\x20\x88\x09\x09\x00\x00\x00\x3f\x00\x00\x40\x00\x00\xcc\x0f\x00\x08\x73\x05\x00\x09\x00\x00\x00\x00\x08\x00\x00\x00\x24\x0e\x00"
"\x20\x82\x05\x05\x05\x00\x00\x00\x00\x00\x40\x00\x00\xc8\x1f\x00\x21\x72\x28\x28\x05\x00\x00\x00\x00\x00\x00\x00\x00\xc8\x0f\x00"
"\x47\xa9\x00\x00\x60\x00\x00\x00\x00\x00\x80\x03\x00\xea\x0f\x00\x21\x72\x0a\x0a\x00\x00\x00\x80\x00\x00\x00\x00\x00\xca\x0f\x00"
"\x0b\x78\x00\x0a\x00\x00\xfc\xc2\x00\xe0\xf0\x03\x00\xd8\x0f\x00\x20\x88\x0a\x0a\x00\x00\x00\x3f\x00\x00\x40\x00\x00\xcc\x0f\x00"
"\x08\x73\x05\x00\x0a\x00\x00\x00\x00\x08\x00\x00\x00\x24\x0e\x00\x20\x82\x05\x05\x05\x00\x00\x00\x00\x00\x40\x00\x00\xc8\x1f\x00"
"\x21\x72\x28\x28\x05\x00\x00\x00\x00\x00\x00\x00\x00\xc8\x0f\x00\x47\xb9\x00\x00\x60\x00\x00\x00\x00\x00\x80\x03\x00\xea\x0f\x00"
"\x21\x72\x0b\x0b\x00\x00\x00\x80\x00\x00\x00\x00\x00\xca\x0f\x00\x0b\x78\x00\x0b\x00\x00\xfc\xc2\x00\xe0\xf0\x03\x00\xd8\x0f\x00"
"\x20\x88\x0b\x0b\x00\x00\x00\x3f\x00\x00\x40\x00\x00\xcc\x0f\x00\x08\x73\x05\x00\x0b\x00\x00\x00\x00\x08\x00\x00\x00\x24\x0e\x00"
"\x20\x82\x05\x05\x05\x00\x00\x00\x00\x00\x40\x00\x00\xc8\x1f\x00\x21\x72\x28\x28\x05\x00\x00\x00\x00\x00\x00\x00\x00\xc8\x0f\x00"
"\x47\xc9\x00\x00\x60\x00\x00\x00\x00\x00\x80\x03\x00\xea\x0f\x00\x21\x72\x0c\x0c\x00\x00\x00\x80\x00\x00\x00\x00\x00\xca\x0f\x00"
"\x0b\x78\x00\x0c\x00\x00\xfc\xc2\x00\xe0\xf0\x03\x00\xd8\x0f\x00\x20\x88\x0c\x0c\x00\x00\x00\x3f\x00\x00\x40\x00\x00\xcc\x0f\x00"
"\x08\x73\x05\x00\x0c\x00\x00\x00\x00\x08\x00\x00\x00\x24\x0e\x00\x20\x82\x05\x05\x05\x00\x00\x00\x00\x00\x40\x00\x00\xc8\x1f\x00"
"\x21\x72\x28\x28\x05\x00\x00\x00\x00\x00\x00\x00\x00\xc8\x0f\x00\x47\xd9\x00\x00\x60\x00\x00\x00\x00\x00\x80\x03\x00\xea\x0f\x00"
"\x21\x72\x0d\x0d\x00\x00\x00\x80\x00\x00\x00\x00\x00\xca\x0f\x00\x0b\x78\x00\x0d\x00\x00\xfc\xc2\x00\xe0\xf0\x03\x00\xd8\x0f\x00"
"\x20\x88\x0d\x0d\x00\x00\x00\x3f\x00\x00\x40\x00\x00\xcc\x0f\x00\x08\x73\x05\x00\x0d\x00\x00\x00\x00\x08\x00\x00\x00\x24\x0e\x00"
"\x20\x82\x05\x05\x05\x00\x00\x00\x00\x00\x40\x00\x00\xc8\x1f\x00\x21\x72\x28\x28\x05\x00\x00\x00\x00\x00\x00\x00\x00\xc8\x0f\x00"
"\x47\xe9\x00\x00\x60\x00\x00\x00\x00\x00\x80\x03\x00\xea\x0f\x00\x21\x72\x0e\x0e\x00\x00\x00\x80\x00\x00\x00\x00\x00\xca\x0f\x00"
"\x0b\x78\x00\x0e\x00\x00\xfc\xc2\x00\xe0\xf0\x03\x00\xd8\x0f\x00\x20\x88\x0e\x0e\x00\x00\x00\x3f\x00\x00\x40\x00\x00\xcc\x0f\x00"
"\x08\x73\x05\x00\x0e\x00\x00\x00\x00\x08\x00\x00\x00\x24\x0e\x00\x20\x82\x05\x05\x05\x00\x00\x00\x00\x00\x40\x00\x00\xc8\x1f\x00"
"\x21\x72\x28\x28\x05\x00\x00\x00\x00\x00\x00\x00\x00\xe4\x0f\x00\x0c\x78\x00\x02\x11\x00\x00\x00\x70\x60\xf4\x03\x00\xe4\x0f\x04"
"\x0c\x78\x00\x02\x12\x00\x00\x00\x70\x60\xf6\x03\x00\xe4\x0f\x04\x0c\x78\x00\x02\x13\x00\x00\x00\x70\x60\xf8\x03\x00\xe4\x0f\x04"
"\x0c\x78\x00\x02\x14\x00\x00\x00\x70\x60\xfa\x03\x00\xe4\x0f\x04\x0c\x78\x00\x02\x15\x00\x00\x00\x70\x60\xfc\x03\x00\xe4\x0f\x04"
"\x0c\x78\x00\x02\x16\x00\x00\x00\x70\x60\xf0\x03\x00\xe2\x0f\x00\x47\x99\x00\x00\x60\x00\x00\x00\x00\x00\x80\x03\x00\xec\x0f\x00"
"\x21\x72\x0f\x0f\x00\x00\x00\x80\x00\x00\x00\x00\x00\xca\x0f\x00\x0b\x78\x00\x0f\x00\x00\xfc\xc2\x00\xe0\xf2\x03\x00\xd8\x0f\x00"
"\x20\x98\x0f\x0f\x00\x00\x00\x3f\x00\x00\x40\x00\x00\xcc\x0f\x00\x08\x73\x05\x00\x0f\x00\x00\x00\x00\x08\x00\x00\x00\x24\x0e\x00"
"\x20\x92\x05\x05\x05\x00\x00\x00\x00\x00\x40\x00\x00\xc8\x1f\x00\x21\x72\x28\x28\x05\x00\x00\x00\x00\x00\x00\x00\x00\xc8\x0f\x00"
"\x47\xa9\x00\x00\x60\x00\x00\x00\x00\x00\x80\x03\x00\xea\x0f\x00\x21\x72\x10\x10\x00\x00\x00\x80\x00\x00\x00\x00\x00\xca\x0f\x00"
"\x0b\x78\x00\x10\x00\x00\xfc\xc2\x00\xe0\xf2\x03\x00\xd8\x0f\x00\x20\x98\x10\x10\x00\x00\x00\x3f\x00\x00\x40\x00\x00\xcc\x0f\x00"
"\x08\x73\x05\x00\x10\x00\x00\x00\x00\x08\x00\x00\x00\x24\x0e\x00\x20\x92\x05\x05\x05\x00\x00\x00\x00\x00\x40\x00\x00\xc8\x1f\x00"
"\x21\x72\x28\x28\x05\x00\x00\x00\x00\x00\x00\x00\x00\xc8\x0f\x00\x47\xb9\x00\x00\x60\x00\x00\x00\x00\x00\x80\x03\x00\xea\x0f\x00"
"\x21\x72\x11\x11\x00\x00\x00\x80\x00\x00\x00\x00\x00\xca\x0f\x00\x0b\x78\x00\x11\x00\x00\xfc\xc2\x00\xe0\xf2\x03\x00\xd8\x0f\x00"
"\x20\x98\x11\x11\x00\x00\x00\x3f\x00\x00\x40\x00\x00\xcc\x0f\x00\x08\x73\x05\x00\x11\x00\x00\x00\x00\x08\x00\x00\x00\x24\x0e\x00"
"\x20\x92\x05\x05\x05\x00\x00\x00\x00\x00\x40\x00\x00\xc8\x1f\x00\x21\x72\x28\x28\x05\x00\x00\x00\x00\x00\x00\x00\x00\xc8\x0f\x00"
"\x47\xc9\x00\x00\x60\x00\x00\x00\x00\x00\x80\x03\x00\xea\x0f\x00\x21\x72\x12\x12\x00\x00\x00\x80\x00\x00\x00\x00\x00\xca\x0f\x00"
"\x0b\x78\x00\x12\x00\x00\xfc\xc2\x00\xe0\xf2\x03\x00\xd8\x0f\x00\x20\x98\x12\x12\x00\x00\x00\x3f\x00\x00\x40\x00\x00\xcc\x0f\x00"
"\x08\x73\x05\x00\x12\x00\x00\x00\x00\x08\x00\x00\x00\x24\x0e\x00\x20\x92\x05\x05\x05\x00\x00\x00\x00\x00\x40\x00\x00\xc8\x1f\x00"
"\x21\x72\x28\x28\x05\x00\x00\x00\x00\x00\x00\x00\x00\xc8\x0f\x00\x47\xd9\x00\x00\x60\x00\x00\x00\x00\x00\x80\x03\x00\xea\x0f\x00"
"\x21\x72\x13\x13\x00\x00\x00\x80\x00\x00\x00\x00\x00\xca\x0f\x00\x0b\x78\x00\x13\x00\x00\xfc\xc2\x00\xe0\xf2\x03\x00\xd8\x0f\x00"
"\x20\x98\x13\x13\x00\x00\x00\x3f\x00\x00\x40\x00\x00\xcc\x0f\x00\x08\x73\x05\x00\x13\x00\x00\x00\x00\x08\x00\x00\x00\x24\x0e\x00"
"\x20\x92\x05\x05\x05\x00\x00\x00\x00\x00\x40\x00\x00\xc8\x1f\x00\x21\x72\x28\x28\x05\x00\x00\x00\x00\x00\x00\x00\x00\xc8\x0f\x00"
"\x47\xe9\x00\x00\x60\x00\x00\x00\x00\x00\x80\x03\x00\xea\x0f\x00\x21\x72\x14\x14\x00\x00\x00\x80\x00\x00\x00\x00\x00\xca\x0f\x00"
"\x0b\x78\x00\x14\x00\x00\xfc\xc2\x00\xe0\xf2\x03\x00\xd8\x0f\x00\x20\x98\x14\x14\x00\x00\x00\x3f\x00\x00\x40\x00\x00\xcc\x0f\x00"
"\x08\x73\x05\x00\x14\x00\x00\x00\x00\x08\x00\x00\x00\x24\x0e\x00\x20\x92\x05\x05\x05\x00\x00\x00\x00\x00\x40\x00\x00\xc8\x1f\x00"
"\x21\x72\x28\x28\x05\x00\x00\x00\x00\x00\x00\x00\x00\xe4\x0f\x00\x0c\x78\x00\x02\x17\x00\x00\x00\x70\x60\xf4\x03\x00\xe4\x0f\x04"
"\x0c\x78\x00\x02\x18\x00\x00\x00\x70\x60\xf6\x03\x00\xe4\x0f\x04\x0c\x78\x00\x02\x19\x00\x00\x00\x70\x60\xf8\x03\x00\xe4\x0f\x04"
"\x0c\x78\x00\x02\x1a\x00\x00\x00\x70\x60\xfa\x03\x00\xe4\x0f\x04\x0c\x78\x00\x02\x1b\x00\x00\x00\x70\x60\xfc\x03\x00\xe4\x0f\x04"
"\x0c\x78\x00\x02\x1c\x00\x00\x00\x70\x60\xf2\x03\x00\xe2\x0f\x00\x47\x89\x00\x00\x60\x00\x00\x00\x00\x00\x80\x03\x00\xec\x0f\x00"
"\x21\x72\x15\x15\x00\x00\x00\x80\x00\x00\x00\x00\x00\xca\x0f\x00\x0b\x78\x00\x15\x00\x00\xfc\xc2\x00\xe0\xf0\x03\x00\xd8\x0f\x00"
"\x20\x88\x15\x15\x00\x00\x00\x3f\x00\x00\x40\x00\x00\xcc\x0f\x00\x08\x73\x05\x00\x15\x00\x00\x00\x00\x08\x00\x00\x00\x24\x0e\x00"
"\x20\x82\x05\x05\x05\x00\x00\x00\x00\x00\x40\x00\x00\xc8\x1f\x00\x21\x72\x28\x28\x05\x00\x00\x00\x00\x00\x00\x00\x00\xc8\x0f\x00"
"\x47\xa9\x00\x00\x60\x00\x00\x00\x00\x00\x80\x03\x00\xea\x0f\x00\x21\x72\x16\x16\x00\x00\x00\x80\x00\x00\x00\x00\x00\xca\x0f\x00"
"\x0b\x78\x00\x16\x00\x00\xfc\xc2\x00\xe0\xf0\x03\x00\xd8\x0f\x00\x20\x88\x16\x16\x00\x00\x00\x3f\x00\x00\x40\x00\x00\xcc\x0f\x00"
"\x08\x73\x05\x00\x16\x00\x00\x00\x00\x08\x00\x00\x00\x24\x0e\x00\x20\x82\x05\x05\x05\x00\x00\x00\x00\x00\x40\x00\x00\xc8\x1f\x00"
"\x21\x72\x28\x28\x05\x00\x00\x00\x00\x00\x00\x00\x00\xc8\x0f\x00\x47\xb9\x00\x00\x60\x00\x00\x00\x00\x00\x80\x03\x00\xea\x0f\x00"
"\x21\x72\x17\x17\x00\x00\x00\x80\x00\x00\x00\x00\x00\xca\x0f\x00\x0b\x78\x00\x17\x00\x00\xfc\xc2\x00\xe0\xf0\x03\x00\xd8\x0f\x00"
"\x20\x88\x17\x17\x00\x00\x00\x3f\x00\x00\x40\x00\x00\xcc\x0f\x00\x08\x73\x05\x00\x17\x00\x00\x00\x00\x08\x00\x00\x00\x24\x0e\x00"
"\x20\x82\x05\x05\x05\x00\x00\x00\x00\x00\x40\x00\x00\xc8\x1f\x00\x21\x72\x28\x28\x05\x00\x00\x00\x00\x00\x00\x00\x00\xc8\x0f\x00"
"\x47\xc9\x00\x00\x60\x00\x00\x00\x00\x00\x80\x03\x00\xea\x0f\x00\x21\x72\x18\x18\x00\x00\x00\x80\x00\x00\x00\x00\x00\xca\x0f\x00"
"\x0b\x78\x00\x18\x00\x00\xfc\xc2\x00\xe0\xf0\x03\x00\xd8\x0f\x00\x20\x88\x18\x18\x00\x00\x00\x3f\x00\x00\x40\x00\x00\xcc\x0f\x00"
"\x08\x73\x05\x00\x18\x00\x00\x00\x00\x08\x00\x00\x00\x24\x0e\x00\x20\x82\x05\x05\x05\x00\x00\x00\x00\x00\x40\x00\x00\xc8\x1f\x00"
"\x21\x72\x28\x28\x05\x00\x00\x00\x00\x00\x00\x00\x00\xc8\x0f\x00\x47\xd9\x00\x00\x60\x00\x00\x00\x00\x00\x80\x03\x00\xea\x0f\x00"
"\x21\x72\x19\x19\x00\x00\x00\x80\x00\x00\x00\x00\x00\xca\x0f\x00\x0b\x78\x00\x19\x00\x00\xfc\xc2\x00\xe0\xf0\x03\x00\xd8\x0f\x00"
"\x20\x88\x19\x19\x00\x00\x00\x3f\x00\x00\x40\x00\x00\xcc\x0f\x00\x08\x73\x05\x00\x19\x00\x00\x00\x00\x08\x00\x00\x00\x24\x0e\x00"
"\x20\x82\x05\x05\x05\x00\x00\x00\x00\x00\x40\x00\x00\xc8\x1f\x00\x21\x72\x28\x28\x05\x00\x00\x00\x00\x00\x00\x00\x00\xc8\x0f\x00"
"\x47\xe9\x00\x00\x60\x00\x00\x00\x00\x00\x80\x03\x00\xea\x0f\x00\x21\x72\x1a\x1a\x00\x00\x00\x80\x00\x00\x00\x00\x00\xca\x0f\x00"
"\x0b\x78\x00\x1a\x00\x00\xfc\xc2\x00\xe0\xf0\x03\x00\xd8\x0f\x00\x20\x88\x1a\x1a\x00\x00\x00\x3f\x00\x00\x40\x00\x00\xcc\x0f\x00"
"\x08\x73\x05\x00\x1a\x00\x00\x00\x00\x08\x00\x00\x00\x24\x0e\x00\x20\x82\x05\x05\x05\x00\x00\x00\x00\x00\x40\x00\x00\xc8\x1f\x00"
"\x21\x72\x28\x28\x05\x00\x00\x00\x00\x00\x00\x00\x00\xe4\x0f\x00\x0c\x78\x00\x02\x1d\x00\x00\x00\x70\x60\xf4\x03\x00\xe4\x0f\x04"
"\x0c\x78\x00\x02\x1e\x00\x00\x00\x70\x60\xf6\x03\x00\xe4\x0f\x04\x0c\x78\x00\x02\x1f\x00\x00\x00\x70\x60\xf8\x03\x00\xe4\x0f\x04"
"\x0c\x78\x00\x02\x20\x00\x00\x00\x70\x60\xfa\x03\x00\xe4\x0f\x04\x0c\x78\x00\x02\x21\x00\x00\x00\x70\x60\xfc\x03\x00\xe4\x0f\x04"
"\x0c\x78\x00\x02\x22\x00\x00\x00\x70\x60\xf0\x03\x00\xe2\x0f\x00\x47\x99\x00\x00\x60\x00\x00\x00\x00\x00\x80\x03\x00\xec\x0f\x00"
"\x21\x72\x1b\x1b\x00\x00\x00\x80\x00\x00\x00\x00\x00\xca\x0f\x00\x0b\x78\x00\x1b\x00\x00\xfc\xc2\x00\xe0\xf2\x03\x00\xd8\x0f\x00"
"\x20\x98\x1b\x1b\x00\x00\x00\x3f\x00\x00\x40\x00\x00\xcc\x0f\x00\x08\x73\x05\x00\x1b\x00\x00\x00\x00\x08\x00\x00\x00\x24\x0e\x00"
"\x20\x92\x05\x05\x05\x00\x00\x00\x00\x00\x40\x00\x00\xc8\x1f\x00\x21\x72\x28\x28\x05\x00\x00\x00\x00\x00\x00\x00\x00\xc8\x0f\x00"
"\x47\xa9\x00\x00\x60\x00\x00\x00\x00\x00\x80\x03\x00\xea\x0f\x00\x21\x72\x1c\x1c\x00\x00\x00\x80\x00\x00\x00\x00\x00\xca\x0f\x00"
"\x0b\x78\x00\x1c\x00\x00\xfc\xc2\x00\xe0\xf2\x03\x00\xd8\x0f\x00\x20\x98\x1c\x1c\x00\x00\x00\x3f\x00\x00\x40\x00\x00\xcc\x0f\x00"
"\x08\x73\x05\x00\x1c\x00\x00\x00\x00\x08\x00\x00\x00\x24\x0e\x00\x20\x92\x05\x05\x05\x00\x00\x00\x00\x00\x40\x00\x00\xc8\x1f\x00"
"\x21\x72\x28\x28\x05\x00\x00\x00\x00\x00\x00\x00\x00\xc8\x0f\x00\x47\xb9\x00\x00\x60\x00\x00\x00\x00\x00\x80\x03\x00\xea\x0f\x00"
"\x21\x72\x1d\x1d\x00\x00\x00\x80\x00\x00\x00\x00\x00\xca\x0f\x00\x0b\x78\x00\x1d\x00\x00\xfc\xc2\x00\xe0\xf2\x03\x00\xd8\x0f\x00"
"\x20\x98\x1d\x1d\x00\x00\x00\x3f\x00\x00\x40\x00\x00\xcc\x0f\x00\x08\x73\x05\x00\x1d\x00\x00\x00\x00\x08\x00\x00\x00\x24\x0e\x00"
"\x20\x92\x05\x05\x05\x00\x00\x00\x00\x00\x40\x00\x00\xc8\x1f\x00\x21\x72\x28\x28\x05\x00\x00\x00\x00\x00\x00\x00\x00\xc8\x0f\x00"
"\x47\xc9\x00\x00\x60\x00\x00\x00\x00\x00\x80\x03\x00\xea\x0f\x00\x21\x72\x1e\x1e\x00\x00\x00\x80\x00\x00\x00\x00\x00\xca\x0f\x00"
"\x0b\x78\x00\x1e\x00\x00\xfc\xc2\x00\xe0\xf2\x03\x00\xd8\x0f\x00\x20\x98\x1e\x1e\x00\x00\x00\x3f\x00\x00\x40\x00\x00\xcc\x0f\x00"
"\x08\x73\x05\x00\x1e\x00\x00\x00\x00\x08\x00\x00\x00\x24\x0e\x00\x20\x92\x05\x05\x05\x00\x00\x00\x00\x00\x40\x00\x00\xc8\x1f\x00"
"\x21\x72\x28\x28\x05\x00\x00\x00\x00\x00\x00\x00\x00\xc8\x0f\x00\x47\xd9\x00\x00\x60\x00\x00\x00\x00\x00\x80\x03\x00\xea\x0f\x00"
"\x21\x72\x1f\x1f\x00\x00\x00\x80\x00\x00\x00\x00\x00\xca\x0f\x00\x0b\x78\x00\x1f\x00\x00\xfc\xc2\x00\xe0\xf2\x03\x00\xd8\x0f\x00"
"\x20\x98\x1f\x1f\x00\x00\x00\x3f\x00\x00\x40\x00\x00\xcc\x0f\x00\x08\x73\x05\x00\x1f\x00\x00\x00\x00\x08\x00\x00\x00\x24\x0e\x00"
"\x20\x92\x05\x05\x05\x00\x00\x00\x00\x00\x40\x00\x00\xc8\x1f\x00\x21\x72\x28\x28\x05\x00\x00\x00\x00\x00\x00\x00\x00\xc8\x0f\x00"
"\x47\xe9\x00\x00\x60\x00\x00\x00\x00\x00\x80\x03\x00\xea\x0f\x00\x21\x72\x20\x20\x00\x00\x00\x80\x00\x00\x00\x00\x00\xca\x0f\x00"
"\x0b\x78\x00\x20\x00\x00\xfc\xc2\x00\xe0\xf2\x03\x00\xd8\x0f\x00\x20\x98\x20\x20\x00\x00\x00\x3f\x00\x00\x40\x00\x00\xcc\x0f\x00"
"\x08\x73\x05\x00\x20\x00\x00\x00\x00\x08\x00\x00\x00\x24\x0e\x00\x20\x92\x05\x05\x05\x00\x00\x00\x00\x00\x40\x00\x00\xc8\x1f\x00"
"\x21\x72\x28\x28\x05\x00\x00\x00\x00\x00\x00\x00\x00\xe4\x0f\x00\x0c\x78\x00\x02\x23\x00\x00\x00\x70\x60\xf2\x03\x00\xe4\x0f\x04"
"\x0c\x78\x00\x02\x24\x00\x00\x00\x70\x60\xf4\x03\x00\xe4\x0f\x04\x0c\x78\x00\x02\x25\x00\x00\x00\x70\x60\xf6\x03\x00\xe4\x0f\x04"
"\x0c\x78\x00\x02\x26\x00\x00\x00\x70\x60\xf8\x03\x00\xe4\x0f\x04\x0c\x78\x00\x02\x27\x00\x00\x00\x70\x60\xfa\x03\x00\xe4\x0f\x04"
"\x0c\x78\x00\x02\x28\x00\x00\x00\x70\x60\xfc\x03\x00\xc4\x0f\x00\x11\x72\x0b\x2e\x2d\x00\x00\x00\xff\x50\x8e\x07\x00\xe2\x0f\x00"
"\x47\x89\x00\x00\x60\x00\x00\x00\x00\x00\x80\x03\x00\xea\x0f\x00\x21\x72\x21\x21\x00\x00\x00\x80\x00\x00\x00\x00\x00\xca\x0f\x00"
"\x0b\x78\x00\x21\x00\x00\xfc\xc2\x00\xe0\xf0\x03\x00\xd8\x0f\x00\x20\x88\x21\x21\x00\x00\x00\x3f\x00\x00\x40\x00\x00\xcc\x0f\x00"
"\x08\x73\x05\x00\x21\x00\x00\x00\x00\x08\x00\x00\x00\x24\x0e\x00\x20\x82\x05\x05\x05\x00\x00\x00\x00\x00\x40\x00\x00\xc8\x1f\x00"
"\x21\x72\x28\x28\x05\x00\x00\x00\x00\x00\x00\x00\x00\xc8\x0f\x00\x47\x99\x00\x00\x60\x00\x00\x00\x00\x00\x80\x03\x00\xea\x0f\x00"
"\x21\x72\x22\x22\x00\x00\x00\x80\x00\x00\x00\x00\x00\xca\x0f\x00\x0b\x78\x00\x22\x00\x00\xfc\xc2\x00\xe0\xf0\x03\x00\xd8\x0f\x00"
"\x20\x88\x22\x22\x00\x00\x00\x3f\x00\x00\x40\x00\x00\xcc\x0f\x00\x08\x73\x05\x00\x22\x00\x00\x00\x00\x08\x00\x00\x00\x24\x0e\x00"
"\x20\x82\x05\x05\x05\x00\x00\x00\x00\x00\x40\x00\x00\xc8\x1f\x00\x21\x72\x28\x28\x05\x00\x00\x00\x00\x00\x00\x00\x00\xc8\x0f\x00"
"\x47\xa9\x00\x00\x60\x00\x00\x00\x00\x00\x80\x03\x00\xea\x0f\x00\x21\x72\x23\x23\x00\x00\x00\x80\x00\x00\x00\x00\x00\xca\x0f\x00"
"\x0b\x78\x00\x23\x00\x00\xfc\xc2\x00\xe0\xf0\x03\x00\xd8\x0f\x00\x20\x88\x23\x23\x00\x00\x00\x3f\x00\x00\x40\x00\x00\xcc\x0f\x00"
"\x08\x73\x05\x00\x23\x00\x00\x00\x00\x08\x00\x00\x00\x24\x0e\x00\x20\x82\x05\x05\x05\x00\x00\x00\x00\x00\x40\x00\x00\xc8\x1f\x00"
"\x21\x72\x28\x28\x05\x00\x00\x00\x00\x00\x00\x00\x00\xc8\x0f\x00\x47\xb9\x00\x00\x60\x00\x00\x00\x00\x00\x80\x03\x00\xea\x0f\x00"
"\x21\x72\x24\x24\x00\x00\x00\x80\x00\x00\x00\x00\x00\xca\x0f\x00\x0b\x78\x00\x24\x00\x00\xfc\xc2\x00\xe0\xf0\x03\x00\xd8\x0f\x00"
"\x20\x88\x24\x24\x00\x00\x00\x3f\x00\x00\x40\x00\x00\xcc\x0f\x00\x08\x73\x05\x00\x24\x00\x00\x00\x00\x08\x00\x00\x00\x24\x0e\x00"
"\x20\x82\x05\x05\x05\x00\x00\x00\x00\x00\x40\x00\x00\xc8\x1f\x00\x21\x72\x28\x28\x05\x00\x00\x00\x00\x00\x00\x00\x00\xc8\x0f\x00"
"\x47\xc9\x00\x00\x60\x00\x00\x00\x00\x00\x80\x03\x00\xea\x0f\x00\x21\x72\x25\x25\x00\x00\x00\x80\x00\x00\x00\x00\x00\xca\x0f\x00"
"\x0b\x78\x00\x25\x00\x00\xfc\xc2\x00\xe0\xf0\x03\x00\xd8\x0f\x00\x20\x88\x25\x25\x00\x00\x00\x3f\x00\x00\x40\x00\x00\xcc\x0f\x00"
"\x08\x73\x05\x00\x25\x00\x00\x00\x00\x08\x00\x00\x00\x24\x0e\x00\x20\x82\x05\x05\x05\x00\x00\x00\x00\x00\x40\x00\x00\xc8\x1f\x00"
"\x21\x72\x28\x28\x05\x00\x00\x00\x00\x00\x00\x00\x00\xc8\x0f\x00\x47\xd9\x00\x00\x60\x00\x00\x00\x00\x00\x80\x03\x00\xea\x0f\x00"
"\x21\x72\x26\x26\x00\x00\x00\x80\x00\x00\x00\x00\x00\xca\x0f\x00\x0b\x78\x00\x26\x00\x00\xfc\xc2\x00\xe0\xf0\x03\x00\xd8\x0f\x00"
"\x20\x88\x26\x26\x00\x00\x00\x3f\x00\x00\x40\x00\x00\xcc\x0f\x00\x08\x73\x05\x00\x26\x00\x00\x00\x00\x08\x00\x00\x00\x24\x0e\x00"
"\x20\x82\x05\x05\x05\x00\x00\x00\x00\x00\x40\x00\x00\xc8\x1f\x00\x21\x72\x28\x28\x05\x00\x00\x00\x00\x00\x00\x00\x00\xc8\x0f\x00"
"\x47\xe9\x00\x00\x60\x00\x00\x00\x00\x00\x80\x03\x00\xea\x0f\x00\x21\x72\x27\x27\x00\x00\x00\x80\x00\x00\x00\x00\x00\xca\x0f\x00"
"\x0b\x78\x00\x27\x00\x00\xfc\xc2\x00\xe0\xf0\x03\x00\xd8\x0f\x00\x20\x88\x27\x27\x00\x00\x00\x3f\x00\x00\x40\x00\x00\xcc\x0f\x00"
"\x08\x73\x05\x00\x27\x00\x00\x00\x00\x08\x00\x00\x00\x24\x0e\x00\x20\x82\x05\x05\x05\x00\x00\x00\x00\x00\x40\x00\x00\xc8\x1f\x00"
"\x21\x72\x28\x28\x05\x00\x00\x00\x00\x00\x00\x00\x00\xe4\x0f\x00\x02\x7a\x08\x00\x00\x5c\x00\x00\x00\x0f\x00\x00\x00\xe2\x0f\x00"
"\x05\x78\x06\x00\x00\x00\x00\x00\x00\xff\x01\x00\x00\xe2\x0f\x00\x02\x7a\x09\x00\x00\x5d\x00\x00\x00\x0f\x00\x00\x00\xe2\x0f\x00"
"\x24\x72\x0a\xff\xff\x00\x00\x00\xff\x00\x8e\x07\x00\xe2\x0f\x00\x11\x72\x0b\x2c\x0b\x00\x00\x00\xff\x38\x8e\x07\x00\xc8\x0f\x00"
"\x89\xf3\xff\xff\xff\x00\x00\x00\xff\x00\x0e\x00\x00\xe2\x0f\x00\x0c\x72\x00\x07\x02\x00\x00\x00\x70\x60\xf0\x03\x00\xe2\x0f\x00"
"\x25\x78\x04\x0b\x02\x00\x00\x00\x08\x02\x8e\x07\x00\xd6\x0f\x00\x47\x09\x00\x00\x40\x01\x00\x00\x00\x00\x80\x03\x00\xea\x0f\x00"
"\x84\x79\x0d\x0a\x00\x00\x00\x00\x00\x18\x00\x00\x00\x22\x0e\x00\x08\x73\x11\x00\x28\x00\x00\x00\x00\x10\x00\x00\x00\x64\x0e\x00"
"\x23\x74\x0c\x11\x00\x00\x80\x3f\x28\x08\x00\x00\x00\xc8\x2f\x00\x23\x72\x0c\x11\x0c\x00\x00\x00\x11\x00\x00\x00\x00\xe4\x0f\x00"
"\x21\x72\x0d\x00\x0d\x00\x00\x00\x00\x01\x00\x00\x00\xca\x1f\x00\x0b\x78\x00\x0d\x00\x00\xfc\xc2\x00\xe0\xf0\x03\x00\xd8\x0f\x00"
"\x20\x88\x0d\x0d\x00\x00\x00\x3f\x00\x00\x40\x00\x00\xcc\x0f\x00\x08\x73\x0f\x00\x0d\x00\x00\x00\x00\x08\x00\x00\x00\x24\x0e\x00"
"\x20\x82\x0f\x0f\x0f\x00\x00\x00\x00\x00\x40\x00\x00\xc8\x1f\x00\x23\x72\x11\x0f\x0c\x00\x00\x00\xff\x00\x00\x00\x00\xe4\x0f\x00"
"\x02\x73\x00\x0f\x28\x00\x00\x00\x00\x00\x00\x00\x00\x24\x0e\x00\x23\x72\x0e\x11\x28\x00\x00\x80\x0f\x00\x00\x00\x00\xc8\x0f\x00"
"\x23\x72\x11\x0c\x0e\x00\x00\x00\x11\x00\x00\x00\x00\xe2\x0f\x00\x47\x89\x00\x00\x30\x00\x00\x00\x00\x00\x80\x03\x00\xea\x1f\x00"
"\x02\x72\x10\x00\x0f\x00\x00\x00\x00\x0f\x00\x00\x00\xe4\x0f\x00\x02\x78\x0c\x00\x50\x1b\x00\x00\x00\x0f\x00\x00\x00\xc8\x0f\x00"
"\x44\x79\x00\x00\xb0\x0b\x00\x00\x00\x00\xc0\x03\x00\xea\x0f\x00\x81\x73\x0c\x04\x00\x00\x00\x00\x00\x65\x1e\x00\x00\xa4\x0e\x00"
"\x30\x72\x0c\x0c\xff\x00\x00\xa0\x00\x48\x00\x00\x00\xd0\x4f\x00\x23\x72\x06\x0c\x11\x00\x00\x00\x06\x00\x00\x00\x00\xe4\x0f\x00"
"\x10\x78\x0d\x07\x01\x00\x00\x00\xff\xe0\xff\x07\x00\xc8\x0f\x00\x0c\x72\x00\x0d\x02\x00\x00\x00\x70\x60\xf0\x03\x00\xd8\x0f\x00"
"\x47\x09\x00\x00\x40\x01\x00\x00\x00\x00\x80\x03\x00\xea\x0f\x00\x84\x79\x0d\x0a\x00\x04\x00\x00\x00\x18\x00\x00\x00\x22\x0e\x00"
"\x08\x73\x11\x00\x28\x00\x00\x00\x00\x10\x00\x00\x00\x64\x0e\x00\x23\x74\x0c\x11\x00\x00\x80\x3f\x28\x08\x00\x00\x00\xc8\x2f\x00"
"\x23\x72\x0e\x11\x0c\x00\x00\x00\x11\x00\x00\x00\x00\xe4\x0f\x00\x21\x72\x0d\x00\x0d\x00\x00\x00\x00\x01\x00\x00\x00\xca\x1f\x00"
"\x0b\x78\x00\x0d\x00\x00\xfc\xc2\x00\xe0\xf0\x03\x00\xd8\x0f\x00\x20\x88\x0d\x0d\x00\x00\x00\x3f\x00\x00\x40\x00\x00\xcc\x0f\x00"
"\x08\x73\x0f\x00\x0d\x00\x00\x00\x00\x08\x00\x00\x00\x24\x0e\x00\x20\x82\x0f\x0f\x0f\x00\x00\x00\x00\x00\x40\x00\x00\xc8\x1f\x00"
"\x23\x72\x0c\x0e\x0f\x00\x00\x00\xff\x00\x00\x00\x00\xe4\x0f\x00\x02\x73\x00\x0f\x28\x00\x00\x00\x00\x00\x00\x00\x00\x24\x0e\x00"
"\x23\x72\x11\x0c\x28\x00\x00\x80\x0f\x00\x00\x00\x00\xc8\x0f\x00\x23\x72\x11\x0e\x11\x00\x00\x00\x0c\x00\x00\x00\x00\xe2\x0f\x00"
"\x47\x89\x00\x00\x30\x00\x00\x00\x00\x00\x80\x03\x00\xea\x1f\x00\x02\x72\x10\x00\x0f\x00\x00\x00\x00\x0f\x00\x00\x00\xe4\x0f\x00"
"\x02\x78\x0c\x00\xc0\x1c\x00\x00\x00\x0f\x00\x00\x00\xc8\x0f\x00\x44\x79\x00\x00\x40\x0a\x00\x00\x00\x00\xc0\x03\x00\xea\x0f\x00"
"\x81\x73\x0c\x04\x00\x00\x80\x00\x00\x65\x1e\x00\x00\xa4\x0e\x00\x30\x72\x0c\x0c\xff\x00\x00\xa0\x00\x48\x00\x00\x00\xd0\x4f\x00"
"\x23\x72\x06\x0c\x11\x00\x00\x00\x06\x00\x00\x00\x00\xe4\x0f\x00\x10\x78\x0d\x07\x02\x00\x00\x00\xff\xe0\xff\x07\x00\xc8\x0f\x00"
"\x0c\x72\x00\x0d\x02\x00\x00\x00\x70\x60\xf0\x03\x00\xd8\x0f\x00\x47\x09\x00\x00\x40\x01\x00\x00\x00\x00\x80\x03\x00\xea\x0f\x00"
"\x84\x79\x0d\x0a\x00\x08\x00\x00\x00\x18\x00\x00\x00\x22\x0e\x00\x08\x73\x11\x00\x28\x00\x00\x00\x00\x10\x00\x00\x00\x64\x0e\x00"
"\x23\x74\x0c\x11\x00\x00\x80\x3f\x28\x08\x00\x00\x00\xc8\x2f\x00\x23\x72\x0e\x11\x0c\x00\x00\x00\x11\x00\x00\x00\x00\xe4\x0f\x00"
"\x21\x72\x0d\x00\x0d\x00\x00\x00\x00\x01\x00\x00\x00\xca\x1f\x00\x0b\x78\x00\x0d\x00\x00\xfc\xc2\x00\xe0\xf0\x03\x00\xd8\x0f\x00"
"\x20\x88\x0d\x0d\x00\x00\x00\x3f\x00\x00\x40\x00\x00\xcc\x0f\x00\x08\x73\x0f\x00\x0d\x00\x00\x00\x00\x08\x00\x00\x00\x24\x0e\x00"
"\x20\x82\x0f\x0f\x0f\x00\x00\x00\x00\x00\x40\x00\x00\xc8\x1f\x00\x23\x72\x0c\x0e\x0f\x00\x00\x00\xff\x00\x00\x00\x00\xe4\x0f\x00"
"\x02\x73\x00\x0f\x28\x00\x00\x00\x00\x00\x00\x00\x00\x24\x0e\x00\x23\x72\x11\x0c\x28\x00\x00\x80\x0f\x00\x00\x00\x00\xc8\x0f\x00"
"\x23\x72\x11\x0e\x11\x00\x00\x00\x0c\x00\x00\x00\x00\xe2\x0f\x00\x47\x89\x00\x00\x30\x00\x00\x00\x00\x00\x80\x03\x00\xea\x1f\x00"
"\x02\x72\x10\x00\x0f\x00\x00\x00\x00\x0f\x00\x00\x00\xe4\x0f\x00\x02\x78\x0c\x00\x30\x1e\x00\x00\x00\x0f\x00\x00\x00\xc8\x0f\x00"
"\x44\x79\x00\x00\xd0\x08\x00\x00\x00\x00\xc0\x03\x00\xea\x0f\x00\x81\x73\x0c\x04\x00\x00\x00\x01\x00\x65\x1e\x00\x00\xa4\x0e\x00"
"\x30\x72\x0c\x0c\xff\x00\x00\xa0\x00\x48\x00\x00\x00\xd0\x4f\x00\x23\x72\x06\x0c\x11\x00\x00\x00\x06\x00\x00\x00\x00\xe4\x0f\x00"
"\x10\x78\x0d\x07\x03\x00\x00\x00\xff\xe0\xff\x07\x00\xc8\x0f\x00\x0c\x72\x00\x0d\x02\x00\x00\x00\x70\x60\xf0\x03\x00\xd8\x0f\x00"
"\x47\x09\x00\x00\x40\x01\x00\x00\x00\x00\x80\x03\x00\xea\x0f\x00\x84\x79\x0d\x0a\x00\x0c\x00\x00\x00\x18\x00\x00\x00\x22\x0e\x00"
"\x08\x73\x11\x00\x28\x00\x00\x00\x00\x10\x00\x00\x00\x64\x0e\x00\x23\x74\x0c\x11\x00\x00\x80\x3f\x28\x08\x00\x00\x00\xc8\x2f\x00"
"\x23\x72\x0e\x11\x0c\x00\x00\x00\x11\x00\x00\x00\x00\xe4\x0f\x00\x21\x72\x0d\x00\x0d\x00\x00\x00\x00\x01\x00\x00\x00\xca\x1f\x00"
"\x0b\x78\x00\x0d\x00\x00\xfc\xc2\x00\xe0\xf0\x03\x00\xd8\x0f\x00\x20\x88\x0d\x0d\x00\x00\x00\x3f\x00\x00\x40\x00\x00\xcc\x0f\x00"
"\x08\x73\x0f\x00\x0d\x00\x00\x00\x00\x08\x00\x00\x00\x24\x0e\x00\x20\x82\x0f\x0f\x0f\x00\x00\x00\x00\x00\x40\x00\x00\xc8\x1f\x00"
"\x23\x72\x0c\x0e\x0f\x00\x00\x00\xff\x00\x00\x00\x00\xe4\x0f\x00\x02\x73\x00\x0f\x28\x00\x00\x00\x00\x00\x00\x00\x00\x24\x0e\x00"
"\x23\x72\x11\x0c\x28\x00\x00\x80\x0f\x00\x00\x00\x00\xc8\x0f\x00\x23\x72\x11\x0e\x11\x00\x00\x00\x0c\x00\x00\x00\x00\xe2\x0f\x00"
"\x47\x89\x00\x00\x30\x00\x00\x00\x00\x00\x80\x03\x00\xea\x1f\x00\x24\x72\x10\xff\xff\x00\x00\x00\x0f\x00\x8e\x07\x00\xe2\x0f\x00"
"\x02\x78\x0c\x00\xa0\x1f\x00\x00\x00\x0f\x00\x00\x00\xc8\x0f\x00\x44\x79\x00\x00\x60\x07\x00\x00\x00\x00\xc0\x03\x00\xea\x0f\x00"
"\x81\x73\x0c\x04\x00\x00\x80\x01\x00\x65\x1e\x00\x00\xa4\x0e\x00\x30\x72\x0c\x0c\xff\x00\x00\xa0\x00\x48\x00\x00\x00\xd0\x4f\x00"
"\x23\x72\x06\x0c\x11\x00\x00\x00\x06\x00\x00\x00\x00\xe4\x0f\x00\x10\x78\x0d\x07\x04\x00\x00\x00\xff\xe0\xff\x07\x00\xc8\x0f\x00"
"\x0c\x72\x00\x0d\x02\x00\x00\x00\x70\x60\xf0\x03\x00\xd8\x0f\x00\x47\x09\x00\x00\x40\x01\x00\x00\x00\x00\x80\x03\x00\xea\x0f\x00"
"\x84\x79\x0d\x0a\x00\x10\x00\x00\x00\x18\x00\x00\x00\x22\x0e\x00\x08\x73\x11\x00\x28\x00\x00\x00\x00\x10\x00\x00\x00\x64\x0e\x00"
"\x23\x74\x0c\x11\x00\x00\x80\x3f\x28\x08\x00\x00\x00\xc8\x2f\x00\x23\x72\x0e\x11\x0c\x00\x00\x00\x11\x00\x00\x00\x00\xe4\x0f\x00"
"\x21\x72\x0d\x00\x0d\x00\x00\x00\x00\x01\x00\x00\x00\xca\x1f\x00\x0b\x78\x00\x0d\x00\x00\xfc\xc2\x00\xe0\xf0\x03\x00\xd8\x0f\x00"
"\x20\x88\x0d\x0d\x00\x00\x00\x3f\x00\x00\x40\x00\x00\xcc\x0f\x00\x08\x73\x0f\x00\x0d\x00\x00\x00\x00\x08\x00\x00\x00\x24\x0e\x00"
"\x20\x82\x0f\x0f\x0f\x00\x00\x00\x00\x00\x40\x00\x00\xc8\x1f\x00\x23\x72\x0c\x0e\x0f\x00\x00\x00\xff\x00\x00\x00\x00\xe4\x0f\x00"
"\x02\x73\x00\x0f\x28\x00\x00\x00\x00\x00\x00\x00\x00\x24\x0e\x00\x23\x72\x11\x0c\x28\x00\x00\x80\x0f\x00\x00\x00\x00\xc8\x0f\x00"
"\x23\x72\x11\x0e\x11\x00\x00\x00\x0c\x00\x00\x00\x00\xe2\x0f\x00\x47\x89\x00\x00\x30\x00\x00\x00\x00\x00\x80\x03\x00\xea\x1f\x00"
"\x02\x72\x10\x00\x0f\x00\x00\x00\x00\x0f\x00\x00\x00\xe4\x0f\x00\x02\x78\x0c\x00\x10\x21\x00\x00\x00\x0f\x00\x00\x00\xc8\x0f\x00"
"\x44\x79\x00\x00\xf0\x05\x00\x00\x00\x00\xc0\x03\x00\xea\x0f\x00\x81\x73\x0c\x04\x00\x00\x00\x02\x00\x65\x1e\x00\x00\xa4\x0e\x00"
"\x30\x72\x0c\x0c\xff\x00\x00\xa0\x00\x48\x00\x00\x00\xd0\x4f\x00\x23\x72\x06\x0c\x11\x00\x00\x00\x06\x00\x00\x00\x00\xe4\x0f\x00"
"\x10\x78\x0d\x07\x05\x00\x00\x00\xff\xe0\xff\x07\x00\xc8\x0f\x00\x0c\x72\x00\x0d\x02\x00\x00\x00\x70\x60\xf0\x03\x00\xd8\x0f\x00"
"\x47\x09\x00\x00\x40\x01\x00\x00\x00\x00\x80\x03\x00\xea\x0f\x00\x84\x79\x0d\x0a\x00\x14\x00\x00\x00\x18\x00\x00\x00\x22\x0e\x00"
"\x08\x73\x11\x00\x28\x00\x00\x00\x00\x10\x00\x00\x00\x64\x0e\x00\x23\x74\x0c\x11\x00\x00\x80\x3f\x28\x08\x00\x00\x00\xc8\x2f\x00"
"\x23\x72\x0e\x11\x0c\x00\x00\x00\x11\x00\x00\x00\x00\xe4\x0f\x00\x21\x72\x0d\x00\x0d\x00\x00\x00\x00\x01\x00\x00\x00\xca\x1f\x00"
"\x0b\x78\x00\x0d\x00\x00\xfc\xc2\x00\xe0\xf0\x03\x00\xd8\x0f\x00\x20\x88\x0d\x0d\x00\x00\x00\x3f\x00\x00\x40\x00\x00\xcc\x0f\x00"
"\x08\x73\x0f\x00\x0d\x00\x00\x00\x00\x08\x00\x00\x00\x24\x0e\x00\x20\x82\x0f\x0f\x0f\x00\x00\x00\x00\x00\x40\x00\x00\xc8\x1f\x00"
"\x23\x72\x0c\x0e\x0f\x00\x00\x00\xff\x00\x00\x00\x00\xe4\x0f\x00\x02\x73\x00\x0f\x28\x00\x00\x00\x00\x00\x00\x00\x00\x24\x0e\x00"
"\x23\x72\x11\x0c\x28\x00\x00\x80\x0f\x00\x00\x00\x00\xc8\x0f\x00\x23\x72\x11\x0e\x11\x00\x00\x00\x0c\x00\x00\x00\x00\xe2\x0f\x00"
"\x47\x89\x00\x00\x30\x00\x00\x00\x00\x00\x80\x03\x00\xea\x1f\x00\x02\x72\x10\x00\x0f\x00\x00\x00\x00\x0f\x00\x00\x00\xe4\x0f\x00"
"\x02\x78\x0c\x00\x80\x22\x00\x00\x00\x0f\x00\x00\x00\xc8\x0f\x00\x44\x79\x00\x00\x80\x04\x00\x00\x00\x00\xc0\x03\x00\xea\x0f\x00"
"\x81\x73\x0c\x04\x00\x00\x80\x02\x00\x65\x1e\x00\x00\xa4\x0e\x00\x30\x72\x0c\x0c\xff\x00\x00\xa0\x00\x48\x00\x00\x00\xd0\x4f\x00"
"\x23\x72\x06\x0c\x11\x00\x00\x00\x06\x00\x00\x00\x00\xe4\x0f\x00\x10\x78\x0d\x07\x06\x00\x00\x00\xff\xe0\xff\x07\x00\xc8\x0f\x00"
"\x0c\x72\x00\x0d\x02\x00\x00\x00\x70\x60\xf0\x03\x00\xd8\x0f\x00\x47\x09\x00\x00\x40\x01\x00\x00\x00\x00\x80\x03\x00\xea\x0f\x00"
"\x84\x79\x0d\x0a\x00\x18\x00\x00\x00\x18\x00\x00\x00\x22\x0e\x00\x08\x73\x11\x00\x28\x00\x00\x00\x00\x10\x00\x00\x00\x64\x0e\x00"
"\x23\x74\x0c\x11\x00\x00\x80\x3f\x28\x08\x00\x00\x00\xc8\x2f\x00\x23\x72\x0e\x11\x0c\x00\x00\x00\x11\x00\x00\x00\x00\xe4\x0f\x00"
"\x21\x72\x0d\x00\x0d\x00\x00\x00\x00\x01\x00\x00\x00\xca\x1f\x00\x0b\x78\x00\x0d\x00\x00\xfc\xc2\x00\xe0\xf0\x03\x00\xd8\x0f\x00"
"\x20\x88\x0d\x0d\x00\x00\x00\x3f\x00\x00\x40\x00\x00\xcc\x0f\x00\x08\x73\x0f\x00\x0d\x00\x00\x00\x00\x08\x00\x00\x00\x24\x0e\x00"
"\x20\x82\x0f\x0f\x0f\x00\x00\x00\x00\x00\x40\x00\x00\xc8\x1f\x00\x23\x72\x0c\x0e\x0f\x00\x00\x00\xff\x00\x00\x00\x00\xe4\x0f\x00"
"\x02\x73\x00\x0f\x28\x00\x00\x00\x00\x00\x00\x00\x00\x24\x0e\x00\x23\x72\x11\x0c\x28\x00\x00\x80\x0f\x00\x00\x00\x00\xc8\x0f\x00"
"\x23\x72\x11\x0e\x11\x00\x00\x00\x0c\x00\x00\x00\x00\xe2\x0f\x00\x47\x89\x00\x00\x30\x00\x00\x00\x00\x00\x80\x03\x00\xea\x1f\x00"
"\x02\x72\x10\x00\x0f\x00\x00\x00\x00\x0f\x00\x00\x00\xe4\x0f\x00\x02\x78\x0c\x00\xf0\x23\x00\x00\x00\x0f\x00\x00\x00\xc8\x0f\x00"
"\x44\x79\x00\x00\x10\x03\x00\x00\x00\x00\xc0\x03\x00\xea\x0f\x00\x81\x73\x0c\x04\x00\x00\x00\x03\x00\x65\x1e\x00\x00\xa4\x0e\x00"
"\x30\x72\x0c\x0c\xff\x00\x00\xa0\x00\x48\x00\x00\x00\xd0\x4f\x00\x23\x72\x06\x0c\x11\x00\x00\x00\x06\x00\x00\x00\x00\xe4\x0f\x00"
"\x10\x78\x0d\x07\x07\x00\x00\x00\xff\xe0\xff\x07\x00\xc8\x0f\x00\x0c\x72\x00\x0d\x02\x00\x00\x00\x70\x60\xf0\x03\x00\xd8\x0f\x00"
"\x47\x09\x00\x00\x40\x01\x00\x00\x00\x00\x80\x03\x00\xea\x0f\x00\x84\x79\x0d\x0a\x00\x1c\x00\x00\x00\x18\x00\x00\x00\x22\x0e\x00"
"\x08\x73\x11\x00\x28\x00\x00\x00\x00\x10\x00\x00\x00\x64\x0e\x00\x23\x74\x0c\x11\x00\x00\x80\x3f\x28\x08\x00\x00\x00\xc8\x2f\x00"
"\x23\x72\x0e\x11\x0c\x00\x00\x00\x11\x00\x00\x00\x00\xe4\x0f\x00\x21\x72\x0d\x00\x0d\x00\x00\x00\x00\x01\x00\x00\x00\xca\x1f\x00"
"\x0b\x78\x00\x0d\x00\x00\xfc\xc2\x00\xe0\xf0\x03\x00\xd8\x0f\x00\x20\x88\x0d\x0d\x00\x00\x00\x3f\x00\x00\x40\x00\x00\xcc\x0f\x00"
"\x08\x73\x0f\x00\x0d\x00\x00\x00\x00\x08\x00\x00\x00\x24\x0e\x00\x20\x82\x0f\x0f\x0f\x00\x00\x00\x00\x00\x40\x00\x00\xc8\x1f\x00"
"\x23\x72\x0c\x0e\x0f\x00\x00\x00\xff\x00\x00\x00\x00\xe4\x0f\x00\x02\x73\x00\x0f\x28\x00\x00\x00\x00\x00\x00\x00\x00\x24\x0e\x00"
"\x23\x72\x11\x0c\x28\x00\x00\x80\x0f\x00\x00\x00\x00\xc8\x0f\x00\x23\x72\x11\x0e\x11\x00\x00\x00\x0c\x00\x00\x00\x00\xe2\x0f\x00"
"\x47\x89\x00\x00\x30\x00\x00\x00\x00\x00\x80\x03\x00\xea\x1f\x00\x02\x72\x10\x00\x0f\x00\x00\x00\x00\x0f\x00\x00\x00\xe4\x0f\x00"
"\x02\x78\x0c\x00\x60\x25\x00\x00\x00\x0f\x00\x00\x00\xc8\x0f\x00\x44\x79\x00\x00\xa0\x01\x00\x00\x00\x00\xc0\x03\x00\xea\x0f\x00"
"\x81\x73\x04\x04\x00\x00\x80\x03\x00\x65\x1e\x00\x00\xa4\x0e\x00\x30\x72\x0c\x04\xff\x00\x00\xa0\x00\x48\x00\x00\x00\xd0\x4f\x00"
"\x23\x72\x06\x0c\x11\x00\x00\x00\x06\x00\x00\x00\x00\xe4\x0f\x00\x10\x78\x07\x07\x08\x00\x00\x00\xff\xe0\xff\x07\x00\xe4\x0f\x00"
"\x10\x78\x08\x08\x00\x00\x04\x00\xff\xe0\xf3\x07\x00\xe4\x0f\x00\x0c\x78\x00\x07\x28\x00\x00\x00\x70\x52\xf0\x03\x00\xe4\x0f\x00"
"\x10\x78\x0a\x0a\x20\x00\x00\x00\xff\xe0\xff\x07\x00\xe2\x0f\x00\x24\x72\x09\xff\xff\x00\x00\x00\x09\x06\x8e\x00\x00\xd2\x0f\x00"
"\x47\x09\x00\x00\x10\xf4\xff\xff\xff\xff\x83\x03\x00\xea\x0f\x00\x19\x79\x02\x00\x00\x00\x00\x00\x00\x25\x00\x00\x00\x24\x0e\x00"
"\x10\x72\x00\x03\x02\x00\x00\x00\xff\xe0\xff\x07\x00\xc8\x1f\x00\x0c\x78\x00\x00\x0f\x00\x00\x00\x70\x40\xf0\x03\x00\xd8\x0f\x00"
"\x4d\x09\x00\x00\x00\x00\x00\x00\x00\x00\x80\x03\x00\xea\x0f\x00\x19\x79\x04\x00\x00\x00\x00\x00\x00\x21\x00\x00\x00\x22\x0e\x00"
"\x19\x78\x00\xff\x1f\x00\x00\x00\x02\x14\x01\x00\x00\xe2\x0f\x00\x04\x73\x07\x00\x06\x00\x00\x00\x00\x08\x20\x00\x00\x62\x0e\x00"
"\x10\x72\x09\x03\x02\x00\x00\x00\xff\xe0\xf1\x07\x00\xc8\x0f\x00\x11\x72\x03\x03\x00\x00\x00\x00\xff\x0e\x0f\x00\x00\xe4\x0f\x00"
"\x19\x78\x05\xff\x1f\x00\x00\x00\x04\x14\x01\x00\x00\xca\x1f\x00\x25\x78\x04\x2c\x80\x00\x00\x00\x04\x02\x8e\x07\x00\xca\x0f\x00"
"\x11\x72\x00\x09\x04\x00\x00\x00\xff\x50\x80\x07\x00\xc8\x0f\x00\x11\x72\x05\x09\x05\x00\x00\x00\x03\x54\x0f\x00\x00\xe4\x0f\x00"
"\x11\x7a\x02\x00\x00\x58\x00\x00\xff\x08\x80\x07\x00\xc8\x0f\x00\x11\x7a\x03\x00\x00\x59\x00\x00\x05\x0c\x0f\x00\x00\xd0\x0f\x00"
"\x86\x73\x00\x02\x07\x00\x00\x00\x00\xe5\x10\x00\x00\xe2\x2f\x00\x4d\x79\x00\x00\x00\x00\x00\x00\x00\x00\x80\x03\x00\xea\x0f\x00"
"\x89\xf3\xff\xff\xff\x00\x00\x00\xff\x00\x0e\x00\x00\xe2\x0f\x00\x19\x78\x0e\xff\x17\x00\x00\x00\x28\x16\x01\x00\x00\xe4\x0f\x00"
"\x19\x78\x0d\xff\x17\x00\x00\x00\x10\x16\x01\x00\x00\xe4\x0f\x00\x12\x78\x15\x0e\xff\x00\x00\x00\xff\xc0\x8e\x07\x00\xe4\x0f\x00"
"\x12\x78\x13\x0d\xff\x00\x00\x00\xff\xc0\x8e\x07\x00\xe4\x0f\x00\x10\x78\x12\x15\xff\xff\xff\xff\xff\xe0\xff\x07\x00\xe4\x0f\x00"
"\x10\x78\x11\x13\xff\xff\xff\xff\xff\xe0\xff\x07\x00\xc4\x0f\x00\x0c\x78\x00\x12\xfd\x00\x00\x00\x70\x40\xf0\x03\x00\xe4\x0f\x00"
"\x02\x72\x0d\x00\x10\x00\x00\x00\x00\x0f\x00\x00\x00\xe4\x0f\x00\x0c\x78\x00\x11\xfd\x00\x00\x00\x70\x44\x70\x00\x00\xe4\x0f\x00"
"\x02\x72\x0e\x00\x28\x00\x00\x00\x00\x0f\x00\x00\x00\xd4\x0f\x00\x02\x82\x0f\x00\xff\x00\x00\x00\x00\x0f\x00\x00\x00\xe2\x0f\x00"
"\x47\x89\x00\x00\x70\x01\x00\x00\x00\x00\x80\x03\x00\xea\x0f\x00\x0b\x78\x00\x10\x00\x00\x80\x7f\x00\xc2\xf1\x03\x00\xe4\x0f\x00"
"\x0b\x78\x00\x28\x00\x00\x80\x7f\x00\xc2\xf3\x03\x00\xc8\x0f\x00\x1c\x78\x00\x00\x00\x00\x00\x00\x70\x35\x70\x00\x00\xd8\x0f\x00"
"\x47\x09\x00\x00\x10\x05\x00\x00\x00\x00\x80\x03\x00\xea\x0f\x00\x12\x78\xff\x0e\xff\xff\xff\x7f\x0d\xc8\x80\x07\x00\xd8\x0f\x00"
"\x47\x89\x00\x00\xd0\x04\x00\x00\x00\x00\x80\x03\x00\xea\x0f\x00\x0b\x78\x00\x10\x00\x00\x80\x7f\x00\xd2\xf1\x03\x00\xe4\x0f\x00"
"\x0b\x78\x00\x28\x00\x00\x80\x7f\x00\xd2\xf5\x03\x00\xe4\x0f\x00\x0b\x78\x00\x10\x00\x00\x80\x7f\x00\xd2\xf3\x03\x00\xd4\x0f\x00"
"\x47\xa9\x00\x00\x90\x04\x00\x00\x00\x00\x00\x04\x00\xea\x0f\x00\x12\x78\xff\x0d\xff\xff\xff\x7f\xff\xc0\x80\x07\x00\xc8\x0f\x00"
"\x1c\x78\x00\x00\x00\x00\x00\x00\x72\x05\x70\x01\x00\xd8\x0f\x00\x47\x09\x00\x00\x40\x04\x00\x00\x00\x00\x80\x03\x00\xea\x0f\x00"
"\x12\x78\xff\x0e\xff\xff\xff\x7f\xff\xc0\x80\x07\x00\xc8\x0f\x00\x1c\x78\x00\x00\x00\x00\x00\x00\x72\x05\xf0\x00\x00\xd8\x0f\x00"
"\x47\x09\x00\x00\xe0\x03\x00\x00\x00\x00\x80\x03\x00\xea\x0f\x00\x0c\x72\x00\x11\xff\x00\x00\x00\x70\x62\xf0\x03\x00\xe4\x0f\x00"
"\x0c\x72\x00\x12\xff\x00\x00\x00\x70\x62\xf2\x03\x00\xd4\x0f\x00\x24\x02\x0f\xff\xff\x00\x00\x00\xff\x00\x8e\x07\x00\xe4\x0f\x00"
"\x23\x88\x0d\x10\x00\x00\x80\x5f\xff\x00\x00\x00\x00\xe4\x0f\x00\x23\x98\x0e\x28\x00\x00\x80\x5f\xff\x00\x00\x00\x00\xe2\x0f\x00"
"\x02\x88\x0f\x00\xc0\xff\xff\xff\x00\x0f\x00\x00\x00\xc8\x0f\x00\x10\x98\x0f\x0f\x40\x00\x00\x00\xff\xe0\xff\x07\x00\xe4\x0f\x00"
"\x11\x78\x11\x15\x00\x00\x80\xc0\xff\xb8\x8e\x07\x00\xc8\x0f\x00\x10\x72\x11\x11\x0e\x00\x00\x00\xff\xe1\xff\x07\x00\xe4\x0f\x00"
"\x10\x78\x0e\x13\x81\xff\xff\xff\xff\xe0\xff\x07\x00\xc6\x0f\x00\x21\x72\x12\x11\xff\x00\x00\x80\x00\x01\x01\x00\x00\xe2\x0f\x00"
"\x08\x73\x10\x00\x11\x00\x00\x00\x00\x10\x00\x00\x00\x22\x0e\x00\x24\x78\x0d\x0e\x00\x00\x80\xff\x0d\x02\x8e\x07\x00\xe2\x0f\x04"
"\x10\x78\x0e\x0e\x7f\x00\x00\x00\x15\xe8\xff\x07\x00\xc8\x0f\x00\x10\x72\x0e\x0e\x0f\x00\x00\x00\xff\xe0\xff\x07\x00\xe2\x0f\x00"
"\x23\x74\x13\x10\x00\x00\x80\x3f\x12\x00\x00\x00\x00\xc8\x1f\x00\x23\x72\x14\x10\x13\x00\x00\x00\x10\x00\x00\x00\x00\xc8\x0f\x00"
"\x23\x72\x10\x0d\x14\x00\x00\x00\xff\x00\x00\x00\x00\xc8\x0f\x00\x23\x72\x13\x12\x10\x00\x00\x00\x0d\x00\x00\x00\x00\xc8\x0f\x00"
"\x23\x72\x13\x14\x13\x00\x00\x00\x10\x00\x00\x00\x00\xc8\x0f\x00\x23\x72\x12\x12\x13\x00\x00\x00\x0d\x00\x00\x00\x00\xc8\x0f\x00"
"\x23\x72\x10\x14\x12\x00\x00\x00\x13\x00\x00\x00\x00\xca\x0f\x00\x19\x78\x0d\xff\x17\x00\x00\x00\x10\x16\x01\x00\x00\xc8\x0f\x00"
"\x12\x78\x0d\x0d\xff\x00\x00\x00\xff\xc0\x8e\x07\x00\xc8\x0f\x00\x10\x72\x11\x0d\x0e\x00\x00\x00\xff\xe0\xff\x07\x00\xc8\x0f\x00"
"\x10\x78\x0d\x11\xff\xff\xff\xff\xff\xe0\xff\x07\x00\xc8\x0f\x00\x0c\x78\x00\x0d\xfe\x00\x00\x00\x70\x60\xf0\x03\x00\xd8\x0f\x00"
"\x47\x89\x00\x00\x00\x02\x00\x00\x00\x00\x80\x03\x00\xea\x0f\x00\x0c\x78\x00\x11\xfe\x00\x00\x00\x70\x42\xf0\x03\x00\xd8\x0f\x00"
"\x47\x09\x00\x00\xb0\x01\x00\x00\x00\x00\x80\x03\x00\xea\x0f\x00\x0c\x78\x00\x11\x01\x00\x00\x00\x70\x62\xf0\x03\x00\xd8\x0f\x00"
"\x47\x09\x00\x00\x60\x02\x00\x00\x00\x00\x80\x03\x00\xea\x0f\x00\x0c\x78\x00\x11\xe8\xff\xff\xff\x70\x62\xf0\x03\x00\xe4\x0f\x00"
"\x12\x78\x10\x10\x00\x00\x00\x80\xff\xc0\x8e\x07\x00\xd4\x0f\x00\x47\x89\x00\x00\x30\x02\x00\x00\x00\x00\x80\x03\x00\xea\x0f\x00"
"\x23\x72\x0d\x14\x12\x00\x00\x00\x13\xc0\x00\x00\x00\xe2\x0f\x1c\x0c\x72\x00\x11\xff\x00\x00\x00\x70\x52\xf4\x03\x00\xe2\x0f\x04"
"\x23\x72\x0e\x14\x12\x00\x00\x00\x13\x40\x00\x00\x00\xe2\x0f\x1c\x0c\x72\x00\x11\xff\x00\x00\x00\x70\x52\xf2\x03\x00\xe4\x0f\x00"
"\x12\x78\x0f\x0d\xff\xff\x7f\x00\xff\xc0\x8e\x07\x00\xe2\x0f\x00\x23\x72\x0d\x14\x12\x00\x00\x00\x13\x80\x00\x00\x00\xe2\x0f\x00"
"\x10\x78\x12\x11\x20\x00\x00\x00\xff\xe0\xff\x07\x00\xe2\x0f\x00\x24\x72\x11\xff\xff\x00\x00\x00\x11\x0a\x8e\x07\x00\xe2\x0f\x00"
"\x12\x78\x0f\x0f\x00\x00\x80\x00\xff\xfc\x8e\x07\x00\xe4\x0f\x00\x0b\x72\x00\x0d\x0e\x00\x00\x00\x00\xd0\xf1\x03\x00\xc4\x0f\x00"
"\x19\x72\x12\x0f\x12\x00\x00\x00\xff\x06\x00\x00\x00\xe4\x0f\x00\x07\x72\x0e\x11\xff\x00\x00\x00\x00\x00\x00\x01\x00\xe4\x0f\x00"
"\x0c\x72\x00\x12\xff\x00\x00\x00\x70\x52\xf2\x00\x00\xe4\x0f\x00\x19\x72\x0e\xff\x0e\x00\x00\x00\x0f\x16\x01\x00\x00\xe4\x0f\x00"
"\x1c\x78\x00\x00\x00\x00\x00\x00\x70\x35\x70\x00\x00\xe4\x0f\x00\x19\x78\x12\xff\x01\x00\x00\x00\x0e\x16\x01\x00\x00\xc4\x0f\x00"
"\x07\x78\x0d\xff\x01\x00\x00\x00\x00\x00\x00\x04\x00\xc8\x0f\x00\x12\x78\x0d\x0d\x01\x00\x00\x00\x12\xf8\x8e\x07\x00\xc8\x0f\x00"
"\x12\x72\x0d\x0d\x0e\x00\x00\x00\xff\xc0\x8e\x07\x00\xc8\x0f\x00\x10\x72\x0d\x12\x0d\x00\x00\x00\xff\xe0\xff\x07\x00\xc8\x0f\x00"
"\x12\x72\x10\x0d\x10\x00\x00\x00\xff\xfc\x8e\x07\x00\xe2\x0f\x00\x47\x79\x00\x00\xd0\x00\x00\x00\x00\x00\x80\x03\x00\xea\x0f\x00"
"\x12\x78\x10\x10\x00\x00\x00\x80\xff\xc0\x8e\x07\x00\xc8\x0f\x00\x12\x78\x10\x10\x00\x00\x80\x7f\xff\xfc\x8e\x07\x00\xe2\x0f\x00"
"\x47\x79\x00\x00\xa0\x00\x00\x00\x00\x00\x80\x03\x00\xea\x0f\x00\x11\x72\x10\x0e\x10\x00\x00\x00\xff\xb8\x8e\x07\x00\xe2\x0f\x00"
"\x47\x79\x00\x00\x80\x00\x00\x00\x00\x00\x80\x03\x00\xea\x0f\x00\x12\x78\x0d\x0e\x00\x00\x00\x80\x0d\x48\x8e\x07\x00\xc8\x0f\x00"
"\x12\x78\x10\x0d\x00\x00\x80\x7f\xff\xfc\x8e\x07\x00\xe2\x0f\x00\x47\x79\x00\x00\x50\x00\x00\x00\x00\x00\x80\x03\x00\xea\x0f\x00"
"\x12\x78\x10\x0e\x00\x00\x00\x80\x0d\x48\x8e\x07\x00\xe2\x0f\x00\x47\x79\x00\x00\x30\x00\x00\x00\x00\x00\x80\x03\x00\xea\x0f\x00"
"\x08\x79\x10\x00\x00\x00\xc0\xff\x00\x14\x00\x00\x00\x22\x0e\x00\x47\x79\x00\x00\x10\x00\x00\x00\x00\x00\x80\x03\x00\xea\x0f\x00"
"\x21\x72\x10\x10\x28\x00\x00\x00\x00\x00\x01\x00\x00\xc6\x0f\x00\x02\x78\x0d\x00\x00\x00\x00\x00\x00\x0f\x00\x00\x00\xe4\x0f\x00"
"\x02\x72\x11\x00\x10\x00\x00\x00\x00\x0f\x00\x00\x00\xc8\x1f\x00\x50\x79\x00\x0c\xa0\xd2\xff\xff\xff\xff\xc3\x03\x00\xea\x0f\x00"
"\x47\x79\x00\x00\xf0\xff\xff\xff\xff\xff\x83\x03\x00\xc0\x0f\x00\x18\x79\x00\x00\x00\x00\x00\x00\x00\x00\x00\x00\x00\xc0\x0f\x00"
"\x00\x00\x00\x00\x00\x00\x00\x00\x00\x00\x00\x00\x00\x00\x00\x00\x00\x00\x00\x00\x00\x00\x00\x00\x00\x00\x00\x00\x00\x00\x00\x00"
"\x00\x00\x00\x00\x00\x00\x00\x00\x00\x00\x00\x00\x00\x00\x00\x00\x00\x00\x00\x00\x00\x00\x00\x00\x00\x00\x00\x00\x00\x00\x00\x00"
"\x00\x00\x00\x00\x00\x00\x00\x00\x00\x00\x00\x00\x00\x00\x00\x00\x00\x00\x00\x00\x00\x00\x00\x00\x00\x00\x00\x00\x00\x00\x00\x00"
"\x00\x00\x00\x00\x00\x00\x00\x00\x00\x00\x00\x00\x00\x00\x00\x00\x00\x00\x00\x00\x00\x00\x00\x00\x00\x00\x00\x00\x00\x00\x00\x00"
"\x00\x00\x00\x00\x00\x00\x00\x00\x00\x00\x00\x00\x00\x00\x00\x00\x00\x00\x00\x00\x00\x00\x00\x00\x00\x00\x00\x00\x00\x00\x00\x00"
"\x00\x00\x00\x00\x00\x00\x00\x00\x00\x00\x00\x00\x00\x00\x00\x00\x00\x00\x00\x00\x00\x00\x00\x00\x00\x00\x00\x00\x00\x00\x00\x00"
"\x00\x00\x00\x00\x00\x00\x00\x00\x00\x00\x00\x00\x00\x00\x00\x00\x00\x00\x00\x00\x00\x00\x00\x00\x00\x00\x00\x00\x00\x00\x00\x00"
"\x00\x00\x00\x00\x00\x00\x00\x00\x00\x00\x00\x00\x00\x00\x00\x00\x00\x00\x00\x00\x00\x00\x00\x00\x00\x00\x00\x00\x00\x00\x00\x00"
"\x00\x00\x00\x00\x00\x00\x00\x00\x00\x00\x00\x00\x00\x00\x00\x00\x00\x00\x00\x00\x00\x00\x00\x00\x00\x00\x00\x00\x00\x00\x00\x00"
"\x00\x00\x00\x00\x00\x00\x00\x00\x00\x00\x00\x00\x00\x00\x00\x00\x00\x00\x00\x00\x00\x00\x00\x00\x00\x00\x00\x00\x00\x00\x00\x00"
"\x00\x00\x00\x00\x00\x00\x00\x00\x00\x00\x00\x00\x00\x00\x00\x00\x00\x00\x00\x00\x00\x00\x00\x00\x00\x00\x00\x00\x00\x00\x00\x00"
"\x00\x00\x00\x00\x00\x00\x00\x00\x00\x00\x00\x00\x00\x00\x00\x00\x00\x00\x00\x00\x00\x00\x00\x00\x00\x00\x00\x00\x00\x00\x00\x00"
"\x00\x00\x00\x00\x00\x00\x00\x00\x00\x00\x00\x00\x00\x00\x00\x00\x00\x00\x00\x00\x00\x00\x00\x00\x00\x00\x00\x00\x00\x00\x00\x00"
"\x00\x00\x00\x00\x00\x00\x00\x00\x00\x00\x00\x00\x00\x00\x00\x00\x00\x00\x00\x00\x00\x00\x00\x00\x00\x00\x00\x00\x00\x00\x00\x00"
"\x00\x00\x00\x00\x00\x00\x00\x00\x00\x00\x00\x00\x00\x00\x00\x00\x00\x00\x00\x00\x00\x00\x00\x00\x00\x00\x00\x00\x00\x00\x00\x00"
"\x00\x00\x00\x00\x00\x00\x00\x00\x00\x00\x00\x00\x00\x00\x00\x00\x00\x00\x00\x00\x00\x00\x00\x00\x00\x00\x00\x00\x00\x00\x00\x00"
"\x00\x00\x00\x00\x00\x00\x00\x00\x00\x00\x00\x00\x00\x00\x00\x00\x00\x00\x00\x00\x00\x00\x00\x00\x00\x00\x00\x00\x00\x00\x00\x00"
"\x00\x00\x00\x00\x00\x00\x00\x00\x00\x00\x00\x00\x00\x00\x00\x00\x00\x00\x00\x00\x00\x00\x00\x00\x00\x00\x00\x00\x00\x00\x00\x00"
"\x01\x00\x00\x00\x03\x00\x00\x00\x00\x00\x00\x00\x00\x00\x00\x00\x00\x00\x00\x00\x00\x00\x00\x00\x40\x00\x00\x00\x00\x00\x00\x00"
"\x2e\x01\x00\x00\x00\x00\x00\x00\x00\x00\x00\x00\x00\x00\x00\x00\x01\x00\x00\x00\x00\x00\x00\x00\x00\x00\x00\x00\x00\x00\x00\x00"
"\x0b\x00\x00\x00\x03\x00\x00\x00\x00\x00\x00\x00\x00\x00\x00\x00\x00\x00\x00\x00\x00\x00\x00\x00\x6e\x01\x00\x00\x00\x00\x00\x00"
"\x40\x04\x00\x00\x00\x00\x00\x00\x00\x00\x00\x00\x00\x00\x00\x00\x01\x00\x00\x00\x00\x00\x00\x00\x00\x00\x00\x00\x00\x00\x00\x00"
"\x13\x00\x00\x00\x02\x00\x00\x00\x00\x00\x00\x00\x00\x00\x00\x00\x00\x00\x00\x00\x00\x00\x00\x00\xb0\x05\x00\x00\x00\x00\x00\x00"
"\xe0\x01\x00\x00\x00\x00\x00\x00\x02\x00\x00\x00\x13\x00\x00\x00\x08\x00\x00\x00\x00\x00\x00\x00\x18\x00\x00\x00\x00\x00\x00\x00"
"\xc1\x00\x00\x00\x01\x00\x00\x00\x00\x00\x00\x00\x00\x00\x00\x00\x00\x00\x00\x00\x00\x00\x00\x00\x90\x07\x00\x00\x00\x00\x00\x00"
"\xe0\x00\x00\x00\x00\x00\x00\x00\x00\x00\x00\x00\x00\x00\x00\x00\x01\x00\x00\x00\x00\x00\x00\x00\x00\x00\x00\x00\x00\x00\x00\x00"
"\x29\x00\x00\x00\x00\x00\x00\x70\x00\x00\x00\x00\x00\x00\x00\x00\x00\x00\x00\x00\x00\x00\x00\x00\x70\x08\x00\x00\x00\x00\x00\x00"
"\x30\x00\x00\x00\x00\x00\x00\x00\x03\x00\x00\x00\x00\x00\x00\x00\x04\x00\x00\x00\x00\x00\x00\x00\x00\x00\x00\x00\x00\x00\x00\x00"
"\x44\x00\x00\x00\x00\x00\x00\x70\x40\x00\x00\x00\x00\x00\x00\x00\x00\x00\x00\x00\x00\x00\x00\x00\xa0\x08\x00\x00\x00\x00\x00\x00"
"\xac\x00\x00\x00\x00\x00\x00\x00\x03\x00\x00\x00\x0d\x00\x00\x00\x04\x00\x00\x00\x00\x00\x00\x00\x00\x00\x00\x00\x00\x00\x00\x00"
"\x03\x01\x00\x00\x01\x00\x00\x70\x00\x00\x00\x00\x00\x00\x00\x00\x00\x00\x00\x00\x00\x00\x00\x00\x4c\x09\x00\x00\x00\x00\x00\x00"
"\x20\x00\x00\x00\x00\x00\x00\x00\x03\x00\x00\x00\x00\x00\x00\x00\x04\x00\x00\x00\x00\x00\x00\x00\x08\x00\x00\x00\x00\x00\x00\x00"
"\x1f\x01\x00\x00\x0b\x00\x00\x70\x00\x00\x00\x00\x00\x00\x00\x00\x00\x00\x00\x00\x00\x00\x00\x00\x70\x09\x00\x00\x00\x00\x00\x00"
"\x10\x00\x00\x00\x00\x00\x00\x00\x00\x00\x00\x00\x00\x00\x00\x00\x08\x00\x00\x00\x00\x00\x00\x00\x08\x00\x00\x00\x00\x00\x00\x00"
"\xce\x00\x00\x00\x09\x00\x00\x00\x40\x00\x00\x00\x00\x00\x00\x00\x00\x00\x00\x00\x00\x00\x00\x00\x80\x09\x00\x00\x00\x00\x00\x00"
"\xa0\x00\x00\x00\x00\x00\x00\x00\x03\x00\x00\x00\x0b\x00\x00\x00\x08\x00\x00\x00\x00\x00\x00\x00\x10\x00\x00\x00\x00\x00\x00\x00"
"\xe0\x00\x00\x00\x09\x00\x00\x00\x40\x00\x00\x00\x00\x00\x00\x00\x00\x00\x00\x00\x00\x00\x00\x00\x20\x0a\x00\x00\x00\x00\x00\x00"
"\x30\x00\x00\x00\x00\x00\x00\x00\x03\x00\x00\x00\x04\x00\x00\x00\x08\x00\x00\x00\x00\x00\x00\x00\x10\x00\x00\x00\x00\x00\x00\x00"
"\x7b\x00\x00\x00\x01\x00\x00\x00\x02\x00\x00\x00\x00\x00\x00\x00\x00\x00\x00\x00\x00\x00\x00\x00\x50\x0a\x00\x00\x00\x00\x00\x00"
"\x50\x00\x00\x00\x00\x00\x00\x00\x00\x00\x00\x00\x00\x00\x00\x00\x08\x00\x00\x00\x00\x00\x00\x00\x00\x00\x00\x00\x00\x00\x00\x00"
"\x89\x00\x00\x00\x01\x00\x00\x00\x42\x00\x00\x00\x00\x00\x00\x00\x00\x00\x00\x00\x00\x00\x00\x00\xa0\x0a\x00\x00\x00\x00\x00\x00"
"\x88\x01\x00\x00\x00\x00\x00\x00\x00\x00\x00\x00\x0d\x00\x00\x00\x04\x00\x00\x00\x00\x00\x00\x00\x00\x00\x00\x00\x00\x00\x00\x00"
"\x32\x00\x00\x00\x01\x00\x00\x00\x06\x00\x10\x00\x00\x00\x00\x00\x00\x00\x00\x00\x00\x00\x00\x00\x80\x0c\x00\x00\x00\x00\x00\x00"
"\x80\x2d\x00\x00\x00\x00\x00\x00\x03\x00\x00\x00\x13\x00\x00\x32\x80\x00\x00\x00\x00\x00\x00\x00\x00\x00\x00\x00\x00\x00\x00\x00"
"\x59\x00\x00\x00\x08\x00\x00\x00\x43\x00\x00\x00\x00\x00\x00\x00\x00\x00\x00\x00\x00\x00\x00\x00\x00\x3c\x00\x00\x00\x00\x00\x00"
"\x00\x00\x00\x00\x00\x00\x00\x00\x00\x00\x00\x00\x0d\x00\x00\x00\x00\x04\x00\x00\x00\x00\x00\x00\x00\x00\x00\x00\x00\x00\x00\x00"
"\x70\x00\x00\x00\x08\x00\x00\x00\x03\x00\x00\x00\x00\x00\x00\x00\x00\x00\x00\x00\x00\x00\x00\x00\x00\x3c\x00\x00\x00\x00\x00\x00"
"\x0a\x00\x00\x00\x00\x00\x00\x00\x00\x00\x00\x00\x00\x00\x00\x00\x01\x00\x00\x00\x00\x00\x00\x00\x00\x00\x00\x00\x00\x00\x00\x00"
"\x06\x00\x00\x00\x05\x00\x00\x00\x00\x40\x00\x00\x00\x00\x00\x00\x00\x00\x00\x00\x00\x00\x00\x00\x00\x00\x00\x00\x00\x00\x00\x00"
"\xe0\x00\x00\x00\x00\x00\x00\x00\xe0\x00\x00\x00\x00\x00\x00\x00\x08\x00\x00\x00\x00\x00\x00\x00\x01\x00\x00\x00\x05\x00\x00\x00"
"\x50\x0a\x00\x00\x00\x00\x00\x00\x00\x00\x00\x00\x00\x00\x00\x00\x00\x00\x00\x00\x00\x00\x00\x00\xb0\x2f\x00\x00\x00\x00\x00\x00"
"\xb0\x2f\x00\x00\x00\x00\x00\x00\x08\x00\x00\x00\x00\x00\x00\x00\x01\x00\x00\x00\x06\x00\x00\x00\x00\x3c\x00\x00\x00\x00\x00\x00"
"\x00\x00\x00\x00\x00\x00\x00\x00\x00\x00\x00\x00\x00\x00\x00\x00\x00\x00\x00\x00\x00\x00\x00\x00\x0a\x00\x00\x00\x00\x00\x00\x00"
"\x08\x00\x00\x00\x00\x00\x00\x00\x01\x00\x00\x00\x05\x00\x00\x00\x00\x40\x00\x00\x00\x00\x00\x00\x00\x00\x00\x00\x00\x00\x00\x00"
"\x00\x00\x00\x00\x00\x00\x00\x00\xe0\x00\x00\x00\x00\x00\x00\x00\xe0\x00\x00\x00\x00\x00\x00\x00\x08\x00\x00\x00\x00\x00\x00\x00";
